x,y,charge
-9.151857111289242E-01,-8.450919938635068E-01,  1.0
-8.200000000000000E-01,-8.618181818181818E-01, -1.0
-9.200000000000000E-01,-8.436363636363636E-01,  1.0
-8.300237025913401E-01,-8.654545454545455E-01, -1.0
-9.073969521887356E-01,-8.472727272727273E-01,  1.0
-8.600000000000000E-01,-7.490909090909090E-01, -1.0
-9.134611169926747E-01,-8.309090909090909E-01,  1.0
-8.470976528723556E-01,-7.428886892970692E-01, -1.0
-9.045937493080169E-01,-8.345454545454546E-01,  1.0
-8.600000000000000E-01,-7.363636363636363E-01, -1.0
-9.810686549732032E-01,-8.121722065629187E-01,  1.0
-8.600000000000000E-01,-7.400000000000000E-01, -1.0
-9.600000000000001E-01,-6.180590760596214E-01,  1.0
-8.200000000000000E-01,-6.636363636363636E-01, -1.0
-9.600000000000001E-01,-6.254545454545454E-01,  1.0
-8.547257213113638E-01,-6.756709500560341E-01, -1.0
-8.788953745515249E-01,-5.490909090909091E-01,  1.0
-8.400000000000000E-01,-6.698486654692073E-01, -1.0
-8.802868514677002E-01,-5.432723168233171E-01,  1.0
-8.870610489363235E-01,-6.448653790058155E-01, -1.0
-8.983614471329624E-01,-5.362250055889081E-01,  1.0
-8.032702446026673E-01,-4.781818181818182E-01, -1.0
-9.000000000000000E-01,-5.199999999999999E-01,  1.0
-8.600000000000000E-01,-4.218181818181817E-01, -1.0
-9.000000000000000E-01,-5.236363636363637E-01,  1.0
-8.400000000000000E-01,-4.054545454545454E-01, -1.0
-9.368004603302176E-01,-4.195953478403999E-01,  1.0
-8.400000000000000E-01,-3.890909090909090E-01, -1.0
-9.391478983762745E-01,-4.258433524043346E-01,  1.0
-8.407166141056999E-01,-3.927272727272727E-01, -1.0
-9.900000000000000E-01,-3.954382826138232E-01,  1.0
-8.600000000000000E-01,-3.849545115864871E-01, -1.0
-8.633974104529784E-01,-2.611426112481789E-01,  1.0
-9.800000000000001E-01,-2.772545104643307E-01, -1.0
-8.600000000000000E-01,-2.618181818181817E-01,  1.0
-9.800000000000000E-01,-2.689901815520082E-01, -1.0
-8.505773270591492E-01,-2.730983280869150E-01,  1.0
-9.621613358981675E-01,-2.310428584455957E-01, -1.0
-8.895591070670874E-01,-1.890909090909090E-01,  1.0
-9.829217680280135E-01,-2.674046473104404E-01, -1.0
-9.060472598497846E-01,-1.727272727272726E-01,  1.0
-8.800000000000000E-01,-8.714800838398831E-02, -1.0
-8.901845884856572E-01,-1.823460289340259E-01,  1.0
-8.534473578610624E-01,-3.818181818181812E-02, -1.0
-9.138803271201517E-01,-1.690243612833582E-01,  1.0
-8.800000000000000E-01,-4.075000941485243E-02, -1.0
-9.400000000000001E-01,-1.436363636363635E-01,  1.0
-8.600000000000000E-01,-4.364602813210573E-02, -1.0
-9.600000000000001E-01,-1.272727272727271E-01,  1.0
-8.650833127800871E-01, 3.090909090909102E-02, -1.0
-9.900000000000000E-01,-9.090909090909080E-02,  1.0
-8.800000000000000E-01, 2.393486093632060E-02, -1.0
-9.900000000000000E-01, 1.214574024728572E-01,  1.0
-8.800000000000000E-01, 2.363636363636375E-02, -1.0
-8.200000000000000E-01, 1.218181818181819E-01,  1.0
-8.800000000000000E-01, 2.739491608414596E-02, -1.0
-9.714444338266560E-01, 1.981818181818184E-01,  1.0
-8.831283626286516E-01, 3.636363636363651E-02, -1.0
-9.583334395498281E-01, 2.145454545454547E-01,  1.0
-9.140131924808241E-01, 1.127272727272728E-01, -1.0
-8.600000000000000E-01, 2.509090909090911E-01,  1.0
-9.200000000000000E-01, 1.279419276747626E-01, -1.0
-8.569963613479361E-01, 2.448431388644828E-01,  1.0
-9.557471322999055E-01, 2.854545454545456E-01, -1.0
-8.489936884177830E-01, 2.436363636363638E-01,  1.0
-9.600000000000001E-01, 2.725221067536135E-01, -1.0
-8.657926507091466E-01, 3.000000000000002E-01,  1.0
-9.618697915551223E-01, 2.980713758782421E-01, -1.0
-8.600000000000000E-01, 3.563636363636365E-01,  1.0
-9.667913697157533E-01, 2.945454545454547E-01, -1.0
-8.800000000000000E-01, 3.678229530570917E-01,  1.0
-9.900000000000000E-01, 4.509090909090911E-01, -1.0
-8.702054933820733E-01, 3.690909090909092E-01,  1.0
-8.915764925307121E-01, 4.303554515176912E-01, -1.0
-8.828368827087022E-01, 4.851196633067717E-01,  1.0
-9.400000000000001E-01, 4.684619513240526E-01, -1.0
-8.600000000000000E-01, 4.818181818181819E-01,  1.0
-8.792072532895268E-01, 5.800000000000003E-01, -1.0
-8.686619068821724E-01, 4.781818181818184E-01,  1.0
-8.773191495425783E-01, 5.963636363636367E-01, -1.0
-8.600000000000000E-01, 4.862794703500164E-01,  1.0
-8.775405425865640E-01, 5.983364873434871E-01, -1.0
-9.900000000000000E-01, 5.109090909090910E-01,  1.0
-8.786203822303509E-01, 5.978823912824822E-01, -1.0
-9.900000000000000E-01, 6.472727272727274E-01,  1.0
-8.800000000000000E-01, 6.054545454545456E-01, -1.0
-9.900000000000000E-01, 6.385421919268567E-01,  1.0
-8.679181665342215E-01, 6.015661693173644E-01, -1.0
-8.442039900765946E-01, 6.690935681012022E-01,  1.0
-9.200000000000000E-01, 7.234684823951893E-01, -1.0
-8.335695814422330E-01, 6.763636363636365E-01,  1.0
-9.200000000000000E-01, 7.345454545454547E-01, -1.0
-8.524247971509449E-01, 8.127272727272730E-01,  1.0
-9.200000000000000E-01, 7.167661292204738E-01, -1.0
-8.600000000000000E-01, 8.090909090909093E-01,  1.0
-9.800000000000001E-01, 7.672727272727274E-01, -1.0
-8.689458476838899E-01, 8.254545454545457E-01,  1.0
-8.400000000000000E-01, 8.983854464365425E-01, -1.0
-8.692551914090296E-01, 8.218181818181820E-01,  1.0
-9.000000000000000E-01, 9.360048071357513E-01, -1.0
-8.166113913525401E-01,-8.502106546923014E-01, -1.0
-9.218181818181819E-01,-8.548370393216553E-01,  1.0
-7.818181818181817E-01,-8.295330430262396E-01, -1.0
-9.018181818181819E-01,-8.454545454545455E-01,  1.0
-8.418181818181818E-01,-7.672727272727272E-01, -1.0
-9.218181818181819E-01,-8.290909090909091E-01,  1.0
-8.405894233886884E-01,-7.509090909090909E-01, -1.0
-9.218181818181819E-01,-8.470706567730114E-01,  1.0
-8.418181818181818E-01,-7.345454545454545E-01, -1.0
-9.454870343849995E-01,-8.163636363636364E-01,  1.0
-8.418181818181818E-01,-7.381818181818182E-01, -1.0
-9.218181818181819E-01,-6.516101129765158E-01,  1.0
-8.393450671865228E-01,-7.223286892732421E-01, -1.0
-9.618181818181819E-01,-6.236363636363635E-01,  1.0
-8.218181818181818E-01,-6.504116386496264E-01, -1.0
-9.618181818181819E-01,-6.429236374928070E-01,  1.0
-8.336366406075360E-01,-6.600485442017432E-01, -1.0
-8.818181818181818E-01,-5.582145155531198E-01,  1.0
-8.018181818181818E-01,-6.548168370347672E-01, -1.0
-9.140027345039403E-01,-5.345454545454545E-01,  1.0
-8.146339982882194E-01,-4.763636363636363E-01, -1.0
-9.018181818181819E-01,-5.286266215553194E-01,  1.0
-8.482890693520676E-01,-4.199999999999999E-01, -1.0
-9.018181818181819E-01,-5.218181818181817E-01,  1.0
-8.418181818181818E-01,-4.236363636363636E-01, -1.0
-9.218181818181819E-01,-4.254545454545454E-01,  1.0
-8.353312005291349E-01,-4.020835015143442E-01, -1.0
-9.358896234053286E-01,-4.290909090909091E-01,  1.0
-8.418181818181818E-01,-3.909090909090909E-01, -1.0
-9.418181818181819E-01,-4.327272727272727E-01,  1.0
-8.418181818181818E-01,-3.745454545454545E-01, -1.0
-8.598817175012622E-01,-2.763636363636363E-01,  1.0
-8.418181818181818E-01,-3.781818181818182E-01, -1.0
-8.614602685159302E-01,-2.599999999999999E-01,  1.0
-9.818181818181819E-01,-2.731956570593342E-01, -1.0
-8.618181818181818E-01,-2.636363636363636E-01,  1.0
-9.618181818181819E-01,-2.590113503168245E-01, -1.0
-8.218181818181818E-01,-2.187061666039659E-01,  1.0
-9.618181818181819E-01,-2.487544464909340E-01, -1.0
-8.949293334351883E-01,-1.909090909090908E-01,  1.0
-8.827131700635582E-01,-1.123694426521691E-01, -1.0
-8.999061793360255E-01,-1.745454545454545E-01,  1.0
-8.618181818181818E-01,-5.636363636363629E-02, -1.0
-8.887282978794812E-01,-1.781818181818181E-01,  1.0
-8.618181818181818E-01,-3.999999999999992E-02, -1.0
-9.418181818181819E-01,-1.348757112988501E-01,  1.0
-8.618181818181818E-01,-5.655689073121966E-02, -1.0
-9.418181818181819E-01,-1.254545454545453E-01,  1.0
-8.818181818181818E-01, 1.272727272727283E-02, -1.0
-7.818181818181817E-01,-4.909090909090899E-02,  1.0
-8.818181818181818E-01, 2.909090909090920E-02, -1.0
-8.218181818181818E-01, 1.072727272727274E-01,  1.0
-8.818181818181818E-01, 2.545454545454556E-02, -1.0
-8.089182634491306E-01, 1.236363636363637E-01,  1.0
-8.818181818181818E-01, 2.181818181818192E-02, -1.0
-8.218181818181818E-01, 1.200000000000001E-01,  1.0
-9.184275731626936E-01, 9.818181818181833E-02, -1.0
-8.218181818181818E-01, 1.363636363636365E-01,  1.0
-9.218181818181819E-01, 1.145454545454547E-01, -1.0
-8.218181818181818E-01, 1.327272727272728E-01,  1.0
-8.818181818181818E-01, 1.709090909090910E-01, -1.0
-8.646563926217311E-01, 2.379064135705735E-01,  1.0
-8.818181818181818E-01, 1.872727272727274E-01, -1.0
-8.618181818181818E-01, 2.408492359822895E-01,  1.0
-9.418181818181819E-01, 2.836363636363638E-01, -1.0
-8.618181818181818E-01, 2.531505874828368E-01,  1.0
-9.545555015582526E-01, 2.800000000000001E-01, -1.0
-8.846724638222934E-01, 3.181818181818183E-01,  1.0
-8.336751863455956E-01, 2.972313450874512E-01, -1.0
-8.672382876952531E-01, 3.845807773548925E-01,  1.0
-9.818181818181819E-01, 3.127272727272729E-01, -1.0
-8.618181818181818E-01, 3.709090909090911E-01,  1.0
-8.905668722904353E-01, 4.342042417111934E-01, -1.0
-9.018181818181819E-01, 4.072727272727274E-01,  1.0
-8.818181818181818E-01, 4.408126112537993E-01, -1.0
-8.810177431133734E-01, 4.836363636363638E-01,  1.0
-9.549765701680742E-01, 4.924074925594813E-01, -1.0
-8.818181818181818E-01, 4.961437388258962E-01,  1.0
-8.818181818181818E-01, 5.942544128527978E-01, -1.0
-8.818181818181818E-01, 4.763636363636365E-01,  1.0
-8.760988999336191E-01, 5.945454545454547E-01, -1.0
-8.745436786665043E-01, 4.727272727272728E-01,  1.0
-8.818181818181818E-01, 6.109090909090911E-01, -1.0
-8.418181818181818E-01, 6.690909090909093E-01,  1.0
-8.818181818181818E-01, 5.972981267462897E-01, -1.0
-8.377194879265469E-01, 6.654545454545456E-01,  1.0
-8.818181818181818E-01, 6.043396660008263E-01, -1.0
-8.367436281452507E-01, 6.618181818181820E-01,  1.0
-9.028355258372464E-01, 7.200000000000002E-01, -1.0
-8.418181818181818E-01, 6.781818181818183E-01,  1.0
-9.218181818181819E-01, 7.363636363636366E-01, -1.0
-8.739590136915123E-01, 7.945454545454548E-01,  1.0
-9.218181818181819E-01, 7.327272727272729E-01, -1.0
-8.650700577229983E-01, 8.109090909090911E-01,  1.0
-9.218181818181819E-01, 7.290909090909092E-01, -1.0
-8.608818625239314E-01, 8.257569177649238E-01,  1.0
-8.321768988372936E-01, 8.935454843025948E-01, -1.0
-8.618181818181818E-01, 8.236363636363638E-01,  1.0
-9.062093556530358E-01, 9.417712675383537E-01, -1.0
-8.701062249055276E-01, 9.501190896550241E-01,  1.0
-8.880328416085610E-01,-9.588261337379798E-01,  1.0
-7.777406022252275E-01,-8.164626100325760E-01, -1.0
-9.236363636363637E-01,-8.436363636363636E-01,  1.0
-7.836363636363636E-01,-8.254545454545454E-01, -1.0
-9.036363636363637E-01,-8.472727272727273E-01,  1.0
-8.436363636363636E-01,-7.490909090909090E-01, -1.0
-9.036363636363637E-01,-8.309090909090909E-01,  1.0
-8.436363636363636E-01,-7.527272727272727E-01, -1.0
-9.236363636363637E-01,-8.345454545454546E-01,  1.0
-8.339672137594788E-01,-7.567379584532304E-01, -1.0
-8.036363636363636E-01,-7.181818181818181E-01,  1.0
-8.436363636363636E-01,-7.400000000000000E-01, -1.0
-9.149908553429060E-01,-6.571401022920961E-01,  1.0
-8.236363636363636E-01,-6.636363636363636E-01, -1.0
-9.636363636363637E-01,-6.361739851049986E-01,  1.0
-8.140301721954581E-01,-6.472727272727272E-01, -1.0
-8.836363636363637E-01,-5.669932964204032E-01,  1.0
-8.236363636363636E-01,-6.509090909090910E-01, -1.0
-8.836363636363637E-01,-5.527272727272727E-01,  1.0
-7.836363636363636E-01,-4.945454545454545E-01, -1.0
-8.836363636363637E-01,-5.563636363636364E-01,  1.0
-7.836363636363636E-01,-4.862930664790333E-01, -1.0
-9.036363636363637E-01,-5.379353582613562E-01,  1.0
-8.546902755016085E-01,-4.218181818181817E-01, -1.0
-8.836363636363637E-01,-5.174732427100399E-01,  1.0
-8.236363636363636E-01,-4.054545454545454E-01, -1.0
-9.436363636363637E-01,-4.272727272727272E-01,  1.0
-8.436363636363636E-01,-3.890909090909090E-01, -1.0
-9.436363636363637E-01,-4.409635927842988E-01,  1.0
-8.365183760812015E-01,-3.927272727272727E-01, -1.0
-8.475460995660800E-01,-2.745454545454544E-01,  1.0
-8.436363636363636E-01,-3.763636363636363E-01, -1.0
-8.636363636363636E-01,-2.781818181818181E-01,  1.0
-8.443417268152059E-01,-3.800000000000000E-01, -1.0
-8.501524100737703E-01,-2.765201125230243E-01,  1.0
-9.136330959143190E-01,-2.036363636363635E-01, -1.0
-8.436363636363636E-01,-2.654545454545454E-01,  1.0
-9.036363636363637E-01,-1.931179870875747E-01, -1.0
-7.836363636363636E-01,-1.890909090909090E-01,  1.0
-9.036363636363637E-01,-2.109090909090909E-01, -1.0
-7.713707491111544E-01,-1.927272727272727E-01,  1.0
-8.875098304126331E-01,-1.492994134510875E-01, -1.0
-8.836363636363637E-01,-1.763636363636363E-01,  1.0
-8.667049077819222E-01,-4.118641889363735E-02, -1.0
-7.836363636363636E-01,-1.799999999999999E-01,  1.0
-8.636363636363636E-01,-4.181818181818172E-02, -1.0
-9.236363636363637E-01,-1.636363636363636E-01,  1.0
-8.836363636363637E-01, 1.454545454545465E-02, -1.0
-9.636363636363637E-01,-1.072727272727272E-01,  1.0
-8.836363636363637E-01, 3.090909090909102E-02, -1.0
-7.652358256784011E-01,-3.090909090909080E-02,  1.0
-8.686972975565599E-01, 2.727272727272738E-02, -1.0
-8.236363636363636E-01, 1.254545454545455E-01,  1.0
-8.839795907569622E-01, 1.730761963091127E-02, -1.0
-8.236363636363636E-01, 1.218181818181819E-01,  1.0
-8.836363636363637E-01, 2.000000000000012E-02, -1.0
-8.236363636363636E-01, 1.381818181818183E-01,  1.0
-9.236363636363637E-01, 1.276638934416701E-01, -1.0
-8.043419408346051E-01, 1.301604519956440E-01,  1.0
-9.036363636363637E-01, 1.127272727272728E-01, -1.0
-8.636363636363636E-01, 2.509090909090911E-01,  1.0
-8.752823052239993E-01, 1.690909090909092E-01, -1.0
-8.348310153854235E-01, 2.472727272727274E-01,  1.0
-9.400415114185221E-01, 2.854545454545456E-01, -1.0
-8.596457608252731E-01, 2.436363636363638E-01,  1.0
-9.373421692135655E-01, 2.818181818181820E-01, -1.0
-8.836363636363637E-01, 3.170051568482586E-01,  1.0
-8.436363636363636E-01, 2.942701302365286E-01, -1.0
-8.802567634499339E-01, 3.686389274439543E-01,  1.0
-8.407247812100509E-01, 3.145454545454547E-01, -1.0
-8.636363636363636E-01, 3.603238707861084E-01,  1.0
-8.236363636363636E-01, 4.102995770181510E-01, -1.0
-8.656131731538087E-01, 3.690909090909092E-01,  1.0
-8.968897144688547E-01, 4.272727272727274E-01, -1.0
-8.630602675325406E-01, 4.854545454545456E-01,  1.0
-8.836363636363637E-01, 4.342673710109962E-01, -1.0
-8.657603704525428E-01, 4.700691760258288E-01,  1.0
-7.836363636363636E-01, 5.200000000000002E-01, -1.0
-8.515798844694878E-01, 4.857530426629114E-01,  1.0
-8.836363636363637E-01, 5.970752081059214E-01, -1.0
-8.636363636363636E-01, 4.945454545454546E-01,  1.0
-8.836363636363637E-01, 5.927272727272729E-01, -1.0
-8.636951876025760E-01, 4.922360425720774E-01,  1.0
-8.776493597363079E-01, 5.890909090909092E-01, -1.0
-8.436363636363636E-01, 6.672727272727275E-01,  1.0
-8.801822952834185E-01, 6.043188786021110E-01, -1.0
-8.444281541630057E-01, 6.636363636363638E-01,  1.0
-9.099199102036792E-01, 7.306111259681306E-01, -1.0
-8.636363636363636E-01, 8.000000000000003E-01,  1.0
-7.824860676073155E-01, 7.581818181818184E-01, -1.0
-8.701545404233326E-01, 7.963636363636366E-01,  1.0
-9.036363636363637E-01, 7.345454545454547E-01, -1.0
-8.636363636363636E-01, 7.927272727272729E-01,  1.0
-9.115267327955590E-01, 7.309090909090911E-01, -1.0
-8.636363636363636E-01, 8.090909090909093E-01,  1.0
-7.836363636363636E-01, 8.137876193145682E-01, -1.0
-8.836363636363637E-01, 8.117716055734897E-01,  1.0
-8.436363636363636E-01, 8.965599308645775E-01, -1.0
-8.836363636363637E-01, 8.218181818181820E-01,  1.0
-8.350913516238991E-01, 8.967141166915578E-01, -1.0
-7.956417510759143E-01,-8.209274070659605E-01, -1.0
-8.716975905505391E-01,-9.418181818181819E-01,  1.0
-7.854545454545454E-01,-8.236363636363636E-01, -1.0
-9.054545454545455E-01,-8.454545454545455E-01,  1.0
-8.254545454545454E-01,-7.672727272727272E-01, -1.0
-9.054545454545455E-01,-8.290909090909091E-01,  1.0
-8.454545454545455E-01,-7.509090909090909E-01, -1.0
-9.054545454545455E-01,-8.327272727272728E-01,  1.0
-8.454545454545455E-01,-7.545454545454545E-01, -1.0
-8.054545454545454E-01,-7.163636363636363E-01,  1.0
-8.054545454545454E-01,-6.581818181818181E-01, -1.0
-8.054545454545454E-01,-7.200000000000000E-01,  1.0
-8.135745889452033E-01,-6.557269964697111E-01, -1.0
-8.054545454545454E-01,-7.036363636363636E-01,  1.0
-8.054545454545454E-01,-6.454545454545454E-01, -1.0
-8.654545454545455E-01,-5.672727272727272E-01,  1.0
-8.054545454545454E-01,-6.522607727621957E-01, -1.0
-8.654545454545455E-01,-5.709090909090909E-01,  1.0
-7.961388054405556E-01,-6.527272727272728E-01, -1.0
-8.654545454545455E-01,-5.518260629803337E-01,  1.0
-7.854545454545454E-01,-4.763636363636363E-01, -1.0
-8.856058700865691E-01,-5.533922690676626E-01,  1.0
-7.854545454545454E-01,-4.799999999999999E-01, -1.0
-8.695636318008131E-01,-4.947326188798198E-01,  1.0
-8.454545454545455E-01,-4.236363636363636E-01, -1.0
-8.654545454545455E-01,-4.854545454545455E-01,  1.0
-8.454545454545455E-01,-3.872727272727272E-01, -1.0
-9.254545454545455E-01,-4.490909090909091E-01,  1.0
-8.454545454545455E-01,-3.909090909090909E-01, -1.0
-9.254545454545455E-01,-4.327272727272727E-01,  1.0
-8.454545454545455E-01,-3.745454545454545E-01, -1.0
-8.101533964392340E-01,-2.363636363636362E-01,  1.0
-8.325318214253856E-01,-3.924351075506153E-01, -1.0
-8.454545454545455E-01,-2.599999999999999E-01,  1.0
-8.454545454545455E-01,-3.498888374990028E-01, -1.0
-8.549793842279221E-01,-2.636363636363636E-01,  1.0
-8.654545454545455E-01,-2.392046515264820E-01, -1.0
-7.853899582501869E-01,-2.072727272727272E-01,  1.0
-8.854545454545455E-01,-2.090909090909090E-01, -1.0
-7.854545454545454E-01,-1.909090909090908E-01,  1.0
-8.667319145762548E-01,-7.272727272727264E-02, -1.0
-7.854545454545454E-01,-2.052859919967081E-01,  1.0
-8.575078208462162E-01,-5.636363636363629E-02, -1.0
-7.741431270183800E-01,-1.781818181818181E-01,  1.0
-8.654545454545455E-01,-3.999999999999992E-02, -1.0
-7.854545454545454E-01,-1.618181818181817E-01,  1.0
-8.654545454545455E-01,-4.363636363636354E-02, -1.0
-7.654545454545454E-01,-6.545454545454536E-02,  1.0
-8.654545454545455E-01, 3.272727272727283E-02, -1.0
-7.654545454545454E-01,-4.909090909090899E-02,  1.0
-8.854545454545455E-01, 2.958669164734114E-02, -1.0
-7.854545454545454E-01,-3.533690822168153E-02,  1.0
-8.654545454545455E-01, 1.418032245866407E-02, -1.0
-8.179120041243926E-01, 1.236363636363637E-01,  1.0
-8.678076954553580E-01, 2.181818181818192E-02, -1.0
-8.254545454545454E-01, 1.200000000000001E-01,  1.0
-8.854545454545455E-01, 1.775442087524951E-01, -1.0
-8.416287592737539E-01, 1.363636363636365E-01,  1.0
-8.854545454545455E-01, 1.745454545454547E-01, -1.0
-8.244255198281764E-01, 2.131821858889187E-01,  1.0
-8.854545454545455E-01, 1.709090909090910E-01, -1.0
-8.454545454545455E-01, 2.290909090909092E-01,  1.0
-8.854545454545455E-01, 1.580338701841412E-01, -1.0
-8.454545454545455E-01, 2.570462663838571E-01,  1.0
-8.197887270369421E-01, 3.036363636363638E-01, -1.0
-8.454545454545455E-01, 2.521178625639833E-01,  1.0
-8.254545454545454E-01, 3.000000000000002E-01, -1.0
-8.654545454545455E-01, 2.434673046911440E-01,  1.0
-8.410636762992724E-01, 2.963636363636365E-01, -1.0
-8.782679866198900E-01, 3.745454545454547E-01,  1.0
-8.054545454545454E-01, 4.127272727272729E-01, -1.0
-8.654545454545455E-01, 3.709090909090911E-01,  1.0
-8.054545454545454E-01, 4.108526484737178E-01, -1.0
-8.654545454545455E-01, 4.872727272727275E-01,  1.0
-8.854545454545455E-01, 4.254545454545456E-01, -1.0
-8.341803312691171E-01, 4.636363636363638E-01,  1.0
-7.854545454545454E-01, 5.218181818181820E-01, -1.0
-8.654545454545455E-01, 4.751378115011467E-01,  1.0
-8.962540428527541E-01, 5.981818181818185E-01, -1.0
-8.654545454545455E-01, 4.763636363636365E-01,  1.0
-8.854545454545455E-01, 5.945454545454547E-01, -1.0
-8.254545454545454E-01, 5.508959384542372E-01,  1.0
-8.854545454545455E-01, 6.141417958267886E-01, -1.0
-8.502001389066824E-01, 6.690909090909093E-01,  1.0
-8.777303904198737E-01, 6.072727272727274E-01, -1.0
-8.454545454545455E-01, 6.654545454545456E-01,  1.0
-8.854545454545455E-01, 6.036363636363637E-01, -1.0
-8.454545454545455E-01, 6.618181818181820E-01,  1.0
-7.807662019076493E-01, 7.400000000000002E-01, -1.0
-8.632575307722570E-01, 8.181818181818185E-01,  1.0
-7.854545454545454E-01, 7.397000269093180E-01, -1.0
-8.654545454545455E-01, 8.145454545454548E-01,  1.0
-7.815267958125784E-01, 7.405250890300045E-01, -1.0
-8.654545454545455E-01, 8.109090909090911E-01,  1.0
-7.654545454545454E-01, 7.499877470752508E-01, -1.0
-8.654545454545455E-01, 8.072727272727275E-01,  1.0
-8.405524042020260E-01, 8.854545454545457E-01, -1.0
-8.654545454545455E-01, 8.087647090254894E-01,  1.0
-8.464297402637911E-01, 9.015598156531008E-01, -1.0
-8.654545454545455E-01, 9.400000000000003E-01,  1.0
-8.695136648427086E-01,-9.400000000000001E-01,  1.0
-8.072727272727273E-01,-8.418181818181818E-01, -1.0
-9.038914993935274E-01,-9.316570677564943E-01,  1.0
-7.947641673707022E-01,-8.140640417473600E-01, -1.0
-9.045674825907757E-01,-8.442827166283083E-01,  1.0
-8.272727272727273E-01,-7.490909090909090E-01, -1.0
-8.872727272727273E-01,-8.509090909090909E-01,  1.0
-8.504153458293569E-01,-7.402491491930356E-01, -1.0
-8.072727272727273E-01,-7.145454545454545E-01,  1.0
-8.452571882627246E-01,-7.450530619273711E-01, -1.0
-8.072727272727273E-01,-7.189033904924382E-01,  1.0
-8.106413824350308E-01,-6.599999999999999E-01, -1.0
-8.072727272727273E-01,-7.218181818181818E-01,  1.0
-8.072727272727273E-01,-6.624583183521595E-01, -1.0
-8.862767338398800E-01,-5.578571794080734E-01,  1.0
-8.072727272727273E-01,-6.472727272727272E-01, -1.0
-8.310859268749611E-01,-5.490909090909091E-01,  1.0
-8.072727272727273E-01,-6.428162616141663E-01, -1.0
-8.672727272727273E-01,-5.527272727272727E-01,  1.0
-7.717738816130657E-01,-4.745454545454545E-01, -1.0
-8.309961000564010E-01,-5.563636363636364E-01,  1.0
-7.747857696276604E-01,-4.781818181818182E-01, -1.0
-8.672727272727273E-01,-4.999999999999999E-01,  1.0
-7.672727272727272E-01,-4.595976672939469E-01, -1.0
-8.672727272727273E-01,-5.036363636363637E-01,  1.0
-7.672727272727272E-01,-4.254545454545454E-01, -1.0
-8.672727272727273E-01,-4.872727272727273E-01,  1.0
-8.308672363604387E-01,-3.890909090909090E-01, -1.0
-7.872727272727272E-01,-2.909090909090908E-01,  1.0
-8.472727272727273E-01,-3.927272727272727E-01, -1.0
-7.872727272727272E-01,-2.745454545454544E-01,  1.0
-8.472727272727273E-01,-3.763636363636363E-01, -1.0
-8.472727272727273E-01,-2.781818181818181E-01,  1.0
-8.373548222785563E-01,-3.800000000000000E-01, -1.0
-7.872727272727272E-01,-2.018181818181817E-01,  1.0
-8.370383766898492E-01,-3.636363636363636E-01, -1.0
-8.472727272727273E-01,-2.654545454545454E-01,  1.0
-8.807384082920123E-01,-2.072727272727272E-01, -1.0
-7.872727272727272E-01,-1.772255419915091E-01,  1.0
-8.872727272727273E-01,-1.171260489124081E-01, -1.0
-7.872727272727272E-01,-1.927272727272727E-01,  1.0
-8.872727272727273E-01,-9.104869150624995E-02, -1.0
-7.725216542083487E-01,-1.963636363636363E-01,  1.0
-8.672727272727273E-01,-5.818181818181812E-02, -1.0
-7.872727272727272E-01,-1.799999999999999E-01,  1.0
-8.672727272727273E-01,-5.480180175702525E-02, -1.0
-7.546426195785896E-01,-8.363636363636354E-02,  1.0
-8.550647161524798E-01,-4.545454545454536E-02, -1.0
-7.672727272727272E-01,-6.727272727272718E-02,  1.0
-8.672727272727273E-01, 3.090909090909102E-02, -1.0
-7.672727272727272E-01,-5.090909090909081E-02,  1.0
-8.827728210987533E-01, 2.949518076982546E-02, -1.0
-8.177322360912310E-01, 1.130020367265949E-01,  1.0
-8.740377719374851E-01, 2.363636363636375E-02, -1.0
-8.382446934922223E-01, 1.218181818181819E-01,  1.0
-8.672727272727273E-01, 2.320277298254114E-02, -1.0
-8.072727272727273E-01, 1.381818181818183E-01,  1.0
-8.830638774962408E-01, 1.739740266905999E-01, -1.0
-8.072727272727273E-01, 1.345454545454547E-01,  1.0
-8.672727272727273E-01, 1.727272727272729E-01, -1.0
-8.272727272727273E-01, 2.309090909090911E-01,  1.0
-8.672727272727273E-01, 1.890909090909092E-01, -1.0
-8.272727272727273E-01, 2.472727272727274E-01,  1.0
-7.472727272727272E-01, 2.854545454545456E-01, -1.0
-8.472727272727273E-01, 2.436363636363638E-01,  1.0
-8.272727272727273E-01, 3.004741493184826E-01, -1.0
-8.072727272727273E-01, 3.400000000000002E-01,  1.0
-8.243680585814042E-01, 3.141200898680637E-01, -1.0
-8.072727272727273E-01, 3.272389202262175E-01,  1.0
-8.272727272727273E-01, 3.005632305608958E-01, -1.0
-8.672727272727273E-01, 3.707387433343090E-01,  1.0
-8.078543352913150E-01, 4.109090909090911E-01, -1.0
-8.772597183312667E-01, 3.690909090909092E-01,  1.0
-8.072727272727273E-01, 4.272727272727274E-01, -1.0
-8.675409448578136E-01, 4.675104320134738E-01,  1.0
-7.746937735312543E-01, 5.184099254231470E-01, -1.0
-8.672727272727273E-01, 4.818181818181820E-01,  1.0
-7.755043343117433E-01, 5.095964675930206E-01, -1.0
-8.672727272727273E-01, 4.754845819102930E-01,  1.0
-8.672727272727273E-01, 5.963636363636367E-01, -1.0
-8.072727272727273E-01, 5.745454545454547E-01,  1.0
-8.672727272727273E-01, 6.127272727272729E-01, -1.0
-8.062397645974437E-01, 5.709090909090910E-01,  1.0
-8.872727272727273E-01, 6.090909090909092E-01, -1.0
-8.451101069801111E-01, 6.672727272727275E-01,  1.0
-8.727166549550431E-01, 6.054545454545456E-01, -1.0
-8.472727272727273E-01, 6.636363636363638E-01,  1.0
-7.872727272727272E-01, 7.418181818181820E-01, -1.0
-8.483511999259302E-01, 6.610392114817671E-01,  1.0
-7.686551802861682E-01, 7.411516876736850E-01, -1.0
-8.523078714158059E-01, 8.163636363636366E-01,  1.0
-7.690819952151178E-01, 7.440568292601215E-01, -1.0
-8.672727272727273E-01, 8.127272727272730E-01,  1.0
-7.272727272727272E-01, 8.109090909090911E-01, -1.0
-8.672727272727273E-01, 8.090909090909093E-01,  1.0
-7.472727272727272E-01, 8.072727272727275E-01, -1.0
-8.788295122452208E-01, 8.084521588944014E-01,  1.0
-8.272727272727273E-01, 8.836363636363639E-01, -1.0
-8.798170649847582E-01, 9.382144210408438E-01,  1.0
-8.324112645698625E-01, 8.800000000000002E-01, -1.0
-7.890909090909091E-01,-8.600000000000000E-01, -1.0
-8.877464099205062E-01,-9.418181818181819E-01,  1.0
-7.890909090909091E-01,-8.236363636363636E-01, -1.0
-7.713494675359730E-01,-9.007007399750749E-01,  1.0
-7.890909090909091E-01,-8.163785518113599E-01, -1.0
-8.765490164783932E-01,-8.574572247980669E-01,  1.0
-8.290909090909091E-01,-7.509090909090909E-01, -1.0
-8.690909090909091E-01,-8.527272727272728E-01,  1.0
-8.290909090909091E-01,-7.545454545454545E-01, -1.0
-8.027731896322201E-01,-7.163636363636363E-01,  1.0
-8.290909090909091E-01,-7.581818181818182E-01, -1.0
-8.090909090909091E-01,-7.030252781889849E-01,  1.0
-8.072959014818479E-01,-6.618181818181817E-01, -1.0
-8.027299272699528E-01,-7.236363636363636E-01,  1.0
-8.090909090909091E-01,-6.454545454545454E-01, -1.0
-8.690909090909091E-01,-5.472727272727271E-01,  1.0
-8.090909090909091E-01,-6.490909090909092E-01, -1.0
-8.290909090909091E-01,-5.509090909090909E-01,  1.0
-7.823929690865910E-01,-4.927272727272727E-01, -1.0
-8.488508480042759E-01,-5.607340741185649E-01,  1.0
-7.690909090909090E-01,-4.963636363636363E-01, -1.0
-8.290909090909091E-01,-5.528520323345035E-01,  1.0
-7.657095865514693E-01,-4.684975166389964E-01, -1.0
-8.842520458952945E-01,-5.086113074133584E-01,  1.0
-7.690909090909090E-01,-4.420597507106027E-01, -1.0
-8.490909090909091E-01,-5.054545454545455E-01,  1.0
-7.690909090909090E-01,-4.315871431447947E-01, -1.0
-7.802160540525389E-01,-3.290909090909090E-01,  1.0
-8.297375502093520E-01,-3.786610164602466E-01, -1.0
-7.890909090909091E-01,-2.927272727272726E-01,  1.0
-8.290909090909091E-01,-3.872176916372657E-01, -1.0
-7.890909090909091E-01,-2.763636363636363E-01,  1.0
-8.490909090909091E-01,-3.781818181818182E-01, -1.0
-7.890909090909091E-01,-2.648793306548893E-01,  1.0
-7.690909090909090E-01,-2.818181818181817E-01, -1.0
-7.936779820571307E-01,-2.236363636363635E-01,  1.0
-8.959989680797651E-01,-2.047359067482601E-01, -1.0
-7.890909090909091E-01,-1.872727272727272E-01,  1.0
-8.890909090909092E-01,-1.290909090909090E-01, -1.0
-7.890909090909091E-01,-1.952912758690961E-01,  1.0
-8.690909090909091E-01,-7.272727272727264E-02, -1.0
-7.890909090909091E-01,-1.945454545454545E-01,  1.0
-8.759831415351819E-01,-5.636363636363629E-02, -1.0
-7.690909090909090E-01,-1.581818181818181E-01,  1.0
-8.690909090909091E-01,-3.999999999999992E-02, -1.0
-7.731499017840443E-01,-1.260097231139504E-01,  1.0
-8.690909090909091E-01,-4.363636363636354E-02, -1.0
-7.890909090909091E-01,-1.254545454545453E-01,  1.0
-8.690909090909091E-01,-4.727272727272717E-02, -1.0
-7.690909090909090E-01,-5.243174078347002E-02,  1.0
-8.690909090909091E-01, 2.909090909090920E-02, -1.0
-7.690909090909090E-01,-3.339630756995211E-02,  1.0
-8.690909090909091E-01, 1.255323616796612E-02, -1.0
-8.144675515095318E-01, 1.236363636363637E-01,  1.0
-8.663624642688090E-01, 3.008686100249913E-02, -1.0
-8.260463560791873E-01, 1.200000000000001E-01,  1.0
-8.300119887067793E-01, 4.448271026753529E-02, -1.0
-7.990851845071258E-01, 1.363636363636365E-01,  1.0
-7.490909090909090E-01, 2.345454545454548E-01, -1.0
-8.090909090909091E-01, 1.350827460913399E-01,  1.0
-8.749408419073478E-01, 1.723812129516593E-01, -1.0
-8.276337650928688E-01, 2.290909090909092E-01,  1.0
-7.290909090909090E-01, 2.672727272727274E-01, -1.0
-8.450268243533099E-01, 2.454545454545456E-01,  1.0
-8.274398919931787E-01, 2.862869211336360E-01, -1.0
-8.690909090909091E-01, 3.308191408983380E-01,  1.0
-8.090909090909091E-01, 3.000000000000002E-01, -1.0
-8.012481040189735E-01, 3.381818181818184E-01,  1.0
-8.290909090909091E-01, 2.963636363636365E-01, -1.0
-8.090909090909091E-01, 3.345454545454547E-01,  1.0
-8.090909090909091E-01, 4.127272727272729E-01, -1.0
-7.929637197898624E-01, 3.509090909090911E-01,  1.0
-8.090909090909091E-01, 4.290909090909093E-01, -1.0
-8.482893484563334E-01, 4.872727272727275E-01,  1.0
-8.121158293290447E-01, 4.254545454545456E-01, -1.0
-8.490909090909091E-01, 4.636363636363638E-01,  1.0
-7.690909090909090E-01, 5.098127231684924E-01, -1.0
-8.529003317268816E-01, 4.744444389581496E-01,  1.0
-7.690909090909090E-01, 5.195673829116111E-01, -1.0
-7.890909090909091E-01, 5.563636363636366E-01,  1.0
-7.090909090909090E-01, 5.545454545454547E-01, -1.0
-7.890909090909091E-01, 5.623030346631470E-01,  1.0
-8.879197974961166E-01, 5.998223902131447E-01, -1.0
-7.890909090909091E-01, 5.690909090909092E-01,  1.0
-8.690909090909091E-01, 6.068827643088092E-01, -1.0
-8.502869075039524E-01, 6.728365892661937E-01,  1.0
-7.690909090909090E-01, 7.236363636363639E-01, -1.0
-8.567212669144975E-01, 6.618181818181820E-01,  1.0
-7.809144230400981E-01, 7.400000000000002E-01, -1.0
-8.490909090909091E-01, 6.781818181818183E-01,  1.0
-7.789638712782191E-01, 7.563636363636366E-01, -1.0
-8.690909090909091E-01, 8.145454545454548E-01,  1.0
-7.890909090909091E-01, 7.527272727272729E-01, -1.0
-8.690909090909091E-01, 8.109090909090911E-01,  1.0
-7.195067509884163E-01, 8.249469468526986E-01, -1.0
-8.690909090909091E-01, 8.072727272727275E-01,  1.0
-7.290909090909090E-01, 8.054545454545456E-01, -1.0
-8.690909090909091E-01, 8.236363636363638E-01,  1.0
-8.290909090909091E-01, 8.818181818181821E-01, -1.0
-7.815186768143703E-01, 9.021517298860536E-01,  1.0
-7.509090909090909E-01,-9.800000000000001E-01,  1.0
-8.080164259961258E-01,-8.418181818181818E-01, -1.0
-7.717693122227012E-01,-9.236363636363637E-01,  1.0
-7.909090909090909E-01,-8.254545454545454E-01, -1.0
-8.709090909090910E-01,-8.472727272727273E-01,  1.0
-8.309090909090909E-01,-7.690909090909090E-01, -1.0
-8.709090909090910E-01,-8.450260370487980E-01,  1.0
-8.309090909090909E-01,-7.527272727272727E-01, -1.0
-8.016409321007314E-01,-7.145454545454545E-01,  1.0
-7.572327294908578E-01,-7.563636363636363E-01, -1.0
-8.109090909090909E-01,-7.101124126865681E-01,  1.0
-8.309090909090909E-01,-7.600000000000000E-01, -1.0
-8.109090909090909E-01,-7.218181818181818E-01,  1.0
-8.109090909090909E-01,-6.600208235738384E-01, -1.0
-8.309090909090909E-01,-5.654545454545453E-01,  1.0
-8.109090909090909E-01,-6.472727272727272E-01, -1.0
-8.709090909090910E-01,-5.490909090909091E-01,  1.0
-8.185746404488541E-01,-6.455640978108458E-01, -1.0
-8.309090909090909E-01,-5.727272727272728E-01,  1.0
-7.670723696010198E-01,-4.745454545454545E-01, -1.0
-8.309090909090909E-01,-5.529752131843988E-01,  1.0
-7.709090909090909E-01,-4.781818181818182E-01, -1.0
-8.309090909090909E-01,-5.599999999999999E-01,  1.0
-7.509090909090909E-01,-4.349274080246935E-01, -1.0
-8.509090909090909E-01,-5.036363636363637E-01,  1.0
-7.709090909090909E-01,-4.131473340883033E-01, -1.0
-8.509090909090909E-01,-4.872727272727273E-01,  1.0
-7.709090909090909E-01,-4.290909090909091E-01, -1.0
-7.909090909090909E-01,-3.109090909090908E-01,  1.0
-7.709090909090909E-01,-4.273049978890217E-01, -1.0
-7.752117571047702E-01,-2.928984444540396E-01,  1.0
-7.309090909090908E-01,-3.763636363636363E-01, -1.0
-7.909090909090909E-01,-2.581818181818181E-01,  1.0
-8.309090909090909E-01,-3.400000000000000E-01, -1.0
-7.909090909090909E-01,-2.218181818181817E-01,  1.0
-7.621812067419271E-01,-2.948797659057265E-01, -1.0
-7.709090909090909E-01,-1.854545454545453E-01,  1.0
-7.709090909090909E-01,-3.007787172461125E-01, -1.0
-7.909090909090909E-01,-1.890909090909090E-01,  1.0
-8.909090909090910E-01,-1.109090909090908E-01, -1.0
-7.709090909090909E-01,-1.799936759789681E-01,  1.0
-7.118417535613798E-01,-1.241473421567946E-01, -1.0
-7.709090909090909E-01,-1.763636363636363E-01,  1.0
-8.709090909090910E-01,-3.905037904458195E-02, -1.0
-7.814507570549148E-01,-1.399999999999999E-01,  1.0
-8.679283860791294E-01,-4.181818181818172E-02, -1.0
-7.709090909090909E-01,-1.344535103151534E-01,  1.0
-8.709090909090910E-01,-4.940095548880498E-02, -1.0
-7.709090909090909E-01,-7.990122381635285E-02,  1.0
-8.709090909090910E-01,-5.750783345809359E-02, -1.0
-7.509090909090909E-01,-6.846536873834912E-02,  1.0
-8.389825385389750E-01, 2.913444631352331E-02, -1.0
-7.309090909090908E-01, 6.545454545454557E-02,  1.0
-8.394975817094420E-01, 4.771383811336941E-02, -1.0
-8.109090909090909E-01, 1.218181818181819E-01,  1.0
-8.281828199921313E-01, 4.000000000000013E-02, -1.0
-8.109090909090909E-01, 1.381818181818183E-01,  1.0
-8.109090909090909E-01, 5.636363636363651E-02, -1.0
-8.109090909090909E-01, 1.388571670524984E-01,  1.0
-7.309090909090908E-01, 2.484549022618140E-01, -1.0
-8.309090909090909E-01, 2.309090909090911E-01,  1.0
-7.509090909090909E-01, 2.330031758776040E-01, -1.0
-8.234198968692931E-01, 2.323311042217082E-01,  1.0
-7.143149697654957E-01, 2.654545454545456E-01, -1.0
-8.309090909090909E-01, 2.270387019334368E-01,  1.0
-7.509090909090909E-01, 2.756684894312432E-01, -1.0
-8.041626558322229E-01, 3.400000000000002E-01,  1.0
-7.195401441909050E-01, 2.722010832522372E-01, -1.0
-7.909090909090909E-01, 3.363636363636365E-01,  1.0
-7.876051489376082E-01, 3.745454545454547E-01, -1.0
-7.909090909090909E-01, 3.327272727272729E-01,  1.0
-7.709090909090909E-01, 3.909090909090911E-01, -1.0
-7.309090909090908E-01, 4.382729584346949E-01,  1.0
-8.271407889638676E-01, 4.272727272727274E-01, -1.0
-7.309090909090908E-01, 4.357031783352565E-01,  1.0
-7.842085946614192E-01, 5.160300556576213E-01, -1.0
-8.439560324402753E-01, 4.618181818181820E-01,  1.0
-7.709090909090909E-01, 5.200000000000002E-01, -1.0
-7.917492896392740E-01, 5.781818181818185E-01,  1.0
-7.709090909090909E-01, 5.163636363636366E-01, -1.0
-7.894517093569645E-01, 5.745454545454547E-01,  1.0
-7.109090909090908E-01, 5.527272727272728E-01, -1.0
-7.909090909090909E-01, 5.709090909090910E-01,  1.0
-8.709090909090910E-01, 6.090909090909092E-01, -1.0
-8.017436218600962E-01, 5.681837877070576E-01,  1.0
-7.509090909090909E-01, 6.817466054383597E-01, -1.0
-8.309090909090909E-01, 6.636363636363638E-01,  1.0
-7.709090909090909E-01, 7.418181818181820E-01, -1.0
-8.403698789632599E-01, 6.600000000000001E-01,  1.0
-7.909090909090909E-01, 7.381818181818184E-01, -1.0
-7.109090909090908E-01, 7.163636363636365E-01,  1.0
-7.909090909090909E-01, 7.545454545454547E-01, -1.0
-8.687739684902330E-01, 8.082761589881414E-01,  1.0
-7.909090909090909E-01, 7.347362793638907E-01, -1.0
-8.509090909090909E-01, 8.090909090909093E-01,  1.0
-7.187672240736013E-01, 8.072727272727275E-01, -1.0
-7.778192023084248E-01, 9.031500275068634E-01,  1.0
-7.309090909090908E-01, 8.236363636363638E-01, -1.0
-7.615463176155786E-01, 9.218181818181821E-01,  1.0
-8.309090909090909E-01, 8.957321312027010E-01, -1.0
-7.880221327316597E-01,-8.200000000000000E-01, -1.0
-7.659383605108516E-01,-9.476707869829490E-01,  1.0
-7.916071911724507E-01,-8.236363636363636E-01, -1.0
-7.727272727272727E-01,-9.054545454545455E-01,  1.0
-7.927272727272727E-01,-8.273463382014563E-01, -1.0
-7.542098510194860E-01,-7.890909090909091E-01,  1.0
-6.927272727272726E-01,-8.322971054247499E-01, -1.0
-7.581310738777596E-01,-8.068672099411105E-01,  1.0
-7.158313258611041E-01,-7.345454545454545E-01, -1.0
-8.127272727272727E-01,-7.163636363636363E-01,  1.0
-7.727272727272727E-01,-7.581818181818182E-01, -1.0
-7.927272727272727E-01,-7.200000000000000E-01,  1.0
-7.127272727272727E-01,-6.334428767178523E-01, -1.0
-7.927272727272727E-01,-7.036363636363636E-01,  1.0
-8.089013836233322E-01,-6.568111152037261E-01, -1.0
-8.158055523676746E-01,-5.472727272727271E-01,  1.0
-7.127272727272727E-01,-6.371772113326729E-01, -1.0
-8.279497417135550E-01,-5.509090909090909E-01,  1.0
-7.127272727272727E-01,-6.327272727272728E-01, -1.0
-8.127272727272727E-01,-5.545454545454546E-01,  1.0
-7.327272727272727E-01,-5.753619268987415E-01, -1.0
-8.327272727272728E-01,-5.581818181818182E-01,  1.0
-7.727272727272727E-01,-4.599999999999999E-01, -1.0
-8.527272727272728E-01,-5.218181818181817E-01,  1.0
-7.727272727272727E-01,-4.236363636363636E-01, -1.0
-6.927272727272726E-01,-5.054545454545455E-01,  1.0
-7.727272727272727E-01,-4.424119616870245E-01, -1.0
-7.927272727272727E-01,-3.090909090909090E-01,  1.0
-7.727272727272727E-01,-4.404955909005739E-01, -1.0
-7.941965813198492E-01,-2.968279193587776E-01,  1.0
-7.327272727272727E-01,-3.945454545454545E-01, -1.0
-7.927272727272727E-01,-2.763636363636363E-01,  1.0
-8.327272727272728E-01,-3.781818181818182E-01, -1.0
-7.927272727272727E-01,-2.399999999999999E-01,  1.0
-7.293724824373986E-01,-3.818181818181818E-01, -1.0
-7.727272727272727E-01,-2.036363636363635E-01,  1.0
-7.727272727272727E-01,-2.854545454545454E-01, -1.0
-7.727272727272727E-01,-1.904808180354425E-01,  1.0
-7.682998285594563E-01,-2.890909090909091E-01, -1.0
-7.727272727272727E-01,-1.909090909090908E-01,  1.0
-7.127272727272727E-01,-1.264370273308336E-01, -1.0
-7.727272727272727E-01,-1.945454545454545E-01,  1.0
-7.127272727272727E-01,-1.244298298999261E-01, -1.0
-7.727272727272727E-01,-1.181818181818181E-01,  1.0
-7.127272727272727E-01,-1.199999999999999E-01, -1.0
-7.727272727272727E-01,-1.218181818181817E-01,  1.0
-8.402914734167477E-01, 1.724744075319590E-02, -1.0
-7.544881300048627E-01,-8.673668566575782E-02,  1.0
-8.605997324638565E-01,-3.747703678197576E-03, -1.0
-7.527272727272727E-01,-6.909090909090899E-02,  1.0
-8.558146530776578E-01, 2.909090909090920E-02, -1.0
-7.327272727272727E-01, 6.727272727272739E-02,  1.0
-8.527272727272728E-01, 2.678635574927643E-02, -1.0
-7.327272727272727E-01, 6.363636363636375E-02,  1.0
-8.127272727272727E-01, 4.181818181818193E-02, -1.0
-7.220691612710859E-01, 6.000000000000013E-02,  1.0
-8.322138595475922E-01, 3.818181818181832E-02, -1.0
-8.127272727272727E-01, 1.492892626110066E-01,  1.0
-7.349967247245163E-01, 1.345454545454547E-01, -1.0
-8.127272727272727E-01, 1.327272727272728E-01,  1.0
-7.127272727272727E-01, 2.709090909090911E-01, -1.0
-7.681032815628862E-01, 1.690909090909092E-01,  1.0
-7.127272727272727E-01, 2.649140669239427E-01, -1.0
-8.277076509731278E-01, 2.197862337892603E-01,  1.0
-7.127272727272727E-01, 2.787953068866695E-01, -1.0
-7.927272727272727E-01, 3.418181818181820E-01,  1.0
-7.127272727272727E-01, 2.734699904791792E-01, -1.0
-7.927272727272727E-01, 3.381818181818184E-01,  1.0
-7.127272727272727E-01, 2.763636363636365E-01, -1.0
-8.063003759979653E-01, 3.345454545454547E-01,  1.0
-7.127272727272727E-01, 3.327272727272729E-01, -1.0
-7.268625257432791E-01, 4.416047754020137E-01,  1.0
-8.127272727272727E-01, 4.093961085283062E-01, -1.0
-7.327272727272727E-01, 4.285329492588900E-01,  1.0
-7.727272727272727E-01, 5.054545454545456E-01, -1.0
-7.327272727272727E-01, 4.436363636363638E-01,  1.0
-7.678352523096813E-01, 5.316820974428992E-01, -1.0
-7.301992143703435E-01, 4.445596680674177E-01,  1.0
-7.727272727272727E-01, 5.181818181818184E-01, -1.0
-7.927272727272727E-01, 5.763636363636366E-01,  1.0
-7.078377085964278E-01, 5.450098415558573E-01, -1.0
-7.992098121174360E-01, 5.753093740583434E-01,  1.0
-7.527272727272727E-01, 6.661936552402278E-01, -1.0
-8.068661336865696E-01, 5.698628944715457E-01,  1.0
-7.144813324416529E-01, 6.563967273058677E-01, -1.0
-8.465303280481243E-01, 6.654545454545456E-01,  1.0
-7.722851575825939E-01, 7.309429147710156E-01, -1.0
-8.327272727272728E-01, 6.709380560603632E-01,  1.0
-7.868497639073531E-01, 7.400000000000002E-01, -1.0
-6.928415344159221E-01, 7.226903338634567E-01,  1.0
-7.727272727272727E-01, 7.363636363636366E-01, -1.0
-6.927272727272726E-01, 7.290571683055987E-01,  1.0
-7.327272727272727E-01, 8.127272727272730E-01, -1.0
-8.527272727272728E-01, 8.109090909090911E-01,  1.0
-7.327272727272727E-01, 8.090909090909093E-01, -1.0
-8.527272727272728E-01, 8.239207106893220E-01,  1.0
-6.999317610921449E-01, 8.246852320504420E-01, -1.0
-7.927272727272727E-01, 9.036363636363639E-01,  1.0
-7.127272727272727E-01, 8.218181818181820E-01, -1.0
-7.885233706193218E-01, 9.149705221845388E-01,  1.0
-7.684425114856125E-01,-9.737421930609376E-01,  1.0
-7.892882641969580E-01,-8.418181818181818E-01, -1.0
-7.745454545454545E-01,-9.383578989276951E-01,  1.0
-6.846900289668493E-01,-8.254545454545454E-01, -1.0
-7.458579623853844E-01,-8.694102635091067E-01,  1.0
-7.945454545454546E-01,-8.090909090909091E-01, -1.0
-7.448450970694597E-01,-7.863177253393117E-01,  1.0
-7.145454545454545E-01,-7.386620995332116E-01, -1.0
-7.545454545454545E-01,-8.061093285700048E-01,  1.0
-8.393509795320040E-01,-7.500346224603569E-01, -1.0
-7.945454545454546E-01,-7.193839260606121E-01,  1.0
-7.145454545454545E-01,-7.400000000000000E-01, -1.0
-7.945454545454546E-01,-7.218181818181818E-01,  1.0
-8.141797149186181E-01,-6.498002702472504E-01, -1.0
-8.345454545454546E-01,-5.654545454545453E-01,  1.0
-7.145454545454545E-01,-6.263909090534430E-01, -1.0
-8.442244034150670E-01,-5.490909090909091E-01,  1.0
-7.145454545454545E-01,-6.437259343829864E-01, -1.0
-8.145454545454546E-01,-5.527272727272727E-01,  1.0
-7.383424579795541E-01,-5.723568344330751E-01, -1.0
-8.145454545454546E-01,-5.563636363636364E-01,  1.0
-7.545454545454545E-01,-4.412854935866949E-01, -1.0
-6.745454545454544E-01,-5.041568096923301E-01,  1.0
-7.545454545454545E-01,-4.418181818181817E-01, -1.0
-6.745454545454544E-01,-5.036363636363637E-01,  1.0
-7.545454545454545E-01,-4.254545454545454E-01, -1.0
-6.993475559329749E-01,-4.072727272727272E-01,  1.0
-7.358759783663922E-01,-3.890909090909090E-01, -1.0
-7.145454545454545E-01,-4.100489252842930E-01,  1.0
-7.345454545454545E-01,-3.927272727272727E-01, -1.0
-7.945454545454546E-01,-2.945454545454544E-01,  1.0
-7.345454545454545E-01,-3.820008524655079E-01, -1.0
-7.945454545454546E-01,-2.745748235756811E-01,  1.0
-7.345454545454545E-01,-3.800000000000000E-01, -1.0
-7.345454545454545E-01,-2.218181818181817E-01,  1.0
-7.745454545454545E-01,-2.716647916629709E-01, -1.0
-7.345454545454545E-01,-2.133164049014077E-01,  1.0
-7.622206062303070E-01,-2.828834872514341E-01, -1.0
-7.745454545454545E-01,-1.842535039852105E-01,  1.0
-7.145454545454545E-01,-1.309090909090908E-01, -1.0
-7.745454545454545E-01,-1.927272727272727E-01,  1.0
-7.145454545454545E-01,-1.145454545454545E-01, -1.0
-7.890009480326213E-01,-1.763636363636363E-01,  1.0
-6.984583485756881E-01,-1.181818181818181E-01, -1.0
-7.745454545454545E-01,-1.310238964179498E-01,  1.0
-6.767807017550242E-01,-4.181818181818172E-02, -1.0
-7.545454545454545E-01,-7.509692779161813E-02,  1.0
-8.545454545454546E-01, 1.454545454545465E-02, -1.0
-7.548681855128198E-01,-7.888782029565281E-02,  1.0
-8.165740419065541E-01, 4.845864203254717E-02, -1.0
-7.668240032186412E-01,-6.174296575607811E-02,  1.0
-8.345454545454546E-01, 2.727272727272739E-02, -1.0
-7.345454545454545E-01, 6.545454545454557E-02,  1.0
-8.345454545454546E-01, 4.363636363636375E-02, -1.0
-7.345454545454545E-01, 5.465882890730826E-02,  1.0
-8.146494737432490E-01, 3.409675187516781E-02, -1.0
-7.220548464785503E-01, 7.818181818181832E-02,  1.0
-7.345454545454545E-01, 1.363636363636365E-01, -1.0
-7.781519865995150E-01, 1.745454545454547E-01,  1.0
-7.323524997996549E-01, 1.327272727272728E-01, -1.0
-7.767756294924787E-01, 1.909090909090910E-01,  1.0
-7.206633130068103E-01, 2.643513753492163E-01, -1.0
-7.642534391261931E-01, 1.672727272727274E-01,  1.0
-7.127539373648375E-01, 2.603281504717441E-01, -1.0
-8.308359172710685E-01, 2.236363636363637E-01,  1.0
-7.145454545454545E-01, 2.737603720851193E-01, -1.0
-7.945454545454546E-01, 3.400000000000002E-01,  1.0
-7.145454545454545E-01, 3.293122836066039E-01, -1.0
-7.879954007093964E-01, 3.459948353426419E-01,  1.0
-7.145454545454545E-01, 3.430264631538051E-01, -1.0
-7.446197455808952E-01, 4.367962068111871E-01,  1.0
-7.945454545454546E-01, 4.109090909090911E-01, -1.0
-7.345454545454545E-01, 4.290909090909093E-01,  1.0
-7.945454545454546E-01, 4.085790982604763E-01, -1.0
-7.234292109821352E-01, 4.388043596848515E-01,  1.0
-7.745454545454545E-01, 5.236363636363638E-01, -1.0
-7.345454545454545E-01, 4.418181818181819E-01,  1.0
-7.545454545454545E-01, 5.179229854797028E-01, -1.0
-7.345454545454545E-01, 4.381818181818183E-01,  1.0
-7.145454545454545E-01, 5.563636363636366E-01, -1.0
-7.943166459618838E-01, 5.745454545454547E-01,  1.0
-7.145454545454545E-01, 5.527272727272728E-01, -1.0
-7.945454545454546E-01, 5.709090909090910E-01,  1.0
-7.330901691978792E-01, 6.690909090909093E-01, -1.0
-7.979299111739625E-01, 5.829912403382076E-01,  1.0
-7.345454545454545E-01, 6.778839883293923E-01, -1.0
-7.804085047988978E-01, 6.436363636363638E-01,  1.0
-7.757543747230838E-01, 7.418181818181820E-01, -1.0
-6.945454545454545E-01, 7.200000000000002E-01,  1.0
-7.745454545454545E-01, 7.552838342043602E-01, -1.0
-6.994268274989682E-01, 7.163636363636365E-01,  1.0
-7.367106983557630E-01, 8.215739735779217E-01, -1.0
-8.345454545454546E-01, 8.114574860530367E-01,  1.0
-7.345454545454545E-01, 8.109090909090911E-01, -1.0
-8.545454545454546E-01, 8.076324508844650E-01,  1.0
-7.345454545454545E-01, 8.072727272727275E-01, -1.0
-7.945454545454546E-01, 9.054545454545457E-01,  1.0
-7.173102279741912E-01, 8.236363636363638E-01, -1.0
-7.745454545454545E-01, 9.166607812207991E-01,  1.0
-6.945454545454545E-01, 8.400000000000002E-01, -1.0
-6.963636363636363E-01,-8.200000000000000E-01, -1.0
-7.503999314588159E-01,-9.618181818181819E-01,  1.0
-6.963636363636363E-01,-8.250158436053125E-01, -1.0
-7.572840950845834E-01,-8.646800597181925E-01,  1.0
-7.763636363636364E-01,-8.272727272727273E-01, -1.0
-7.563636363636363E-01,-8.008896741608860E-01,  1.0
-6.963636363636363E-01,-8.375622446493713E-01, -1.0
-7.460330447107101E-01,-8.037628534140144E-01,  1.0
-7.163636363636363E-01,-7.345454545454545E-01, -1.0
-7.963636363636364E-01,-7.143037032461093E-01,  1.0
-7.068664864681756E-01,-6.381818181818181E-01, -1.0
-7.963636363636364E-01,-7.200000000000000E-01,  1.0
-7.163636363636363E-01,-6.218181818181817E-01, -1.0
-7.946638946799898E-01,-7.036325505424033E-01,  1.0
-7.163636363636363E-01,-6.254545454545454E-01, -1.0
-8.163636363636364E-01,-5.672727272727272E-01,  1.0
-7.194435689867970E-01,-6.346294260192736E-01, -1.0
-8.163636363636364E-01,-5.625552838366816E-01,  1.0
-7.163636363636363E-01,-6.322478903976742E-01, -1.0
-7.963636363636364E-01,-5.545454545454546E-01,  1.0
-7.232855971497198E-01,-5.963636363636364E-01, -1.0
-8.177813860690240E-01,-5.572876855415305E-01,  1.0
-7.363636363636363E-01,-5.599999999999999E-01, -1.0
-6.939053838283599E-01,-5.018181818181817E-01,  1.0
-7.672267530079884E-01,-4.273897902651596E-01, -1.0
-6.879459891829244E-01,-5.054545454545455E-01,  1.0
-7.563636363636363E-01,-4.305264894026040E-01, -1.0
-7.299314494389940E-01,-4.064396882085179E-01,  1.0
-7.363636363636363E-01,-3.909090909090909E-01, -1.0
-7.444545465631276E-01,-4.127272727272727E-01,  1.0
-7.365696493441619E-01,-3.897525162057329E-01, -1.0
-7.763636363636364E-01,-2.763636363636363E-01,  1.0
-7.238235172542047E-01,-3.981818181818182E-01, -1.0
-7.363636363636363E-01,-2.258563813800366E-01,  1.0
-7.545741109528908E-01,-3.618181818181818E-01, -1.0
-6.963636363636363E-01,-2.505006488478089E-01,  1.0
-7.713139901442553E-01,-2.811690979705804E-01, -1.0
-7.363636363636363E-01,-2.272727272727272E-01,  1.0
-7.563636363636363E-01,-2.922662810357503E-01, -1.0
-7.259166474420724E-01,-2.220846486694994E-01,  1.0
-7.163636363636363E-01,-1.327272727272726E-01, -1.0
-7.721614535198300E-01,-1.945454545454545E-01,  1.0
-7.008123523282562E-01,-1.163636363636363E-01, -1.0
-7.763636363636364E-01,-1.381818181818181E-01,  1.0
-7.163636363636363E-01,-1.199999999999999E-01, -1.0
-7.563636363636363E-01,-8.181818181818172E-02,  1.0
-6.763636363636363E-01,-4.363636363636354E-02, -1.0
-7.563636363636363E-01,-7.781398389702948E-02,  1.0
-7.163636363636363E-01,-9.890972886259982E-03, -1.0
-7.563636363636363E-01,-6.909090909090899E-02,  1.0
-6.970609390513542E-01, 9.090909090909200E-03, -1.0
-7.363636363636363E-01, 5.193054538396354E-02,  1.0
-8.363636363636364E-01, 3.247915686732641E-02, -1.0
-7.363636363636363E-01, 6.363636363636375E-02,  1.0
-7.271904058194616E-01, 1.418181818181819E-01, -1.0
-7.363636363636363E-01, 6.000000000000013E-02,  1.0
-7.264660731987311E-01, 1.282112472724405E-01, -1.0
-6.822577166317916E-01, 1.466912329386036E-01,  1.0
-7.163636363636363E-01, 1.692583702617121E-01, -1.0
-7.763636363636364E-01, 1.727272727272729E-01,  1.0
-6.963636363636363E-01, 2.109090909090910E-01, -1.0
-7.763636363636364E-01, 1.819804292508725E-01,  1.0
-7.163636363636363E-01, 2.672727272727274E-01, -1.0
-7.963636363636364E-01, 1.654545454545455E-01,  1.0
-7.163636363636363E-01, 2.636363636363638E-01, -1.0
-7.963636363636364E-01, 3.437774245699691E-01,  1.0
-7.163636363636363E-01, 2.800000000000001E-01, -1.0
-7.950556110134392E-01, 3.381818181818184E-01,  1.0
-7.163636363636363E-01, 3.363636363636365E-01, -1.0
-7.317332868444997E-01, 4.345454545454548E-01,  1.0
-7.163636363636363E-01, 3.327272727272729E-01, -1.0
-7.256650892826846E-01, 4.309090909090911E-01,  1.0
-7.563636363636363E-01, 3.690909090909092E-01, -1.0
-7.363636363636363E-01, 4.272727272727274E-01,  1.0
-7.563636363636363E-01, 5.254545454545456E-01, -1.0
-7.363636363636363E-01, 4.443726096136991E-01,  1.0
-6.963636363636363E-01, 5.218181818181820E-01, -1.0
-7.399654545044437E-01, 4.499708654553808E-01,  1.0
-7.163636363636363E-01, 5.581818181818184E-01, -1.0
-7.363636363636363E-01, 4.363636363636365E-01,  1.0
-7.163636363636363E-01, 5.545454545454547E-01, -1.0
-7.991899173723375E-01, 5.727272727272729E-01,  1.0
-7.068785171216838E-01, 5.563141825330062E-01, -1.0
-7.974693069912316E-01, 5.678858181787549E-01,  1.0
-6.963636363636363E-01, 6.472727272727274E-01, -1.0
-7.763636363636364E-01, 6.454545454545456E-01,  1.0
-6.972705889828469E-01, 6.515327244615509E-01, -1.0
-6.963636363636363E-01, 7.218181818181820E-01,  1.0
-7.705760774240306E-01, 7.479995203195130E-01, -1.0
-6.963636363636363E-01, 7.202657106759106E-01,  1.0
-7.238936938665765E-01, 8.163636363636366E-01, -1.0
-6.863498582568813E-01, 7.155883492495017E-01,  1.0
-7.363636363636363E-01, 8.119870866816303E-01, -1.0
-6.963636363636363E-01, 7.200579147587383E-01,  1.0
-7.245777504432241E-01, 8.090909090909093E-01, -1.0
-6.867781880728838E-01, 7.351815986005495E-01,  1.0
-7.363636363636363E-01, 8.254545454545457E-01, -1.0
-7.763636363636364E-01, 9.026841519812332E-01,  1.0
-7.163636363636363E-01, 8.218181818181820E-01, -1.0
-7.763636363636364E-01, 9.029022286137971E-01,  1.0
-7.581818181818182E-01,-9.800000000000001E-01,  1.0
-6.981818181818181E-01,-8.218181818181818E-01, -1.0
-7.581818181818182E-01,-8.836363636363637E-01,  1.0
-6.827575078368332E-01,-8.254545454545454E-01, -1.0
-7.581818181818182E-01,-8.681860408531787E-01,  1.0
-6.781818181818181E-01,-8.333051286425899E-01, -1.0
-7.581818181818182E-01,-7.909090909090909E-01,  1.0
-7.181818181818181E-01,-7.527272727272727E-01, -1.0
-7.498382734198349E-01,-7.945454545454546E-01,  1.0
-7.181818181818181E-01,-7.363636363636363E-01, -1.0
-7.981818181818182E-01,-7.181818181818181E-01,  1.0
-7.158448567102466E-01,-6.399999999999999E-01, -1.0
-6.781818181818181E-01,-7.018181818181818E-01,  1.0
-7.181818181818181E-01,-6.324105266226440E-01, -1.0
-6.640139509720424E-01,-6.981102362515130E-01,  1.0
-7.151266019318789E-01,-6.339348103313059E-01, -1.0
-8.181818181818182E-01,-5.490909090909091E-01,  1.0
-7.181818181818181E-01,-6.309090909090910E-01, -1.0
-6.581818181818181E-01,-5.327272727272727E-01,  1.0
-7.381818181818182E-01,-5.610249760759910E-01, -1.0
-6.581818181818181E-01,-5.163636363636364E-01,  1.0
-7.381818181818182E-01,-5.781818181818182E-01, -1.0
-6.581818181818181E-01,-5.199999999999999E-01,  1.0
-7.581818181818182E-01,-4.418181818181817E-01, -1.0
-6.581818181818181E-01,-5.131060787470290E-01,  1.0
-7.683789998212973E-01,-4.333501508497976E-01, -1.0
-7.181818181818181E-01,-4.072727272727272E-01,  1.0
-6.983306415461799E-01,-4.290909090909091E-01, -1.0
-6.381818181818181E-01,-3.620671441693225E-01,  1.0
-7.204848771376815E-01,-3.927272727272727E-01, -1.0
-6.581818181818181E-01,-2.745454545454544E-01,  1.0
-7.381818181818182E-01,-3.923538648013692E-01, -1.0
-6.981818181818181E-01,-2.581818181818181E-01,  1.0
-7.381818181818182E-01,-3.800000000000000E-01, -1.0
-7.381818181818182E-01,-2.115364221046245E-01,  1.0
-7.581818181818182E-01,-2.836363636363636E-01, -1.0
-7.181818181818181E-01,-2.254545454545454E-01,  1.0
-7.576539122738932E-01,-2.872727272727272E-01, -1.0
-7.181818181818181E-01,-2.290909090909090E-01,  1.0
-7.181818181818181E-01,-1.337452821249004E-01, -1.0
-7.781818181818182E-01,-1.927272727272727E-01,  1.0
-7.076674883402951E-01,-1.145454545454545E-01, -1.0
-6.798842625004041E-01,-1.163636363636363E-01,  1.0
-7.146324339360156E-01,-1.181818181818181E-01, -1.0
-7.726143437055707E-01,-7.999999999999992E-02,  1.0
-6.781818181818181E-01,-4.181818181818172E-02, -1.0
-7.583644321582800E-01,-8.363636363636354E-02,  1.0
-6.665188126829642E-01,-4.545454545454536E-02, -1.0
-7.679115312310359E-01,-6.727272727272718E-02,  1.0
-6.817834685205397E-01,-9.090909090908985E-03, -1.0
-7.181818181818181E-01, 6.909090909090920E-02,  1.0
-6.981818181818181E-01, 8.717456612540827E-03, -1.0
-7.381818181818182E-01, 5.954667978960759E-02,  1.0
-6.283921913528059E-01, 9.314763403549543E-02, -1.0
-7.381818181818182E-01, 6.181818181818193E-02,  1.0
-7.375723357787152E-01, 1.200000000000001E-01, -1.0
-6.971622654578281E-01, 1.333813502653709E-01,  1.0
-7.381818181818182E-01, 1.363636363636365E-01, -1.0
-7.781818181818182E-01, 1.791373814054480E-01,  1.0
-6.981818181818181E-01, 1.927272727272729E-01, -1.0
-7.781818181818182E-01, 1.868374988924378E-01,  1.0
-7.169117783684682E-01, 2.690909090909093E-01, -1.0
-7.581818181818182E-01, 1.737828308484053E-01,  1.0
-7.181818181818181E-01, 2.654545454545456E-01, -1.0
-8.162087946711244E-01, 1.836363636363637E-01,  1.0
-6.999111008366229E-01, 2.618181818181819E-01, -1.0
-7.981818181818182E-01, 3.555957681665680E-01,  1.0
-7.011263616955361E-01, 3.516564865200656E-01, -1.0
-7.981818181818182E-01, 3.363636363636365E-01,  1.0
-7.181818181818181E-01, 3.181198191325296E-01, -1.0
-7.280275724651640E-01, 4.327272727272730E-01,  1.0
-7.181818181818181E-01, 3.509090909090911E-01, -1.0
-7.273387925653190E-01, 4.374039291455847E-01,  1.0
-6.981818181818181E-01, 3.472727272727273E-01, -1.0
-7.381818181818182E-01, 4.454545454545456E-01,  1.0
-6.788011002590359E-01, 5.036363636363638E-01, -1.0
-7.381818181818182E-01, 4.418181818181819E-01,  1.0
-7.054047204058309E-01, 5.600000000000003E-01, -1.0
-7.339413795881905E-01, 4.466829752122128E-01,  1.0
-7.181818181818181E-01, 5.563636363636366E-01, -1.0
-6.581818181818181E-01, 5.400217005902882E-01,  1.0
-7.181818181818181E-01, 5.527272727272728E-01, -1.0
-6.616406819453056E-01, 5.663891876580238E-01,  1.0
-7.058001058818475E-01, 5.490909090909092E-01, -1.0
-7.996334089257486E-01, 5.730792536076941E-01,  1.0
-6.843184469894505E-01, 6.454545454545456E-01, -1.0
-7.981818181818182E-01, 6.245620231112664E-01,  1.0
-6.981818181818181E-01, 6.468957577031031E-01, -1.0
-6.981818181818181E-01, 7.200000000000002E-01,  1.0
-7.381818181818182E-01, 8.181818181818185E-01, -1.0
-6.981818181818181E-01, 7.163636363636365E-01,  1.0
-7.381818181818182E-01, 8.145454545454548E-01, -1.0
-6.981818181818181E-01, 7.327272727272729E-01,  1.0
-7.209972745118207E-01, 8.109090909090911E-01, -1.0
-6.781818181818181E-01, 7.490909090909093E-01,  1.0
-7.381818181818182E-01, 8.072727272727275E-01, -1.0
-7.781818181818182E-01, 9.185883761004197E-01,  1.0
-6.981818181818181E-01, 8.236363636363638E-01, -1.0
-7.781818181818182E-01, 9.218276771370931E-01,  1.0
-7.163876731397245E-01, 8.400000000000002E-01, -1.0
-6.799999999999999E-01,-8.400000000000000E-01, -1.0
-6.837416887927874E-01,-9.552646350835886E-01,  1.0
-6.799999999999999E-01,-8.236363636363636E-01, -1.0
-6.549654397924999E-01,-9.454545454545455E-01,  1.0
-6.799999999999999E-01,-8.272727272727273E-01, -1.0
-7.400000000000000E-01,-7.890909090909091E-01,  1.0
-6.799999999999999E-01,-8.297418377499555E-01, -1.0
-7.568580230594885E-01,-7.927272727272727E-01,  1.0
-7.123035266891337E-01,-7.263029716875246E-01, -1.0
-6.799999999999999E-01,-7.163636363636363E-01,  1.0
-7.200000000000000E-01,-7.381818181818182E-01, -1.0
-6.799999999999999E-01,-7.101503471269769E-01,  1.0
-7.200000000000000E-01,-6.418181818181817E-01, -1.0
-6.599999999999999E-01,-7.036363636363636E-01,  1.0
-7.049492933324020E-01,-6.254545454545454E-01, -1.0
-6.599999999999999E-01,-5.272727272727271E-01,  1.0
-7.200000000000000E-01,-6.290909090909091E-01, -1.0
-6.546102952359855E-01,-5.109090909090909E-01,  1.0
-7.200000000000000E-01,-6.327272727272728E-01, -1.0
-6.599999999999999E-01,-5.145454545454545E-01,  1.0
-7.000000000000000E-01,-6.163636363636364E-01, -1.0
-6.645425930354274E-01,-5.181818181818182E-01,  1.0
-7.225801015149209E-01,-5.800000000000000E-01, -1.0
-6.599999999999999E-01,-5.018181818181817E-01,  1.0
-7.600000000000000E-01,-4.436363636363636E-01, -1.0
-6.552056568299789E-01,-5.254545454545455E-01,  1.0
-7.159455725463990E-01,-4.472727272727273E-01, -1.0
-6.199999999999999E-01,-3.490909090909090E-01,  1.0
-7.400000000000000E-01,-3.909090909090909E-01, -1.0
-6.199999999999999E-01,-3.666181401931807E-01,  1.0
-7.335247757324987E-01,-3.869223269682218E-01, -1.0
-6.599999999999999E-01,-2.763636363636363E-01,  1.0
-7.345825488542892E-01,-3.981818181818182E-01, -1.0
-6.799999999999999E-01,-2.599999999999999E-01,  1.0
-6.399999999999999E-01,-2.018181818181817E-01, -1.0
-7.200000000000000E-01,-2.236363636363635E-01,  1.0
-6.399999999999999E-01,-1.854545454545453E-01, -1.0
-6.799999999999999E-01,-2.426444081276953E-01,  1.0
-6.199999999999999E-01,-1.490909090909090E-01, -1.0
-7.184453406711251E-01,-2.308458901672118E-01,  1.0
-7.112724401681673E-01,-1.127272727272726E-01, -1.0
-7.182013703902761E-01,-2.145454545454545E-01,  1.0
-7.000000000000000E-01,-1.250118906920391E-01, -1.0
-6.601211441203804E-01,-1.043434266247434E-01,  1.0
-6.728412882384891E-01,-3.999999999999992E-02, -1.0
-7.600000000000000E-01,-9.686513181863660E-02,  1.0
-6.799999999999999E-01,-4.363636363636354E-02, -1.0
-7.678030971231350E-01,-8.460126316340651E-02,  1.0
-7.000000000000000E-01,-2.727272727272717E-02, -1.0
-5.999999999999999E-01, 3.601953970187265E-03,  1.0
-6.902771431099860E-01,-1.090909090909080E-02, -1.0
-7.200000000000000E-01, 6.095390669149649E-02,  1.0
-6.399999999999999E-01, 8.545454545454556E-02, -1.0
-7.200000000000000E-01, 6.363636363636375E-02,  1.0
-6.406463103265544E-01, 1.018181818181819E-01, -1.0
-7.200000000000000E-01, 6.000000000000013E-02,  1.0
-7.200000000000000E-01, 1.381818181818183E-01, -1.0
-7.000000000000000E-01, 1.363636363636365E-01,  1.0
-7.200000000000000E-01, 1.745454545454547E-01, -1.0
-6.935527963304688E-01, 1.461968571054413E-01,  1.0
-7.109748499166375E-01, 2.633546365172222E-01, -1.0
-6.131782403660169E-01, 1.893175188504134E-01,  1.0
-7.000000000000000E-01, 2.672727272727274E-01, -1.0
-8.000000000000000E-01, 1.654545454545455E-01,  1.0
-7.000000000000000E-01, 2.636363636363638E-01, -1.0
-7.800000000000000E-01, 3.418181818181820E-01,  1.0
-7.010003054069507E-01, 2.800000000000001E-01, -1.0
-7.800000000000000E-01, 3.381818181818184E-01,  1.0
-7.000000000000000E-01, 3.363636363636365E-01, -1.0
-6.199999999999999E-01, 3.545454545454547E-01,  1.0
-7.200000000000000E-01, 3.327272727272729E-01, -1.0
-7.400000000000000E-01, 4.309090909090911E-01,  1.0
-7.177448489048756E-01, 3.490909090909092E-01, -1.0
-7.400000000000000E-01, 4.272727272727274E-01,  1.0
-6.599999999999999E-01, 4.654545454545456E-01, -1.0
-7.400000000000000E-01, 4.436363636363638E-01,  1.0
-6.599999999999999E-01, 4.618181818181820E-01, -1.0
-7.400000000000000E-01, 4.400000000000002E-01,  1.0
-7.000000000000000E-01, 5.581818181818184E-01, -1.0
-6.533773177023745E-01, 5.466157786111954E-01,  1.0
-7.200000000000000E-01, 5.545454545454547E-01, -1.0
-6.599999999999999E-01, 5.527272727272728E-01,  1.0
-7.000000000000000E-01, 6.509090909090911E-01, -1.0
-6.599999999999999E-01, 5.490909090909092E-01,  1.0
-7.000000000000000E-01, 6.437361336446891E-01, -1.0
-6.834107179601571E-01, 7.254545454545457E-01,  1.0
-7.000000000000000E-01, 6.615677631968622E-01, -1.0
-6.799999999999999E-01, 7.218181818181820E-01,  1.0
-7.000000000000000E-01, 6.600000000000001E-01, -1.0
-6.799999999999999E-01, 7.239768951492105E-01,  1.0
-7.000000000000000E-01, 6.563636363636365E-01, -1.0
-7.000000000000000E-01, 7.200287737420591E-01,  1.0
-7.225869128500473E-01, 8.256721841972926E-01, -1.0
-6.804972173061843E-01, 7.318853413046814E-01,  1.0
-7.047945545430108E-01, 8.290909090909093E-01, -1.0
-6.600724395139612E-01, 7.472727272727274E-01,  1.0
-7.200000000000000E-01, 8.328226579599344E-01, -1.0
-7.800000000000000E-01, 9.036363636363639E-01,  1.0
-7.118695891765863E-01, 8.177710982106009E-01, -1.0
-8.000000000000000E-01, 9.900000000000000E-01,  1.0
-6.829719449388524E-01,-9.600762693194088E-01,  1.0
-6.818181818181818E-01,-8.418181818181818E-01, -1.0
-7.018181818181818E-01,-9.436363636363637E-01,  1.0
-6.818181818181818E-01,-8.254545454545454E-01, -1.0
-6.218181818181817E-01,-7.739241935713700E-01,  1.0
-6.818181818181818E-01,-8.290909090909091E-01, -1.0
-6.237945853278188E-01,-7.709090909090909E-01,  1.0
-7.048912039036509E-01,-7.327272727272727E-01, -1.0
-6.225287664578483E-01,-7.545454545454545E-01,  1.0
-7.218181818181818E-01,-7.363636363636363E-01, -1.0
-6.618181818181817E-01,-6.981818181818181E-01,  1.0
-7.218181818181818E-01,-7.200000000000000E-01, -1.0
-6.618181818181817E-01,-7.109560587363334E-01,  1.0
-7.218181818181818E-01,-6.236363636363635E-01, -1.0
-6.818181818181818E-01,-7.054545454545454E-01,  1.0
-7.218181818181818E-01,-6.272521765591900E-01, -1.0
-6.618181818181817E-01,-5.126812349282730E-01,  1.0
-7.136337140689099E-01,-6.309090909090910E-01, -1.0
-6.484968701304288E-01,-5.127272727272727E-01,  1.0
-7.018181818181818E-01,-6.334889250309765E-01, -1.0
-6.618181818181817E-01,-5.163636363636364E-01,  1.0
-7.218181818181818E-01,-6.164393501106922E-01, -1.0
-6.618181818181817E-01,-5.199999999999999E-01,  1.0
-7.418181818181818E-01,-4.418181818181817E-01, -1.0
-6.618181818181817E-01,-5.236363636363637E-01,  1.0
-7.109180095623537E-01,-4.254545454545454E-01, -1.0
-6.018181818181817E-01,-3.583160609909020E-01,  1.0
-7.151033081500453E-01,-4.290909090909091E-01, -1.0
-6.018181818181817E-01,-3.293676978742375E-01,  1.0
-7.262384117340080E-01,-4.010121032846226E-01, -1.0
-6.418181818181817E-01,-2.745454545454544E-01,  1.0
-7.218181818181818E-01,-3.763636363636363E-01, -1.0
-6.418181818181817E-01,-2.781818181818181E-01,  1.0
-7.186712555563246E-01,-3.887940779543862E-01, -1.0
-6.818181818181818E-01,-2.619307650193172E-01,  1.0
-6.585323391816106E-01,-2.036363636363635E-01, -1.0
-6.418181818181817E-01,-2.654545454545454E-01,  1.0
-6.218181818181817E-01,-1.472727272727271E-01, -1.0
-7.258866713459140E-01,-2.232246146552924E-01,  1.0
-7.018181818181818E-01,-1.309090909090908E-01, -1.0
-7.214989034595194E-01,-2.127272727272727E-01,  1.0
-7.018181818181818E-01,-1.120045736703537E-01, -1.0
-6.618181818181817E-01,-1.163636363636363E-01,  1.0
-6.018181818181817E-01,-1.381818181818181E-01, -1.0
-6.618181818181817E-01,-1.110124812537966E-01,  1.0
-6.671963683879009E-01,-4.181818181818172E-02, -1.0
-6.613006674357585E-01,-1.010842068479102E-01,  1.0
-6.742147260816648E-01,-4.545454545454536E-02, -1.0
-7.418181818181818E-01,-7.191412532940282E-02,  1.0
-6.818181818181818E-01, 6.915010239310295E-03, -1.0
-6.202804419480523E-01, 9.090909090909200E-03,  1.0
-7.018181818181818E-01,-1.272727272727262E-02, -1.0
-6.033600502465480E-01, 5.454545454545563E-03,  1.0
-6.418181818181817E-01, 8.363636363636374E-02, -1.0
-7.218181818181818E-01, 6.066695320688800E-02,  1.0
-6.218181818181817E-01, 8.000000000000013E-02, -1.0
-7.018181818181818E-01, 1.381818181818183E-01,  1.0
-6.418181818181817E-01, 9.922426225992849E-02, -1.0
-7.018181818181818E-01, 1.345454545454547E-01,  1.0
-6.306388137274502E-01, 1.146476974503036E-01, -1.0
-7.018181818181818E-01, 1.309090909090910E-01,  1.0
-7.018181818181818E-01, 2.776014764334972E-01, -1.0
-6.099616015835851E-01, 2.072727272727274E-01,  1.0
-7.018181818181818E-01, 2.654545454545456E-01, -1.0
-6.013324709795765E-01, 2.036363636363637E-01,  1.0
-7.018181818181818E-01, 2.618181818181819E-01, -1.0
-6.418181818181817E-01, 3.600000000000002E-01,  1.0
-7.018181818181818E-01, 2.668649121761181E-01, -1.0
-6.302498244981402E-01, 3.563636363636365E-01,  1.0
-7.018181818181818E-01, 3.345454545454547E-01, -1.0
-6.218181818181817E-01, 3.699231120574978E-01,  1.0
-7.058899413847189E-01, 3.319316915737777E-01, -1.0
-7.326655585889406E-01, 4.290909090909093E-01,  1.0
-6.618181818181817E-01, 4.620149672663059E-01, -1.0
-7.218181818181818E-01, 4.454545454545456E-01,  1.0
-6.418181818181817E-01, 4.636363636363638E-01, -1.0
-7.218181818181818E-01, 4.418181818181819E-01,  1.0
-7.082847016599888E-01, 5.600000000000003E-01, -1.0
-7.306529486947172E-01, 4.381818181818183E-01,  1.0
-7.150147652381158E-01, 5.563636363636366E-01, -1.0
-6.618181818181817E-01, 5.366116069290129E-01,  1.0
-7.218181818181818E-01, 5.495101754567605E-01, -1.0
-6.618181818181817E-01, 5.509090909090910E-01,  1.0
-6.882110199727223E-01, 6.490909090909093E-01, -1.0
-7.818181818181819E-01, 5.804308730332998E-01,  1.0
-6.818181818181818E-01, 6.520807215585200E-01, -1.0
-6.916583626016596E-01, 7.236363636363639E-01,  1.0
-6.818181818181818E-01, 6.618181818181820E-01, -1.0
-6.818181818181818E-01, 7.200000000000002E-01,  1.0
-6.818181818181818E-01, 6.581818181818183E-01, -1.0
-6.818181818181818E-01, 7.163636363636365E-01,  1.0
-7.418181818181818E-01, 8.145454545454548E-01, -1.0
-6.818181818181818E-01, 7.351663574950946E-01,  1.0
-7.218181818181818E-01, 8.309090909090912E-01, -1.0
-6.830022795839670E-01, 7.290909090909092E-01,  1.0
-7.018181818181818E-01, 8.238972250384393E-01, -1.0
-6.218181818181817E-01, 9.254545454545458E-01,  1.0
-7.322353328028267E-01, 8.236363636363638E-01, -1.0
-6.218181818181817E-01, 9.418181818181821E-01,  1.0
-7.105881183176163E-01, 8.367318855766505E-01, -1.0
-5.636363636363635E-01,-8.255043067476939E-01, -1.0
-6.836363636363636E-01,-9.418181818181819E-01,  1.0
-6.791402595403504E-01,-8.379318990209005E-01, -1.0
-6.492139278018925E-01,-9.367232736160562E-01,  1.0
-6.996691074644619E-01,-8.272727272727273E-01, -1.0
-6.233153791971419E-01,-7.739766448984343E-01,  1.0
-7.001294074554241E-01,-7.345558844779069E-01, -1.0
-6.236363636363635E-01,-7.727272727272727E-01,  1.0
-6.899194523702122E-01,-8.251877264527382E-01, -1.0
-6.636363636363636E-01,-7.136476774301127E-01,  1.0
-6.236363636363635E-01,-6.867512401170247E-01, -1.0
-6.636363636363636E-01,-7.052113764973950E-01,  1.0
-6.236363636363635E-01,-7.018181818181818E-01, -1.0
-5.943551294095825E-01,-6.036363636363635E-01,  1.0
-6.213352311239062E-01,-6.869643409326678E-01, -1.0
-6.636363636363636E-01,-6.984897483803305E-01,  1.0
-7.036363636363636E-01,-6.290909090909091E-01, -1.0
-5.781252820244245E-01,-5.781560009246904E-01,  1.0
-7.195338675352786E-01,-6.359606209162431E-01, -1.0
-6.508084220197293E-01,-5.145454545454545E-01,  1.0
-7.036363636363636E-01,-6.363636363636365E-01, -1.0
-6.482825737809237E-01,-5.304389128705781E-01,  1.0
-6.036363636363635E-01,-5.599999999999999E-01, -1.0
-6.557716169162658E-01,-5.203405076450318E-01,  1.0
-7.236363636363636E-01,-4.436363636363636E-01, -1.0
-5.873848561764241E-01,-3.836594347362536E-01,  1.0
-7.166905185075181E-01,-4.299572975099303E-01, -1.0
-5.836363636363635E-01,-3.517050901098389E-01,  1.0
-7.436363636363637E-01,-3.783768653150972E-01, -1.0
-5.836363636363635E-01,-3.327272727272726E-01,  1.0
-7.236363636363636E-01,-3.945454545454545E-01, -1.0
-6.550851315371568E-01,-2.646753102734690E-01,  1.0
-7.036363636363636E-01,-3.981818181818182E-01, -1.0
-6.399838710124903E-01,-2.795342279582367E-01,  1.0
-6.546875143352954E-01,-2.018181818181817E-01, -1.0
-6.836363636363636E-01,-2.636363636363636E-01,  1.0
-6.236363636363635E-01,-1.854545454545453E-01, -1.0
-7.236363636363636E-01,-2.271290859609705E-01,  1.0
-6.036363636363635E-01,-1.472696187345742E-01, -1.0
-7.236363636363636E-01,-2.309090909090909E-01,  1.0
-6.236363636363635E-01,-1.327272727272726E-01, -1.0
-7.100963628357907E-01,-2.322537183270481E-01,  1.0
-6.036363636363635E-01,-1.436544913446890E-01, -1.0
-6.636363636363636E-01,-1.028136345581778E-01,  1.0
-6.836363636363636E-01,-3.999999999999992E-02, -1.0
-6.636363636363636E-01,-1.018181818181817E-01,  1.0
-6.836363636363636E-01,-4.363636363636354E-02, -1.0
-6.578457035499495E-01,-8.545454545454535E-02,  1.0
-6.733937884242132E-01,-2.727272727272717E-02, -1.0
-5.836363636363635E-01, 1.090909090909101E-02,  1.0
-6.436363636363636E-01, 8.909090909090919E-02, -1.0
-5.836363636363635E-01, 7.272727272727384E-03,  1.0
-6.309618448674768E-01, 8.545454545454556E-02, -1.0
-7.236363636363636E-01, 6.363636363636375E-02,  1.0
-6.436363636363636E-01, 9.785234189197528E-02, -1.0
-6.836363636363636E-01, 1.200000000000001E-01,  1.0
-6.369901312786819E-01, 8.645624866675747E-02, -1.0
-6.836363636363636E-01, 1.363636363636365E-01,  1.0
-6.436363636363636E-01, 9.454545454545468E-02, -1.0
-6.836363636363636E-01, 1.327272727272728E-01,  1.0
-6.397197159888772E-01, 1.109090909090910E-01, -1.0
-6.018722592433281E-01, 1.890909090909092E-01,  1.0
-7.036363636363636E-01, 2.672727272727274E-01, -1.0
-6.036363636363635E-01, 2.054545454545456E-01,  1.0
-7.036363636363636E-01, 2.663484076728589E-01, -1.0
-6.236363636363635E-01, 3.383087803390427E-01,  1.0
-7.036363636363636E-01, 2.600000000000001E-01, -1.0
-6.236363636363635E-01, 3.581818181818184E-01,  1.0
-7.036363636363636E-01, 2.963636363636365E-01, -1.0
-6.236363636363635E-01, 3.713237882331614E-01,  1.0
-7.137278682257775E-01, 3.367607178272666E-01, -1.0
-7.208210651345178E-01, 4.309090909090911E-01,  1.0
-6.569723695990188E-01, 4.690909090909093E-01, -1.0
-6.036363636363635E-01, 3.918220384169677E-01,  1.0
-6.436363636363636E-01, 4.654545454545456E-01, -1.0
-7.236363636363636E-01, 4.436363636363638E-01,  1.0
-6.436363636363636E-01, 4.618181818181820E-01, -1.0
-6.636363636363636E-01, 5.400000000000003E-01,  1.0
-7.186393677247636E-01, 5.381818181818184E-01, -1.0
-6.636363636363636E-01, 5.563636363636366E-01,  1.0
-7.236363636363636E-01, 5.407905157523684E-01, -1.0
-6.616721382259956E-01, 5.520109342666962E-01,  1.0
-6.947502033928750E-01, 6.597896382537848E-01, -1.0
-6.636363636363636E-01, 5.490909090909092E-01,  1.0
-6.854756005556463E-01, 6.472727272727274E-01, -1.0
-6.259332919380226E-01, 6.254545454545456E-01,  1.0
-6.992051817949544E-01, 6.484801340212986E-01, -1.0
-6.236363636363635E-01, 6.418181818181820E-01,  1.0
-6.836363636363636E-01, 6.498611772864108E-01, -1.0
-6.869531752939932E-01, 7.380081670479527E-01,  1.0
-6.780760791180092E-01, 8.163636363636366E-01, -1.0
-6.836363636363636E-01, 7.207194845366919E-01,  1.0
-6.560605505140541E-01, 8.046550380158473E-01, -1.0
-6.836363636363636E-01, 7.309090909090911E-01,  1.0
-6.924752845707978E-01, 8.290909090909093E-01, -1.0
-6.369893362145439E-01, 8.989772530156571E-01,  1.0
-7.036363636363636E-01, 8.254545454545457E-01, -1.0
-6.036363636363635E-01, 9.223135069314052E-01,  1.0
-7.036363636363636E-01, 8.218181818181820E-01, -1.0
-6.387066614182939E-01, 9.900000000000000E-01,  1.0
-6.854545454545454E-01,-9.415222916566568E-01,  1.0
-6.854545454545454E-01,-8.418181818181818E-01, -1.0
-6.654545454545454E-01,-9.487390944767988E-01,  1.0
-7.012277424048380E-01,-8.254545454545454E-01, -1.0
-6.130618189802512E-01,-7.763350115640436E-01,  1.0
-6.854545454545454E-01,-8.090909090909091E-01, -1.0
-6.254545454545454E-01,-7.709090909090909E-01,  1.0
-7.039966842944246E-01,-7.527272727272727E-01, -1.0
-6.190651808617291E-01,-7.576235606300611E-01,  1.0
-6.254545454545454E-01,-7.014256191800933E-01, -1.0
-6.654545454545454E-01,-7.181818181818181E-01,  1.0
-6.254545454545454E-01,-7.000000000000000E-01, -1.0
-6.654545454545454E-01,-7.018181818181818E-01,  1.0
-6.180203045211675E-01,-7.036363636363636E-01, -1.0
-5.454545454545453E-01,-5.819415918826278E-01,  1.0
-7.133853579440844E-01,-6.272727272727272E-01, -1.0
-5.557617852556502E-01,-5.810869710594023E-01,  1.0
-7.054545454545454E-01,-6.231574992109304E-01, -1.0
-6.654545454545454E-01,-5.137841626759995E-01,  1.0
-6.175023500660580E-01,-5.414952337145025E-01, -1.0
-6.639937533543404E-01,-5.163636363636364E-01,  1.0
-6.054545454545454E-01,-5.516436359242479E-01, -1.0
-6.654545454545454E-01,-5.199999999999999E-01,  1.0
-6.723378538922162E-01,-4.618181818181817E-01, -1.0
-6.489807931312276E-01,-5.236363636363637E-01,  1.0
-7.254545454545455E-01,-4.254545454545454E-01, -1.0
-5.874862869070667E-01,-3.798672252793793E-01,  1.0
-7.254545454545455E-01,-4.290909090909091E-01, -1.0
-5.654545454545453E-01,-3.309090909090908E-01,  1.0
-7.193901561114913E-01,-4.327272727272727E-01, -1.0
-5.654545454545453E-01,-3.345454545454545E-01,  1.0
-6.947299444406549E-01,-3.963636363636364E-01, -1.0
-6.459112212653532E-01,-2.781818181818181E-01,  1.0
-7.054545454545454E-01,-3.800000000000000E-01, -1.0
-6.388407227894461E-01,-2.618181818181817E-01,  1.0
-6.454545454545454E-01,-2.036363636363635E-01, -1.0
-6.454545454545454E-01,-2.654545454545454E-01,  1.0
-6.054545454545454E-01,-1.480473977751828E-01, -1.0
-6.355978335908046E-01,-2.838794983659600E-01,  1.0
-6.054545454545454E-01,-1.560117627533189E-01, -1.0
-7.254545454545455E-01,-2.127272727272727E-01,  1.0
-6.054545454545454E-01,-1.345454545454544E-01, -1.0
-7.078763698266958E-01,-1.963636363636363E-01,  1.0
-6.054545454545454E-01,-1.330330791902154E-01, -1.0
-6.534579164441064E-01,-9.999999999999991E-02,  1.0
-6.699636763876873E-01,-3.981474148531700E-02, -1.0
-6.454545454545454E-01,-1.036363636363635E-01,  1.0
-6.854545454545454E-01,-4.545454545454536E-02, -1.0
-5.854545454545453E-01, 1.272727272727283E-02,  1.0
-6.854545454545454E-01,-2.909090909090899E-02, -1.0
-5.854545454545453E-01, 9.090909090909200E-03,  1.0
-6.654545454545454E-01,-3.272727272727262E-02, -1.0
-5.854545454545453E-01, 5.454545454545563E-03,  1.0
-6.340425590706253E-01, 8.363636363636374E-02, -1.0
-7.254545454545455E-01, 5.720941327798954E-02,  1.0
-6.454545454545454E-01, 8.206138052122224E-02, -1.0
-6.854545454545454E-01, 1.381818181818183E-01,  1.0
-6.454545454545454E-01, 9.636363636363650E-02, -1.0
-6.854545454545454E-01, 1.345454545454547E-01,  1.0
-7.051921235958510E-01, 2.527272727272729E-01, -1.0
-6.054545454545454E-01, 1.909090909090910E-01,  1.0
-7.054324300211805E-01, 2.290909090909092E-01, -1.0
-5.906762205224967E-01, 2.072727272727274E-01,  1.0
-7.054545454545454E-01, 2.614921889599333E-01, -1.0
-6.001041253871143E-01, 1.967320405320687E-01,  1.0
-7.048132269634232E-01, 2.782748116196261E-01, -1.0
-6.337016168199391E-01, 3.600000000000002E-01,  1.0
-6.254545454545454E-01, 2.781818181818183E-01, -1.0
-6.254545454545454E-01, 3.563636363636365E-01,  1.0
-6.584854338776576E-01, 4.514133729622869E-01, -1.0
-6.185244890635496E-01, 3.727272727272729E-01,  1.0
-6.457601051337675E-01, 4.665668942637294E-01, -1.0
-6.054545454545454E-01, 4.090909090909093E-01,  1.0
-6.454545454545454E-01, 4.472727272727274E-01, -1.0
-7.381823219151854E-01, 4.324612028171098E-01,  1.0
-6.454545454545454E-01, 4.636363636363638E-01, -1.0
-6.454545454545454E-01, 5.145690391335896E-01,  1.0
-6.454545454545454E-01, 4.800000000000002E-01, -1.0
-6.555094035342881E-01, 5.553868684196154E-01,  1.0
-5.654545454545453E-01, 5.363636363636366E-01, -1.0
-6.654545454545454E-01, 5.545454545454547E-01,  1.0
-5.854545454545453E-01, 5.327272727272728E-01, -1.0
-6.254545454545454E-01, 6.109090909090911E-01,  1.0
-6.854545454545454E-01, 6.601333812948006E-01, -1.0
-6.254545454545454E-01, 6.272727272727274E-01,  1.0
-6.854545454545454E-01, 6.654545454545456E-01, -1.0
-6.251242768154290E-01, 6.236363636363638E-01,  1.0
-6.683962227336854E-01, 6.681207510277852E-01, -1.0
-6.854545454545454E-01, 7.308308384948362E-01,  1.0
-6.654545454545454E-01, 7.981818181818184E-01, -1.0
-6.829985890714019E-01, 7.363636363636366E-01,  1.0
-6.722209169995664E-01, 8.145454545454548E-01, -1.0
-6.854545454545454E-01, 7.249244952790562E-01,  1.0
-6.654545454545454E-01, 8.185026824410664E-01, -1.0
-6.648644843966391E-01, 7.290909090909092E-01,  1.0
-7.054545454545454E-01, 8.272727272727275E-01, -1.0
-5.654545454545453E-01, 8.026099230186259E-01,  1.0
-6.854545454545454E-01, 8.325947133113459E-01, -1.0
-6.054545454545454E-01, 9.418181818181821E-01,  1.0
-6.857763515129256E-01, 8.400000000000002E-01, -1.0
-6.830841417490461E-01,-8.278855321665189E-01, -1.0
-6.472727272727272E-01,-9.418181818181819E-01,  1.0
-5.785134235641209E-01,-8.236363636363636E-01, -1.0
-6.272727272727272E-01,-7.854545454545454E-01,  1.0
-5.672727272727272E-01,-8.272727272727273E-01, -1.0
-6.334047704924540E-01,-7.690909090909090E-01,  1.0
-6.865768599480472E-01,-8.309090909090909E-01, -1.0
-6.292443760839349E-01,-7.573532779501779E-01,  1.0
-6.151803552448769E-01,-6.945454545454545E-01, -1.0
-6.272727272727272E-01,-7.763636363636364E-01,  1.0
-6.272727272727272E-01,-6.981818181818181E-01, -1.0
-6.672727272727272E-01,-7.000000000000000E-01,  1.0
-6.272727272727272E-01,-6.973151279139437E-01, -1.0
-6.272727272727272E-01,-6.436363636363636E-01,  1.0
-7.056257278021713E-01,-6.387746291235031E-01, -1.0
-5.472727272727271E-01,-5.775496942609372E-01,  1.0
-6.156949012110944E-01,-6.890909090909092E-01, -1.0
-5.672727272727272E-01,-5.579227065240153E-01,  1.0
-7.072727272727273E-01,-6.327272727272728E-01, -1.0
-6.647198365444469E-01,-5.305726510165726E-01,  1.0
-6.072727272727272E-01,-5.563636363636364E-01, -1.0
-6.472727272727272E-01,-5.181818181818182E-01,  1.0
-6.041760428905072E-01,-5.599999999999999E-01, -1.0
-5.653937795946070E-01,-4.719140222782410E-01,  1.0
-7.072727272727273E-01,-4.436363636363636E-01, -1.0
-6.071246231625094E-01,-3.854545454545454E-01,  1.0
-7.072727272727273E-01,-4.289103669955595E-01, -1.0
-6.072727272727272E-01,-3.690909090909090E-01,  1.0
-7.272727272727273E-01,-4.143599867753696E-01, -1.0
-5.472727272727271E-01,-3.262152722702776E-01,  1.0
-7.272727272727273E-01,-4.336431593067853E-01, -1.0
-6.421739773686187E-01,-2.664561375317117E-01,  1.0
-7.072727272727273E-01,-3.981818181818182E-01, -1.0
-6.472727272727272E-01,-2.799999999999999E-01,  1.0
-6.124674154172900E-01,-3.010194202438665E-01, -1.0
-6.472727272727272E-01,-2.708785536353926E-01,  1.0
-6.072727272727272E-01,-1.654545454545453E-01, -1.0
-6.593067740341642E-01,-2.780758381850594E-01,  1.0
-6.072727272727272E-01,-1.338477718080889E-01, -1.0
-5.703911345520293E-01,-2.309090909090909E-01,  1.0
-6.044248233412749E-01,-1.327272727272726E-01, -1.0
-7.272727272727273E-01,-2.145454545454545E-01,  1.0
-5.974485527215545E-01,-1.363636363636363E-01, -1.0
-6.570219129670529E-01,-1.012887904111220E-01,  1.0
-6.825211386768402E-01,-3.999999999999992E-02, -1.0
-6.472727272727272E-01,-1.018181818181817E-01,  1.0
-6.672727272727272E-01,-4.363636363636354E-02, -1.0
-5.872727272727272E-01, 1.454545454545465E-02,  1.0
-6.672727272727272E-01,-2.727272727272717E-02, -1.0
-5.872727272727272E-01, 2.209017407475944E-03,  1.0
-6.389219117931838E-01, 8.909090909090919E-02, -1.0
-5.734554461100332E-01, 7.272727272727384E-03,  1.0
-6.428882446191519E-01, 8.545454545454556E-02, -1.0
-5.672727272727272E-01, 3.086262321178961E-02,  1.0
-6.272727272727272E-01, 8.181818181818193E-02, -1.0
-5.691982611754544E-01, 2.000000000000002E-01,  1.0
-6.272727272727272E-01, 9.818181818181831E-02, -1.0
-5.615366928257506E-01, 1.975972609450342E-01,  1.0
-6.363822311997915E-01, 1.027649260831077E-01, -1.0
-5.944926814472584E-01, 1.917736517545444E-01,  1.0
-6.472727272727272E-01, 9.708131480134037E-02, -1.0
-6.072727272727272E-01, 1.890909090909092E-01,  1.0
-6.272727272727272E-01, 2.672727272727274E-01, -1.0
-6.229746072627348E-01, 2.054545454545456E-01,  1.0
-6.145549733176926E-01, 2.809197436326898E-01, -1.0
-6.305998340791600E-01, 3.618181818181820E-01,  1.0
-6.272727272727272E-01, 2.800000000000001E-01, -1.0
-6.244108888707377E-01, 3.349972462404512E-01,  1.0
-6.072727272727272E-01, 2.963636363636365E-01, -1.0
-6.272727272727272E-01, 3.564459151176580E-01,  1.0
-6.411291651961022E-01, 4.527272727272730E-01, -1.0
-6.308348029652749E-01, 3.709090909090911E-01,  1.0
-6.472727272727272E-01, 4.690909090909093E-01, -1.0
-5.872727272727272E-01, 4.088281846519033E-01,  1.0
-6.472727272727272E-01, 4.654545454545456E-01, -1.0
-6.054237673313453E-01, 4.036363636363637E-01,  1.0
-6.466504825022658E-01, 4.740749773224210E-01, -1.0
-6.321085233348807E-01, 5.000000000000002E-01,  1.0
-6.414440795362546E-01, 4.500533689059103E-01, -1.0
-6.472727272727272E-01, 5.456710843006497E-01,  1.0
-5.872727272727272E-01, 5.528775888692078E-01, -1.0
-6.472727272727272E-01, 5.527272727272728E-01,  1.0
-5.713836218440893E-01, 5.509090909090910E-01, -1.0
-6.230315847788910E-01, 6.263412518395907E-01,  1.0
-6.872727272727273E-01, 6.472727272727274E-01, -1.0
-6.272727272727272E-01, 6.228340062381440E-01,  1.0
-6.771381077042340E-01, 6.636363636363638E-01, -1.0
-6.234743492750028E-01, 6.224827928945819E-01,  1.0
-5.872727272727272E-01, 6.800000000000002E-01, -1.0
-6.672727272727272E-01, 7.181818181818184E-01,  1.0
-6.672727272727272E-01, 8.088954705116704E-01, -1.0
-5.672727272727272E-01, 7.745454545454548E-01,  1.0
-6.872727272727273E-01, 8.327272727272730E-01, -1.0
-5.672727272727272E-01, 7.709090909090911E-01,  1.0
-6.872727272727273E-01, 8.290909090909093E-01, -1.0
-5.472727272727271E-01, 7.872727272727275E-01,  1.0
-6.738403258538180E-01, 8.254545454545457E-01, -1.0
-5.472727272727271E-01, 7.836363636363638E-01,  1.0
-6.672727272727272E-01, 8.368920705339685E-01, -1.0
-6.215956047488290E-01, 9.900000000000000E-01,  1.0
-5.918204500329739E-01,-9.800000000000001E-01,  1.0
-5.817652985416224E-01,-8.218181818181818E-01, -1.0
-6.456520675225175E-01,-9.341539809961754E-01,  1.0
-5.690909090909091E-01,-8.157143120736173E-01, -1.0
-6.290909090909091E-01,-7.672727272727272E-01,  1.0
-5.690909090909091E-01,-8.286418044763109E-01, -1.0
-5.958044835289659E-01,-7.509090909090909E-01,  1.0
-5.629701749475259E-01,-8.176572676028184E-01, -1.0
-6.290909090909091E-01,-7.745454545454545E-01,  1.0
-6.090909090909091E-01,-6.963636363636363E-01, -1.0
-6.206307476087791E-01,-7.581818181818182E-01,  1.0
-6.255034195717782E-01,-7.056226773014792E-01, -1.0
-5.419002851413846E-01,-6.218181818181817E-01,  1.0
-6.143226303478726E-01,-6.998619767932585E-01, -1.0
-5.490909090909091E-01,-5.654545454545453E-01,  1.0
-7.090909090909092E-01,-6.272727272727272E-01, -1.0
-5.698046672779956E-01,-5.724985908904188E-01,  1.0
-6.006310580453931E-01,-5.420014433372508E-01, -1.0
-5.490909090909091E-01,-5.535004682021576E-01,  1.0
-6.946426356938652E-01,-6.311023174059922E-01, -1.0
-6.490909090909092E-01,-5.163636363636364E-01,  1.0
-6.031917096125485E-01,-5.453973307950872E-01, -1.0
-6.037710641632963E-01,-4.599999999999999E-01,  1.0
-6.890909090909092E-01,-4.417711712825667E-01, -1.0
-5.880902704544312E-01,-4.792400091568325E-01,  1.0
-5.742947408999535E-01,-4.307130220889663E-01, -1.0
-6.090909090909091E-01,-3.672727272727272E-01,  1.0
-7.090909090909092E-01,-4.328589519434269E-01, -1.0
-5.890909090909091E-01,-3.509090909090908E-01,  1.0
-5.600477167817329E-01,-4.340544779494172E-01, -1.0
-5.530671655853998E-01,-3.345454545454545E-01,  1.0
-6.090909090909091E-01,-3.163636363636363E-01, -1.0
-5.690909090909091E-01,-3.181818181818181E-01,  1.0
-6.104835643152907E-01,-3.089470408604377E-01, -1.0
-6.490909090909092E-01,-2.618181818181817E-01,  1.0
-6.019407143419478E-01,-3.036363636363636E-01, -1.0
-6.490909090909092E-01,-2.644410562054578E-01,  1.0
-6.090909090909091E-01,-1.472727272727271E-01, -1.0
-5.690909090909091E-01,-2.290909090909090E-01,  1.0
-6.159068992294319E-01,-1.509090909090908E-01, -1.0
-5.567796405335026E-01,-2.327272727272727E-01,  1.0
-6.090909090909091E-01,-1.345454545454544E-01, -1.0
-6.690909090909092E-01,-1.113598152175525E-01,  1.0
-6.094961947902566E-01,-1.538117767838935E-01, -1.0
-6.690909090909092E-01,-9.999999999999991E-02,  1.0
-5.980865581396090E-01,-1.418181818181817E-01, -1.0
-5.745480884395042E-01,-2.848895619834010E-02,  1.0
-6.787441224258843E-01,-2.694841323717458E-02, -1.0
-5.771123988866924E-01, 1.272727272727283E-02,  1.0
-6.292713843664286E-01, 9.090909090909101E-02, -1.0
-5.890909090909091E-01, 9.090909090909200E-03,  1.0
-6.290909090909091E-01, 8.727272727272738E-02, -1.0
-5.789247036672944E-01, 5.454545454545563E-03,  1.0
-6.290909090909091E-01, 8.256379942522073E-02, -1.0
-5.666056468386096E-01, 2.209585641742035E-02,  1.0
-6.290909090909091E-01, 1.000000000000001E-01, -1.0
-5.290909090909091E-01, 1.581818181818183E-01,  1.0
-6.290909090909091E-01, 9.636363636363650E-02, -1.0
-5.890909090909091E-01, 1.934748243635836E-01,  1.0
-6.407351376810229E-01, 1.122672630032352E-01, -1.0
-5.534341873200311E-01, 1.909090909090910E-01,  1.0
-6.290909090909091E-01, 2.810508287964235E-01, -1.0
-5.890909090909091E-01, 2.229600937793898E-01,  1.0
-6.090909090909091E-01, 2.654545454545456E-01, -1.0
-5.890909090909091E-01, 2.036363636363637E-01,  1.0
-6.090909090909091E-01, 2.618181818181819E-01, -1.0
-5.490909090909091E-01, 3.162156771318205E-01,  1.0
-6.123321235930402E-01, 2.781818181818183E-01, -1.0
-6.290909090909091E-01, 3.563636363636365E-01,  1.0
-6.230434695818994E-01, 2.971184283251435E-01, -1.0
-6.370992569992805E-01, 3.539678659601256E-01,  1.0
-6.490909090909092E-01, 4.709090909090912E-01, -1.0
-6.069533061333694E-01, 3.890909090909093E-01,  1.0
-6.490909090909092E-01, 4.553580107767362E-01, -1.0
-5.890909090909091E-01, 4.212242668418568E-01,  1.0
-6.490909090909092E-01, 4.636363636363638E-01, -1.0
-5.890909090909091E-01, 4.218181818181819E-01,  1.0
-5.690909090909091E-01, 5.407440634107944E-01, -1.0
-6.490909090909092E-01, 5.381818181818184E-01,  1.0
-5.690909090909091E-01, 5.363636363636366E-01, -1.0
-6.490909090909092E-01, 5.545454545454547E-01,  1.0
-5.690909090909091E-01, 5.527272727272728E-01, -1.0
-6.090909090909091E-01, 6.407329932996030E-01,  1.0
-5.690909090909091E-01, 5.497363866195933E-01, -1.0
-6.290909090909091E-01, 6.272727272727274E-01,  1.0
-6.690909090909092E-01, 6.529119209033237E-01, -1.0
-6.090909090909091E-01, 6.236363636363638E-01,  1.0
-5.922412733792649E-01, 6.818181818181820E-01, -1.0
-5.490909090909091E-01, 7.800000000000002E-01,  1.0
-5.843740036999996E-01, 6.781818181818183E-01, -1.0
-5.490909090909091E-01, 7.763636363636366E-01,  1.0
-6.690909090909092E-01, 8.137714709813485E-01, -1.0
-5.501168642904892E-01, 7.727272727272729E-01,  1.0
-6.690909090909092E-01, 8.309090909090912E-01, -1.0
-5.490909090909091E-01, 7.890909090909093E-01,  1.0
-6.690909090909092E-01, 8.272727272727275E-01, -1.0
-5.490909090909091E-01, 7.854545454545456E-01,  1.0
-7.090909090909092E-01, 8.241982684887866E-01, -1.0
-5.290909090909091E-01, 9.018181818181821E-01,  1.0
-6.855854796665199E-01, 8.254293720343390E-01, -1.0
-5.626624953122137E-01,-8.228617577734681E-01, -1.0
-6.243773394533627E-01,-9.818181818181819E-01,  1.0
-5.709090909090909E-01,-8.236363636363636E-01, -1.0
-6.622830797970500E-01,-9.254545454545455E-01,  1.0
-5.709090909090909E-01,-8.272727272727273E-01, -1.0
-6.109090909090910E-01,-7.598598712063421E-01,  1.0
-5.709090909090909E-01,-8.309090909090909E-01, -1.0
-5.941625012312566E-01,-7.527272727272727E-01,  1.0
-6.239381432928527E-01,-6.945454545454545E-01, -1.0
-6.160917938418051E-01,-7.732205426882371E-01,  1.0
-6.309090909090910E-01,-6.981818181818181E-01, -1.0
-5.214495252132474E-01,-7.000000000000000E-01,  1.0
-6.309090909090910E-01,-7.018181818181818E-01, -1.0
-5.309090909090909E-01,-6.036363636363635E-01,  1.0
-6.166306302287619E-01,-6.854545454545454E-01, -1.0
-5.362910723226303E-01,-5.672727272727272E-01,  1.0
-6.309090909090910E-01,-6.855244218667544E-01, -1.0
-5.509090909090909E-01,-5.709090909090909E-01,  1.0
-6.309090909090910E-01,-6.127272727272728E-01, -1.0
-5.309090909090909E-01,-5.545454545454546E-01,  1.0
-6.109090909090910E-01,-5.432848697949524E-01, -1.0
-5.309090909090909E-01,-4.781818181818182E-01,  1.0
-6.072138661323775E-01,-5.599999999999999E-01, -1.0
-5.909090909090909E-01,-4.618181818181817E-01,  1.0
-5.709090909090909E-01,-4.236363636363636E-01, -1.0
-5.919259241640784E-01,-3.854545454545454E-01,  1.0
-5.709090909090909E-01,-4.396487635164321E-01, -1.0
-5.709090909090909E-01,-3.490909090909090E-01,  1.0
-5.709090909090909E-01,-4.309090909090909E-01, -1.0
-5.909090909090909E-01,-3.703528832184074E-01,  1.0
-6.509090909090910E-01,-4.145454545454546E-01, -1.0
-5.509090909090909E-01,-3.363636363636363E-01,  1.0
-6.268323993477770E-01,-2.981818181818181E-01, -1.0
-5.502838212806326E-01,-3.200000000000000E-01,  1.0
-6.109090909090910E-01,-2.818181818181817E-01, -1.0
-5.525010032937265E-01,-3.184261054343683E-01,  1.0
-6.109090909090910E-01,-2.854545454545454E-01, -1.0
-5.709090909090909E-01,-2.272727272727272E-01,  1.0
-6.141649478668385E-01,-1.387665606522330E-01, -1.0
-5.509090909090909E-01,-2.309090909090909E-01,  1.0
-6.241808104994272E-01,-1.327272727272726E-01, -1.0
-5.709090909090909E-01,-2.145454545454545E-01,  1.0
-6.109090909090910E-01,-1.395111509393009E-01, -1.0
-6.709090909090910E-01,-1.181818181818181E-01,  1.0
-6.109090909090910E-01,-1.399999999999999E-01, -1.0
-5.709090909090909E-01,-7.462246209590173E-02,  1.0
-5.963883243117173E-01,-1.310685128303189E-01, -1.0
-5.909090909090909E-01, 1.454545454545465E-02,  1.0
-6.709090909090910E-01,-3.898185353011759E-02, -1.0
-5.909090909090909E-01, 1.090909090909102E-02,  1.0
-6.709090909090910E-01,-3.090909090909080E-02, -1.0
-5.909090909090909E-01, 7.272727272727377E-03,  1.0
-6.442406631499364E-01, 8.545454545454556E-02, -1.0
-5.909090909090909E-01, 3.636363636363747E-03,  1.0
-6.309090909090910E-01, 1.018181818181819E-01, -1.0
-5.458798957112559E-01, 6.000000000000013E-02,  1.0
-6.309090909090910E-01, 9.498635423222991E-02, -1.0
-5.309090909090909E-01, 1.763636363636365E-01,  1.0
-6.309090909090910E-01, 2.545454545454547E-01, -1.0
-5.709090909090909E-01, 1.927272727272729E-01,  1.0
-6.109090909090910E-01, 1.433868391536166E-01, -1.0
-5.265913437837905E-01, 1.905445119617532E-01,  1.0
-6.139162010260708E-01, 2.872727272727275E-01, -1.0
-5.323599866023555E-01, 2.054545454545456E-01,  1.0
-6.109090909090910E-01, 2.792514515957013E-01, -1.0
-5.509090909090909E-01, 3.117407116686157E-01,  1.0
-6.109090909090910E-01, 2.800000000000001E-01, -1.0
-6.309090909090910E-01, 3.581818181818184E-01,  1.0
-6.309090909090910E-01, 2.963636363636365E-01, -1.0
-5.509090909090909E-01, 3.145454545454547E-01,  1.0
-5.709090909090909E-01, 3.727272727272729E-01, -1.0
-5.909090909090909E-01, 4.109090909090911E-01,  1.0
-5.709090909090909E-01, 3.890909090909093E-01, -1.0
-6.091107340772730E-01, 3.939582983823900E-01,  1.0
-5.709090909090909E-01, 5.054545454545456E-01, -1.0
-5.909090909090909E-01, 4.062794375842272E-01,  1.0
-5.509090909090909E-01, 5.218181818181820E-01, -1.0
-6.509090909090910E-01, 5.000000000000002E-01,  1.0
-5.509090909090909E-01, 5.381818181818184E-01, -1.0
-6.509090909090910E-01, 5.163636363636366E-01,  1.0
-5.693147237011207E-01, 5.345454545454547E-01, -1.0
-5.309090909090909E-01, 5.727272727272729E-01,  1.0
-5.709090909090909E-01, 5.367874964535726E-01, -1.0
-6.309090909090910E-01, 6.090909090909092E-01,  1.0
-5.309090909090909E-01, 6.472727272727274E-01, -1.0
-6.206571337341068E-01, 6.121871206158254E-01,  1.0
-5.709090909090909E-01, 6.690964984375009E-01, -1.0
-6.309090909090910E-01, 6.258679314651243E-01,  1.0
-5.909090909090909E-01, 6.800000000000002E-01, -1.0
-6.254546925996847E-01, 6.181818181818183E-01,  1.0
-5.787029152539518E-01, 6.763636363636365E-01, -1.0
-5.509090909090909E-01, 7.745454545454548E-01,  1.0
-6.709090909090910E-01, 8.277725425949701E-01, -1.0
-5.509090909090909E-01, 7.709090909090911E-01,  1.0
-5.794042989827510E-01, 8.490909090909093E-01, -1.0
-5.646423578658671E-01, 7.872727272727275E-01,  1.0
-6.909090909090910E-01, 8.170606832050265E-01, -1.0
-5.608587375963633E-01, 7.836363636363638E-01,  1.0
-5.909090909090909E-01, 8.618181818181820E-01, -1.0
-5.307529339371932E-01, 9.135830711158655E-01,  1.0
-5.906862532646601E-01,-9.900000000000000E-01,  1.0
-5.727272727272728E-01,-8.218181818181818E-01, -1.0
-6.440491356590252E-01,-9.436363636363637E-01,  1.0
-5.727272727272728E-01,-8.257089296613901E-01, -1.0
-6.491926609781660E-01,-9.272727272727274E-01,  1.0
-5.727272727272728E-01,-8.264315583709809E-01, -1.0
-6.127272727272728E-01,-7.709090909090909E-01,  1.0
-5.552805604321817E-01,-8.127272727272727E-01, -1.0
-5.196444894796276E-01,-6.945454545454545E-01,  1.0
-6.127272727272728E-01,-6.963636363636363E-01, -1.0
-5.016090444550039E-01,-6.643309320049147E-01,  1.0
-6.127272727272728E-01,-7.000000000000000E-01, -1.0
-5.327272727272727E-01,-6.939549334598967E-01,  1.0
-6.127272727272728E-01,-7.023782767698820E-01, -1.0
-5.443677211912337E-01,-5.654545454545453E-01,  1.0
-6.127272727272728E-01,-6.935661730537228E-01, -1.0
-5.327272727272727E-01,-5.690909090909091E-01,  1.0
-6.127272727272728E-01,-5.944776401268349E-01, -1.0
-5.327272727272727E-01,-5.527272727272727E-01,  1.0
-6.127272727272728E-01,-5.527240813783268E-01, -1.0
-5.180078088640040E-01,-4.963636363636363E-01,  1.0
-6.127272727272728E-01,-5.581818181818182E-01, -1.0
-5.327272727272727E-01,-4.799999999999999E-01,  1.0
-5.616136383694378E-01,-4.218181818181817E-01, -1.0
-5.727272727272728E-01,-4.636363636363636E-01,  1.0
-5.724842424298499E-01,-4.285526454570594E-01, -1.0
-5.927272727272728E-01,-3.672727272727272E-01,  1.0
-5.596307651199827E-01,-4.154936925642027E-01, -1.0
-5.525182111230440E-01,-3.242764647179137E-01,  1.0
-5.727272727272728E-01,-4.285056138712601E-01, -1.0
-5.727272727272728E-01,-3.345454545454545E-01,  1.0
-6.691534861618493E-01,-3.608784108380387E-01, -1.0
-5.527272727272727E-01,-3.187635542781321E-01,  1.0
-6.127272727272728E-01,-2.999999999999999E-01, -1.0
-5.527272727272727E-01,-3.303936120656273E-01,  1.0
-5.327272727272727E-01,-2.436363636363635E-01, -1.0
-5.496385307891885E-01,-3.254545454545454E-01,  1.0
-5.249001156437778E-01,-2.272727272727272E-01, -1.0
-5.727272727272728E-01,-2.261756363001946E-01,  1.0
-5.987669978829190E-01,-1.309090909090908E-01, -1.0
-5.612822122833200E-01,-2.327272727272727E-01,  1.0
-6.127272727272728E-01,-1.345454545454544E-01, -1.0
-5.727272727272728E-01,-2.163636363636363E-01,  1.0
-6.127272727272728E-01,-1.350634063670138E-01, -1.0
-5.727272727272728E-01,-7.999999999999992E-02,  1.0
-6.127272727272728E-01,-9.595449847273139E-02, -1.0
-5.564304704293372E-01,-8.363636363636354E-02,  1.0
-5.063171075011389E-01,-5.734422006175818E-02, -1.0
-5.727272727272728E-01, 1.068285677234027E-02,  1.0
-6.527272727272728E-01,-4.909090909090899E-02, -1.0
-5.727272727272728E-01, 1.685285983100148E-02,  1.0
-6.390578301533312E-01, 8.727272727272738E-02, -1.0
-5.727272727272728E-01, 1.080653310007691E-02,  1.0
-6.162033618521366E-01, 1.036363636363637E-01, -1.0
-5.727272727272728E-01, 2.181818181818192E-02,  1.0
-6.415827224970061E-01, 8.000000000000013E-02, -1.0
-4.940235424253322E-01, 1.581818181818183E-01,  1.0
-6.327272727272728E-01, 9.636363636363650E-02, -1.0
-5.127272727272727E-01, 1.599882486075490E-01,  1.0
-6.127272727272728E-01, 1.502855894395173E-01, -1.0
-5.327272727272727E-01, 2.026452974346215E-01,  1.0
-6.033754176375387E-01, 1.490909090909092E-01, -1.0
-5.327272727272727E-01, 1.872727272727274E-01,  1.0
-6.127272727272728E-01, 2.854545454545456E-01, -1.0
-5.270203638358953E-01, 2.036363636363637E-01,  1.0
-6.234022876706364E-01, 2.818181818181820E-01, -1.0
-5.405337768040812E-01, 3.000000000000002E-01,  1.0
-6.127272727272728E-01, 2.822316872089368E-01, -1.0
-5.527272727272727E-01, 3.167546496502092E-01,  1.0
-5.727272727272728E-01, 3.745454545454547E-01, -1.0
-5.499964235388388E-01, 3.127272727272729E-01,  1.0
-5.680470201284072E-01, 3.709090909090911E-01, -1.0
-5.398531298184326E-01, 3.950080951745110E-01,  1.0
-5.527272727272727E-01, 5.072727272727274E-01, -1.0
-5.927272727272728E-01, 4.054545454545456E-01,  1.0
-5.527272727272727E-01, 5.065127485693480E-01, -1.0
-5.881376711337890E-01, 4.018181818181819E-01,  1.0
-5.527272727272727E-01, 5.257526546472274E-01, -1.0
-6.327272727272728E-01, 5.181818181818184E-01,  1.0
-5.727272727272728E-01, 5.505088807202297E-01, -1.0
-5.047619064229670E-01, 5.745454545454547E-01,  1.0
-5.727272727272728E-01, 5.327272727272728E-01, -1.0
-6.127272727272728E-01, 6.109090909090911E-01,  1.0
-5.527272727272727E-01, 5.490909090909092E-01, -1.0
-6.127272727272728E-01, 6.272727272727274E-01,  1.0
-5.727272727272728E-01, 6.688895056635551E-01, -1.0
-5.927272727272728E-01, 6.236363636363638E-01,  1.0
-5.852908637389128E-01, 6.818181818181820E-01, -1.0
-5.527272727272727E-01, 7.629778706356918E-01,  1.0
-5.927272727272728E-01, 6.781818181818183E-01, -1.0
-5.527272727272727E-01, 7.763636363636366E-01,  1.0
-5.927272727272728E-01, 6.745454545454547E-01, -1.0
-5.527272727272727E-01, 7.727272727272729E-01,  1.0
-6.527272727272728E-01, 8.309090909090912E-01, -1.0
-5.527272727272727E-01, 7.890909090909093E-01,  1.0
-5.927272727272728E-01, 8.461769202158919E-01, -1.0
-5.527272727272727E-01, 7.741930052791729E-01,  1.0
-6.127272727272728E-01, 8.520006155082861E-01, -1.0
-5.643822450808585E-01, 7.818181818181820E-01,  1.0
-6.419115922606360E-01, 8.600000000000002E-01, -1.0
-5.678489202654993E-01,-8.200000000000000E-01, -1.0
-4.945454545454545E-01,-9.018181818181819E-01,  1.0
-5.634799644582660E-01,-8.236363636363636E-01, -1.0
-5.033803184361414E-01,-8.854545454545455E-01,  1.0
-5.745454545454546E-01,-8.272727272727273E-01, -1.0
-6.145454545454546E-01,-7.690909090909090E-01,  1.0
-5.689477967079082E-01,-8.194081296217168E-01, -1.0
-5.347418452287240E-01,-6.927272727272726E-01,  1.0
-5.627849675085680E-01,-8.345454545454546E-01, -1.0
-5.271536521622548E-01,-6.963636363636363E-01,  1.0
-6.145454545454546E-01,-6.872685475919061E-01, -1.0
-5.386517574905499E-01,-6.818968593313807E-01,  1.0
-6.049535456851828E-01,-6.818181818181818E-01, -1.0
-5.281164276464739E-01,-6.836363636363636E-01,  1.0
-5.922178117325434E-01,-6.854545454545454E-01, -1.0
-4.745454545454545E-01,-6.072727272727272E-01,  1.0
-6.198940423129399E-01,-5.980865855555303E-01, -1.0
-5.345454545454545E-01,-5.563743748013048E-01,  1.0
-6.122379810088822E-01,-6.127272727272728E-01, -1.0
-5.345454545454545E-01,-5.652887502564318E-01,  1.0
-6.145454545454546E-01,-5.430869480473549E-01, -1.0
-5.345454545454545E-01,-4.949691676864728E-01,  1.0
-6.145454545454546E-01,-5.399999999999999E-01, -1.0
-5.345454545454545E-01,-4.618181818181817E-01,  1.0
-5.545454545454546E-01,-4.296910856920761E-01, -1.0
-5.320620856495474E-01,-4.782948777597406E-01,  1.0
-5.745454545454546E-01,-4.390113488682352E-01, -1.0
-5.545454545454546E-01,-3.471995789660160E-01,  1.0
-5.545454545454546E-01,-4.109090909090909E-01, -1.0
-5.614181254329207E-01,-3.327272727272726E-01,  1.0
-5.670336571526532E-01,-4.316637011733388E-01, -1.0
-5.419762201118891E-01,-3.196519487834282E-01,  1.0
-6.145454545454546E-01,-2.981818181818181E-01, -1.0
-5.545454545454546E-01,-3.200000000000000E-01,  1.0
-5.345454545454545E-01,-2.418181818181817E-01, -1.0
-4.558769652707733E-01,-2.731085485485765E-01,  1.0
-5.145454545454545E-01,-2.355107504864704E-01, -1.0
-5.745454545454546E-01,-2.272727272727272E-01,  1.0
-4.945454545454545E-01,-1.690909090909090E-01, -1.0
-5.545454545454546E-01,-2.309090909090909E-01,  1.0
-6.145454545454546E-01,-1.327272727272726E-01, -1.0
-5.745454545454546E-01,-2.145454545454545E-01,  1.0
-6.146068495483411E-01,-1.418318918712933E-01, -1.0
-5.545454545454546E-01,-7.818181818181812E-02,  1.0
-5.955963688690451E-01,-1.399999999999999E-01, -1.0
-5.545454545454546E-01,-6.181818181818172E-02,  1.0
-5.153431144729503E-01,-6.363636363636355E-02, -1.0
-5.822417873793030E-01, 1.454545454545465E-02,  1.0
-5.145454545454545E-01,-4.727272727272717E-02, -1.0
-5.745454545454546E-01, 4.228944706060177E-03,  1.0
-5.148495384364388E-01,-1.090909090909080E-02, -1.0
-5.401165330790059E-01, 5.624813532439786E-02,  1.0
-4.949053644983533E-01,-2.373487937743757E-02, -1.0
-5.422508985614990E-01, 5.348681168997080E-02,  1.0
-6.145454545454546E-01, 9.273484287815784E-02, -1.0
-4.946698030176916E-01, 1.400000000000001E-01,  1.0
-6.030416680562427E-01, 1.381818181818183E-01, -1.0
-5.145454545454545E-01, 1.407210131421773E-01,  1.0
-6.003129699018248E-01, 1.545454545454547E-01, -1.0
-5.145454545454545E-01, 1.884536806753740E-01,  1.0
-6.145454545454546E-01, 1.430902784421002E-01, -1.0
-5.326399674957265E-01, 1.890909090909092E-01,  1.0
-6.145454545454546E-01, 2.807769110432614E-01, -1.0
-5.145454545454545E-01, 1.983326486703781E-01,  1.0
-6.270765071695779E-01, 2.836363636363638E-01, -1.0
-5.387232195146013E-01, 2.218181818181819E-01,  1.0
-6.145454545454546E-01, 2.800000000000001E-01, -1.0
-5.424675632455993E-01, 3.181818181818183E-01,  1.0
-5.570972887824833E-01, 3.763636363636366E-01, -1.0
-5.608126189478319E-01, 3.145454545454547E-01,  1.0
-4.545454545454545E-01, 3.527272727272729E-01, -1.0
-5.545454545454546E-01, 3.109090909090910E-01,  1.0
-5.545454545454546E-01, 3.644558600703053E-01, -1.0
-5.545454545454546E-01, 4.072727272727274E-01,  1.0
-5.545454545454546E-01, 5.350402351870074E-01, -1.0
-5.345454545454545E-01, 4.036363636363637E-01,  1.0
-5.545454545454546E-01, 5.218181818181820E-01, -1.0
-5.717680906092634E-01, 4.245907278348440E-01,  1.0
-5.550359569307033E-01, 5.181818181818184E-01, -1.0
-5.145454545454545E-01, 5.763636363636366E-01,  1.0
-5.545454545454546E-01, 5.355226639049546E-01, -1.0
-5.162696395128703E-01, 5.727272727272729E-01,  1.0
-5.611140071861624E-01, 5.509090909090910E-01, -1.0
-5.945454545454546E-01, 6.288464404399157E-01,  1.0
-5.745454545454546E-01, 6.846675497873609E-01, -1.0
-5.742012400228468E-01, 6.254545454545456E-01,  1.0
-5.804043486003960E-01, 6.672885229837587E-01, -1.0
-5.545454545454546E-01, 7.818181818181821E-01,  1.0
-5.745454545454546E-01, 6.800000000000002E-01, -1.0
-5.656248467897805E-01, 7.732625530242340E-01,  1.0
-5.745454545454546E-01, 6.655018109593659E-01, -1.0
-5.538626987122128E-01, 7.745454545454548E-01,  1.0
-5.945454545454546E-01, 6.927272727272729E-01, -1.0
-5.545454545454546E-01, 7.709090909090911E-01,  1.0
-5.826656331613822E-01, 8.631399244495513E-01, -1.0
-5.545454545454546E-01, 7.672727272727274E-01,  1.0
-5.816559574433396E-01, 8.654545454545457E-01, -1.0
-4.937029382160941E-01, 8.836363636363639E-01,  1.0
-5.745454545454546E-01, 8.618181818181820E-01, -1.0
-4.800063717254043E-01, 8.800000000000002E-01,  1.0
-5.963636363636364E-01,-9.900000000000000E-01,  1.0
-5.654258850553111E-01,-8.218181818181818E-01, -1.0
-4.967726512184677E-01,-8.836363636363637E-01,  1.0
-5.763636363636364E-01,-8.223495255832777E-01, -1.0
-4.880629122494278E-01,-8.872727272727273E-01,  1.0
-5.763636363636364E-01,-8.241918564610475E-01, -1.0
-5.199324614917994E-01,-7.109090909090908E-01,  1.0
-5.745154063055447E-01,-8.127272727272727E-01, -1.0
-5.363636363636364E-01,-6.945454545454545E-01,  1.0
-5.646713967284428E-01,-8.163586233879908E-01, -1.0
-5.241741813657759E-01,-6.828000454158603E-01,  1.0
-5.966409207130834E-01,-6.935813703711816E-01, -1.0
-5.322420585451655E-01,-6.818181818181818E-01,  1.0
-6.070816236719092E-01,-6.836363636363636E-01, -1.0
-4.563636363636363E-01,-6.254545454545454E-01,  1.0
-6.080882645674046E-01,-6.872727272727273E-01, -1.0
-5.449879282822245E-01,-5.490909090909091E-01,  1.0
-5.144879590181538E-01,-5.779566402247958E-01, -1.0
-5.363636363636364E-01,-5.395412318859312E-01,  1.0
-5.963636363636364E-01,-5.589999610141793E-01, -1.0
-5.163636363636364E-01,-4.763636363636363E-01,  1.0
-5.998470074216612E-01,-5.507551396884462E-01, -1.0
-5.363636363636364E-01,-4.799999999999999E-01,  1.0
-5.963636363636364E-01,-5.418181818181818E-01, -1.0
-5.200396947913529E-01,-4.836363636363636E-01,  1.0
-5.563636363636364E-01,-4.254545454545454E-01, -1.0
-5.363636363636364E-01,-4.672727272727273E-01,  1.0
-5.563636363636364E-01,-4.382403523664024E-01, -1.0
-5.563636363636364E-01,-3.309090909090908E-01,  1.0
-5.643570154241164E-01,-4.404047135030915E-01, -1.0
-5.563636363636364E-01,-3.345454545454545E-01,  1.0
-4.763636363636363E-01,-3.521868714319709E-01, -1.0
-5.563636363636364E-01,-3.381818181818181E-01,  1.0
-4.763636363636363E-01,-3.497770141965160E-01, -1.0
-5.563636363636364E-01,-3.218181818181818E-01,  1.0
-5.163636363636364E-01,-2.411366275746913E-01, -1.0
-5.563636363636364E-01,-2.254545454545454E-01,  1.0
-4.963636363636363E-01,-1.872727272727272E-01, -1.0
-5.563636363636364E-01,-2.290909090909090E-01,  1.0
-5.163636363636364E-01,-1.509090909090908E-01, -1.0
-5.627339585119908E-01,-2.327272727272727E-01,  1.0
-5.363636363636364E-01,-1.345454545454544E-01, -1.0
-5.563636363636364E-01,-9.636363636363628E-02,  1.0
-5.269497559670461E-01,-1.381818181818181E-01, -1.0
-5.563636363636364E-01,-7.999999999999992E-02,  1.0
-4.981620141257307E-01,-3.195970223414384E-02, -1.0
-5.563636363636364E-01,-6.363636363636355E-02,  1.0
-4.963636363636363E-01,-4.733495158157831E-02, -1.0
-5.763636363636364E-01, 1.599626472219856E-02,  1.0
-5.117256816194846E-01,-2.909090909090899E-02, -1.0
-5.363636363636364E-01, 6.189281343066869E-02,  1.0
-4.963636363636363E-01,-1.272727272727262E-02, -1.0
-5.367335537944817E-01, 5.078177266405041E-02,  1.0
-4.963636363636363E-01,-1.636363636363625E-02, -1.0
-4.963636363636363E-01, 1.218181818181819E-01,  1.0
-6.363636363636365E-01, 9.452139495423906E-02, -1.0
-5.163636363636364E-01, 1.408206124355745E-01,  1.0
-6.163636363636364E-01, 1.363636363636365E-01, -1.0
-4.963636363636363E-01, 1.545454545454547E-01,  1.0
-6.163636363636364E-01, 1.463216250833896E-01, -1.0
-5.237209829122874E-01, 1.909090909090910E-01,  1.0
-6.134879654843932E-01, 2.679717295391850E-01, -1.0
-5.163636363636364E-01, 1.872727272727274E-01,  1.0
-6.163636363636364E-01, 2.854545454545456E-01, -1.0
-5.233933113497546E-01, 2.258951498070632E-01,  1.0
-4.576475255889183E-01, 3.418181818181820E-01, -1.0
-5.563636363636364E-01, 3.000000000000002E-01,  1.0
-4.603705512774816E-01, 3.262564262956474E-01, -1.0
-5.470700483507771E-01, 3.163636363636365E-01,  1.0
-4.563636363636363E-01, 3.345454545454547E-01, -1.0
-5.563636363636364E-01, 4.090226107692114E-01,  1.0
-5.852047544289360E-01, 3.722630516296059E-01, -1.0
-5.563636363636364E-01, 4.204072721203091E-01,  1.0
-4.763636363636363E-01, 4.072727272727274E-01, -1.0
-5.543135463742438E-01, 4.054545454545456E-01,  1.0
-5.563636363636364E-01, 5.036363636363638E-01, -1.0
-5.452361842036346E-01, 4.018181818181819E-01,  1.0
-5.493394257086849E-01, 5.375625936495326E-01, -1.0
-5.163636363636364E-01, 5.581818181818184E-01,  1.0
-5.563636363636364E-01, 5.363636363636366E-01, -1.0
-5.163636363636364E-01, 5.745454545454547E-01,  1.0
-5.563636363636364E-01, 5.327272727272728E-01, -1.0
-5.128132991064747E-01, 5.709090909090910E-01,  1.0
-4.963636363636363E-01, 6.471438753932649E-01, -1.0
-5.763636363636364E-01, 6.272727272727274E-01,  1.0
-4.963636363636363E-01, 6.368378929952365E-01, -1.0
-5.464981250675988E-01, 7.436363636363639E-01,  1.0
-5.897826841723222E-01, 6.786660829013468E-01, -1.0
-5.406202080870302E-01, 7.353587841119452E-01,  1.0
-4.963636363636363E-01, 6.381818181818183E-01, -1.0
-5.563636363636364E-01, 7.763636363636366E-01,  1.0
-5.163636363636364E-01, 6.745454545454547E-01, -1.0
-5.615164058027567E-01, 7.727272727272729E-01,  1.0
-5.963636363636364E-01, 8.509090909090912E-01, -1.0
-4.363636363636363E-01, 7.744065978808496E-01,  1.0
-5.763636363636364E-01, 8.472727272727275E-01, -1.0
-4.963636363636363E-01, 8.854545454545457E-01,  1.0
-5.763636363636364E-01, 8.636363636363639E-01, -1.0
-4.963636363636363E-01, 8.818181818181821E-01,  1.0
-5.563636363636364E-01, 9.559499087057500E-01, -1.0
-5.788344934308276E-01,-8.352702684175227E-01, -1.0
-5.067681986477435E-01,-9.018181818181819E-01,  1.0
-5.581818181818182E-01,-8.269166802398513E-01, -1.0
-4.679294551755175E-01,-7.796810004752336E-01,  1.0
-5.581818181818182E-01,-8.072727272727273E-01, -1.0
-4.981818181818182E-01,-8.682135296834881E-01,  1.0
-5.581818181818182E-01,-8.309090909090909E-01, -1.0
-4.781818181818182E-01,-7.842840918183949E-01,  1.0
-5.381818181818182E-01,-7.945454545454546E-01, -1.0
-5.181818181818182E-01,-6.963636363636363E-01,  1.0
-4.951367686018545E-01,-7.581818181818182E-01, -1.0
-5.181818181818182E-01,-7.000000000000000E-01,  1.0
-6.160482960796529E-01,-6.957127003088983E-01, -1.0
-4.581818181818181E-01,-6.236363636363635E-01,  1.0
-5.981818181818183E-01,-6.854545454545454E-01, -1.0
-4.503224425579722E-01,-6.367066086999879E-01,  1.0
-5.154514051180192E-01,-5.606759930965326E-01, -1.0
-5.381818181818182E-01,-5.509090909090909E-01,  1.0
-5.181818181818182E-01,-5.727272727272728E-01, -1.0
-5.145502579408165E-01,-4.945454545454545E-01,  1.0
-5.181818181818182E-01,-5.763636363636364E-01, -1.0
-4.581818181818181E-01,-5.181818181818182E-01,  1.0
-5.058757582710247E-01,-5.599999999999999E-01, -1.0
-5.345533145259244E-01,-4.812884459628771E-01,  1.0
-4.781818181818182E-01,-4.373019517051870E-01, -1.0
-5.381818181818182E-01,-4.854545454545455E-01,  1.0
-4.730691485556305E-01,-4.272727272727272E-01, -1.0
-5.581818181818182E-01,-3.290909090909090E-01,  1.0
-5.581818181818182E-01,-4.309090909090909E-01, -1.0
-5.451134855060914E-01,-3.327272727272726E-01,  1.0
-4.781818181818182E-01,-3.345454545454545E-01, -1.0
-5.581818181818182E-01,-3.363636363636363E-01,  1.0
-4.781818181818182E-01,-3.381818181818181E-01, -1.0
-5.581818181818182E-01,-3.237116728934187E-01,  1.0
-5.181818181818182E-01,-2.268538515249220E-01, -1.0
-4.626945357304490E-01,-2.685845176197279E-01,  1.0
-4.981818181818182E-01,-1.752474660728264E-01, -1.0
-5.581818181818182E-01,-2.206567641396315E-01,  1.0
-4.919529467936744E-01,-1.690909090909090E-01, -1.0
-5.737105738856051E-01,-2.309090909090909E-01,  1.0
-4.930086997070038E-01,-1.527272727272726E-01, -1.0
-5.695082393826255E-01,-2.345454545454545E-01,  1.0
-5.371659514158554E-01,-1.363636363636363E-01, -1.0
-4.581818181818181E-01,-9.818181818181811E-02,  1.0
-4.981818181818182E-01,-5.999999999999992E-02, -1.0
-5.381818181818182E-01,-8.181818181818172E-02,  1.0
-4.981818181818182E-01,-6.363636363636355E-02, -1.0
-5.781818181818182E-01, 7.006351884293134E-03,  1.0
-4.996513221214250E-01,-4.727272727272717E-02, -1.0
-5.381818181818182E-01, 5.090909090909102E-02,  1.0
-4.981818181818182E-01,-5.090909090909081E-02, -1.0
-5.381818181818182E-01, 4.320514542907562E-02,  1.0
-4.458997430449341E-01, 4.545454545454557E-02, -1.0
-5.381818181818182E-01, 5.143977309094207E-02,  1.0
-4.453001074897306E-01, 4.880837598738365E-02, -1.0
-4.981818181818182E-01, 1.600000000000001E-01,  1.0
-4.478200261892400E-01, 5.818181818181833E-02, -1.0
-4.928409340761172E-01, 1.637925547154855E-01,  1.0
-5.981818181818183E-01, 1.430375510836254E-01, -1.0
-4.796111666407982E-01, 1.527272727272729E-01,  1.0
-4.512234076613458E-01, 2.709090909090911E-01, -1.0
-5.181818181818182E-01, 1.890909090909092E-01,  1.0
-4.581818181818181E-01, 2.872727272727275E-01, -1.0
-5.181818181818182E-01, 2.054545454545456E-01,  1.0
-4.581818181818181E-01, 3.236363636363638E-01, -1.0
-5.267360044170251E-01, 2.103478733262578E-01,  1.0
-4.511161790467967E-01, 3.400000000000002E-01, -1.0
-5.566497941354595E-01, 3.181818181818183E-01,  1.0
-4.581818181818181E-01, 3.363636363636365E-01, -1.0
-5.565943981817525E-01, 3.145454545454547E-01,  1.0
-4.581818181818181E-01, 3.411849341053348E-01, -1.0
-5.588556757887947E-01, 3.964009974768300E-01,  1.0
-4.581818181818181E-01, 4.090909090909093E-01, -1.0
-5.263003956016667E-01, 4.072727272727274E-01,  1.0
-4.581818181818181E-01, 3.928731562563238E-01, -1.0
-5.381818181818182E-01, 4.322353243858530E-01,  1.0
-5.381818181818182E-01, 5.218181818181820E-01, -1.0
-5.381818181818182E-01, 4.505783587506738E-01,  1.0
-5.680244784751963E-01, 5.181818181818184E-01, -1.0
-4.381818181818181E-01, 4.963636363636366E-01,  1.0
-5.381818181818182E-01, 5.130551708592146E-01, -1.0
-4.981818181818182E-01, 5.727272727272729E-01,  1.0
-4.981818181818182E-01, 6.309090909090911E-01, -1.0
-5.181818181818182E-01, 5.690909090909092E-01,  1.0
-4.981818181818182E-01, 6.469281256158699E-01, -1.0
-5.346649298503297E-01, 7.372620531452986E-01,  1.0
-4.981818181818182E-01, 6.440222076363901E-01, -1.0
-5.565167980666608E-01, 7.818181818181821E-01,  1.0
-4.981818181818182E-01, 6.400000000000001E-01, -1.0
-4.181818181818181E-01, 7.946737468067663E-01,  1.0
-4.981818181818182E-01, 6.763636363636365E-01, -1.0
-5.581818181818182E-01, 7.745454545454548E-01,  1.0
-5.181818181818182E-01, 7.127272727272729E-01, -1.0
-4.181818181818181E-01, 7.776593226117537E-01,  1.0
-5.781818181818182E-01, 8.653941129701231E-01, -1.0
-4.381818181818181E-01, 7.900274895107829E-01,  1.0
-5.593412209614871E-01, 8.454545454545457E-01, -1.0
-4.781818181818182E-01, 8.819946154744167E-01,  1.0
-5.381818181818182E-01, 9.618181818181821E-01, -1.0
-4.781818181818182E-01, 8.735536555228361E-01,  1.0
-4.799999999999999E-01,-9.634574873563878E-01,  1.0
-5.654087756010079E-01,-8.461843801906594E-01, -1.0
-4.895400336547040E-01,-8.951287192702940E-01,  1.0
-4.599999999999999E-01,-8.254545454545454E-01, -1.0
-4.984639172904403E-01,-9.010158880138754E-01,  1.0
-4.599999999999999E-01,-8.375442659330288E-01, -1.0
-4.799999999999999E-01,-7.709090909090909E-01,  1.0
-5.599999999999999E-01,-8.127272727272727E-01, -1.0
-4.799999999999999E-01,-7.745454545454545E-01,  1.0
-5.691059408831569E-01,-8.248695475410205E-01, -1.0
-5.199999999999999E-01,-6.981818181818181E-01,  1.0
-4.999999999999999E-01,-7.467821746034988E-01, -1.0
-5.199999999999999E-01,-6.818181818181818E-01,  1.0
-6.000000000000000E-01,-6.934344815835729E-01, -1.0
-4.599999999999999E-01,-6.254545454545454E-01,  1.0
-5.199999999999999E-01,-5.744754496481813E-01, -1.0
-4.599999999999999E-01,-6.290909090909091E-01,  1.0
-5.199999999999999E-01,-5.607478976178593E-01, -1.0
-4.599999999999999E-01,-5.327272727272727E-01,  1.0
-5.118013404389015E-01,-5.784751099633320E-01, -1.0
-5.353758307110338E-01,-4.763636363636363E-01,  1.0
-5.199999999999999E-01,-5.803665616662310E-01, -1.0
-5.199999999999999E-01,-4.799999999999999E-01,  1.0
-4.599999999999999E-01,-4.218181818181817E-01, -1.0
-5.399999999999999E-01,-4.836363636363636E-01,  1.0
-4.599999999999999E-01,-4.414653739800579E-01, -1.0
-5.599999999999999E-01,-3.472727272727272E-01,  1.0
-4.799999999999999E-01,-4.290909090909091E-01, -1.0
-5.599999999999999E-01,-3.203254416401694E-01,  1.0
-4.616649964686842E-01,-4.327272727272727E-01, -1.0
-5.599999999999999E-01,-3.345454545454545E-01,  1.0
-4.799999999999999E-01,-3.363636363636363E-01, -1.0
-5.414731359904945E-01,-3.350095255830695E-01,  1.0
-4.799999999999999E-01,-3.400000000000000E-01, -1.0
-4.580859157130717E-01,-2.618181818181817E-01,  1.0
-4.999999999999999E-01,-1.799078400540592E-01, -1.0
-4.720033825394914E-01,-2.654545454545454E-01,  1.0
-4.815757145416439E-01,-1.672727272727272E-01, -1.0
-5.599999999999999E-01,-2.290909090909090E-01,  1.0
-4.799999999999999E-01,-1.709090909090908E-01, -1.0
-5.680908941347294E-01,-2.210492796439054E-01,  1.0
-5.199999999999999E-01,-1.345454545454544E-01, -1.0
-4.599999999999999E-01,-9.530875836182290E-02,  1.0
-5.199999999999999E-01,-1.381818181818181E-01, -1.0
-4.639980288214198E-01,-8.394424176770010E-02,  1.0
-4.999999999999999E-01,-6.181818181818172E-02, -1.0
-4.199999999999998E-01,-4.363636363636354E-02,  1.0
-4.999999999999999E-01,-4.545454545454536E-02, -1.0
-5.800000000000000E-01, 1.272727272727283E-02,  1.0
-4.999999999999999E-01,-4.909090909090899E-02, -1.0
-5.399999999999999E-01, 5.328017699593030E-02,  1.0
-4.999999999999999E-01,-1.647223589299165E-02, -1.0
-5.531512855574797E-01, 4.545454545454557E-02,  1.0
-4.599999999999999E-01, 4.363636363636375E-02, -1.0
-4.999999999999999E-01, 1.418181818181819E-01,  1.0
-4.399999999999999E-01, 6.000000000000013E-02, -1.0
-4.875949385979782E-01, 1.559929187013902E-01,  1.0
-4.399999999999999E-01, 5.636363636363651E-02, -1.0
-4.799999999999999E-01, 1.704973906793872E-01,  1.0
-4.587036960495149E-01, 2.727272727272729E-01, -1.0
-4.799999999999999E-01, 1.509090909090910E-01,  1.0
-4.642211872100982E-01, 2.890909090909093E-01, -1.0
-5.199999999999999E-01, 1.872727272727274E-01,  1.0
-4.599999999999999E-01, 3.054545454545456E-01, -1.0
-5.599999999999999E-01, 3.007225572346323E-01,  1.0
-4.599999999999999E-01, 3.418181818181820E-01, -1.0
-5.445998668604503E-01, 3.101585128009872E-01,  1.0
-4.599999999999999E-01, 3.381818181818184E-01, -1.0
-5.599999999999999E-01, 3.051617334512577E-01,  1.0
-4.483301324734170E-01, 3.479026746892252E-01, -1.0
-5.599999999999999E-01, 3.927272727272729E-01,  1.0
-4.599999999999999E-01, 3.375867801036740E-01, -1.0
-5.502582299477572E-01, 4.054861291965218E-01,  1.0
-4.599999999999999E-01, 4.072727272727274E-01, -1.0
-5.714788237575142E-01, 4.054545454545456E-01,  1.0
-5.528646217239620E-01, 5.193652682910254E-01, -1.0
-5.199999999999999E-01, 4.418181818181819E-01,  1.0
-5.599999999999999E-01, 5.200000000000002E-01, -1.0
-4.199999999999999E-01, 4.984748818893488E-01,  1.0
-4.822457319794663E-01, 5.563636363636366E-01, -1.0
-5.117047480415081E-01, 5.745454545454547E-01,  1.0
-4.922777673783829E-01, 6.327272727272729E-01, -1.0
-4.220203459120935E-01, 6.109090909090911E-01,  1.0
-4.999999999999999E-01, 6.290909090909093E-01, -1.0
-4.189548584827160E-01, 6.174049573821409E-01,  1.0
-4.988623117346573E-01, 6.320765226487316E-01, -1.0
-5.399999999999999E-01, 7.538383393867499E-01,  1.0
-4.999999999999999E-01, 6.369275687593771E-01, -1.0
-5.524454506129212E-01, 7.800000000000002E-01,  1.0
-4.999999999999999E-01, 6.581818181818183E-01, -1.0
-4.399999999999999E-01, 7.901260330138283E-01,  1.0
-5.182356245994446E-01, 6.945454545454547E-01, -1.0
-4.103256585199394E-01, 7.883546312738304E-01,  1.0
-5.175235521108434E-01, 7.038800429904384E-01, -1.0
-4.399999999999999E-01, 7.890909090909093E-01,  1.0
-5.800000000000000E-01, 8.472727272727275E-01, -1.0
-4.809587737466670E-01, 8.654545454545457E-01,  1.0
-5.599999999999999E-01, 8.552587640661222E-01, -1.0
-4.799999999999999E-01, 8.677332882052673E-01,  1.0
-5.599999999999999E-01, 9.648853569798074E-01, -1.0
-4.618181818181817E-01,-8.375679367787086E-01, -1.0
-4.910752902093092E-01,-9.818181818181819E-01,  1.0
-4.618181818181817E-01,-8.236363636363636E-01, -1.0
-5.018181818181817E-01,-8.880043566269072E-01,  1.0
-4.470769619319069E-01,-8.272727272727273E-01, -1.0
-5.018181818181817E-01,-8.860857902013635E-01,  1.0
-4.618181818181817E-01,-8.309090909090909E-01, -1.0
-4.618181818181817E-01,-7.727272727272727E-01,  1.0
-5.209195791330794E-01,-7.945454545454546E-01, -1.0
-4.818181818181818E-01,-7.763636363636364E-01,  1.0
-5.028759791218851E-01,-7.381818181818182E-01, -1.0
-4.618181818181817E-01,-6.199999999999999E-01,  1.0
-4.906224563441678E-01,-7.523595547721402E-01, -1.0
-4.618181818181817E-01,-6.236363636363635E-01,  1.0
-4.818181818181817E-01,-7.197147879582086E-01, -1.0
-4.572017469012176E-01,-6.343733522241093E-01,  1.0
-5.218181818181817E-01,-5.690909090909091E-01, -1.0
-4.418181818181817E-01,-6.109090909090910E-01,  1.0
-5.218181818181817E-01,-5.727272727272728E-01, -1.0
-4.418181818181817E-01,-5.345454545454545E-01,  1.0
-5.218181818181817E-01,-5.742201095369976E-01, -1.0
-4.418181818181817E-01,-5.181818181818182E-01,  1.0
-4.652727759413470E-01,-4.728594120309685E-01, -1.0
-5.218181818181817E-01,-4.818181818181818E-01,  1.0
-4.715071378920479E-01,-4.436363636363636E-01, -1.0
-5.218181818181817E-01,-4.654545454545455E-01,  1.0
-4.818181818181818E-01,-4.272727272727272E-01, -1.0
-5.618181818181818E-01,-3.290909090909090E-01,  1.0
-4.798219587954767E-01,-4.226047809007036E-01, -1.0
-5.418181818181818E-01,-3.461762492040365E-01,  1.0
-4.818181818181818E-01,-3.345454545454545E-01, -1.0
-4.487453803609858E-01,-2.763636363636363E-01,  1.0
-4.771485947818091E-01,-3.381818181818181E-01, -1.0
-4.618181818181817E-01,-2.652829487086210E-01,  1.0
-4.818181818181818E-01,-3.411965844259844E-01, -1.0
-4.510998610431089E-01,-2.636363636363636E-01,  1.0
-4.818181818181817E-01,-1.633049343536742E-01, -1.0
-4.530385920379677E-01,-2.672727272727272E-01,  1.0
-4.818181818181818E-01,-1.690909090909090E-01, -1.0
-4.618181818181817E-01,-2.709090909090909E-01,  1.0
-4.818181818181818E-01,-1.527272727272726E-01, -1.0
-4.618181818181817E-01,-9.454545454545446E-02,  1.0
-4.719490082780335E-01,-1.495454468277254E-01, -1.0
-4.474305921946194E-01,-1.015365049854807E-01,  1.0
-5.000784965483734E-01,-5.999999999999992E-02, -1.0
-4.218181818181817E-01,-4.604626848576300E-02,  1.0
-5.018181818181817E-01,-6.363636363636355E-02, -1.0
-4.218181818181817E-01,-4.545454545454536E-02,  1.0
-5.056730255635189E-01,-5.666038375839478E-02, -1.0
-4.186466237770637E-01,-2.996965367329807E-02,  1.0
-5.018181818181817E-01,-4.529852242237456E-02, -1.0
-5.443409558440049E-01, 5.244558815067697E-02,  1.0
-4.418181818181817E-01, 4.545454545454557E-02, -1.0
-5.483347011066053E-01, 5.806525019432227E-02,  1.0
-4.418181818181817E-01, 6.181818181818193E-02, -1.0
-4.818181818181818E-01, 1.573192198477991E-01,  1.0
-4.296614572081278E-01, 5.818181818181833E-02, -1.0
-4.781447074458918E-01, 1.668678293330522E-01,  1.0
-4.467654589636186E-01, 5.480971873366593E-02, -1.0
-4.916667065668433E-01, 1.527272727272729E-01,  1.0
-4.590939641578966E-01, 2.909090909090911E-01, -1.0
-4.940422186653907E-01, 1.490909090909092E-01,  1.0
-4.675009290140557E-01, 3.072727272727275E-01, -1.0
-4.218181818181817E-01, 1.654545454545455E-01,  1.0
-4.618181818181817E-01, 3.279023552104824E-01, -1.0
-5.288534964449259E-01, 1.885650805747719E-01,  1.0
-4.594117186857484E-01, 3.291898187114329E-01, -1.0
-5.618181818181818E-01, 2.981818181818183E-01,  1.0
-4.618181818181817E-01, 3.478916061442082E-01, -1.0
-5.418181818181818E-01, 3.145454545454547E-01,  1.0
-4.555220452048584E-01, 3.500248817858808E-01, -1.0
-5.418181818181818E-01, 4.109090909090911E-01,  1.0
-4.618181818181817E-01, 4.090909090909093E-01, -1.0
-5.456066160814790E-01, 4.072727272727274E-01,  1.0
-4.618181818181817E-01, 3.932819833422709E-01, -1.0
-4.085608634875865E-01, 5.036363636363638E-01,  1.0
-4.761701125994472E-01, 4.031094846708190E-01, -1.0
-4.392513858812908E-01, 4.838986698147790E-01,  1.0
-4.696160649728412E-01, 5.581818181818184E-01, -1.0
-5.147412180902184E-01, 5.563636363636366E-01,  1.0
-5.018181818181817E-01, 5.580631134190548E-01, -1.0
-5.125173780237465E-01, 5.573713853885529E-01,  1.0
-5.018181818181817E-01, 6.403356219324740E-01, -1.0
-4.218181818181817E-01, 6.090909090909092E-01,  1.0
-5.116567602470641E-01, 6.367574669032686E-01, -1.0
-4.018181818181817E-01, 7.254545454545457E-01,  1.0
-5.018181818181817E-01, 6.438120110098501E-01, -1.0
-4.018181818181817E-01, 7.082065497988030E-01,  1.0
-4.882867472051968E-01, 6.442867132643064E-01, -1.0
-4.018181818181817E-01, 7.781818181818184E-01,  1.0
-5.018181818181817E-01, 6.363636363636365E-01, -1.0
-4.218181818181817E-01, 7.745454545454548E-01,  1.0
-5.188473232801059E-01, 7.206633605861775E-01, -1.0
-4.218181818181817E-01, 7.909090909090911E-01,  1.0
-5.173800545680448E-01, 7.290909090909092E-01, -1.0
-4.218181818181817E-01, 7.872727272727275E-01,  1.0
-4.577936625540565E-01, 8.654545454545457E-01, -1.0
-4.818181818181818E-01, 8.836363636363639E-01,  1.0
-4.618181818181817E-01, 8.576447744685290E-01, -1.0
-4.759028257159669E-01, 8.713208314970805E-01,  1.0
-4.973766204094959E-01,-9.810323894622589E-01,  1.0
-4.636363636363636E-01,-8.303461736283345E-01, -1.0
-5.036363636363637E-01,-8.836363636363637E-01,  1.0
-4.461016361097846E-01,-8.254545454545454E-01, -1.0
-4.636363636363636E-01,-7.872727272727272E-01,  1.0
-4.636363636363636E-01,-8.290909090909091E-01, -1.0
-4.688276724723571E-01,-7.709090909090909E-01,  1.0
-4.041603477720050E-01,-7.727272727272727E-01, -1.0
-4.636363636363636E-01,-6.545454545454544E-01,  1.0
-4.836363636363636E-01,-7.563636363636363E-01, -1.0
-4.510588346061442E-01,-6.469894400128693E-01,  1.0
-4.875957652629838E-01,-7.468144795796275E-01, -1.0
-4.436363636363636E-01,-6.218181818181817E-01,  1.0
-4.999445271237842E-01,-7.535690062749575E-01, -1.0
-4.436363636363636E-01,-6.359146318458493E-01,  1.0
-5.036363636363637E-01,-7.072727272727273E-01, -1.0
-4.444837270531727E-01,-6.090909090909091E-01,  1.0
-5.236363636363637E-01,-5.709090909090909E-01, -1.0
-4.236363636363636E-01,-5.927272727272728E-01,  1.0
-5.036363636363637E-01,-5.745454545454546E-01, -1.0
-4.236363636363636E-01,-5.888686488633825E-01,  1.0
-4.786293156816067E-01,-4.533810372922306E-01, -1.0
-4.436363636363636E-01,-5.399999999999999E-01,  1.0
-4.636363636363636E-01,-4.418181818181817E-01, -1.0
-5.236363636363637E-01,-4.836363636363636E-01,  1.0
-4.636363636363636E-01,-4.454545454545454E-01, -1.0
-4.236363636363636E-01,-3.707068619755615E-01,  1.0
-4.636363636363636E-01,-4.290909090909091E-01, -1.0
-4.236363636363636E-01,-3.509090909090908E-01,  1.0
-4.836363636363636E-01,-3.327272727272726E-01, -1.0
-4.110594270118935E-01,-3.488436570743381E-01,  1.0
-4.836363636363636E-01,-3.516248242464403E-01, -1.0
-4.564821637371802E-01,-2.781818181818181E-01,  1.0
-4.836363636363636E-01,-3.400000000000000E-01, -1.0
-4.636363636363636E-01,-2.618181818181817E-01,  1.0
-4.836363636363636E-01,-1.836363636363635E-01, -1.0
-4.606525121917207E-01,-2.763525203011715E-01,  1.0
-4.906937265492288E-01,-1.692419067374716E-01, -1.0
-4.525207198451321E-01,-2.690909090909090E-01,  1.0
-4.678322718915197E-01,-1.709090909090908E-01, -1.0
-4.636363636363636E-01,-2.527272727272727E-01,  1.0
-4.826350453345866E-01,-1.648079310396507E-01, -1.0
-4.570350952141789E-01,-9.636363636363628E-02,  1.0
-4.700206256433123E-01,-1.581818181818181E-01, -1.0
-4.636363636363636E-01,-9.999999999999991E-02,  1.0
-5.034462477587351E-01,-4.801485537749794E-02, -1.0
-4.236363636363636E-01,-3.951320428708335E-02,  1.0
-5.036363636363637E-01,-5.269444574355570E-02, -1.0
-4.236363636363636E-01,-4.727272727272717E-02,  1.0
-4.436363636363636E-01, 5.090909090909102E-02, -1.0
-4.236363636363636E-01,-3.090909090909080E-02,  1.0
-4.479970043410330E-01, 4.555935098213516E-02, -1.0
-5.436363636363637E-01, 4.545454545454557E-02,  1.0
-4.481196724366470E-01, 6.363636363636375E-02, -1.0
-4.952287125526072E-01, 1.618181818181819E-01,  1.0
-4.286034777836441E-01, 6.000000000000013E-02, -1.0
-4.836363636363636E-01, 1.619850441366658E-01,  1.0
-4.299534680688017E-01, 5.636363636363651E-02, -1.0
-4.961169208040296E-01, 1.545454545454547E-01,  1.0
-4.636363636363636E-01, 2.223643716326498E-01, -1.0
-4.236363636363636E-01, 1.735215118906827E-01,  1.0
-4.581030641194338E-01, 3.051730125018875E-01, -1.0
-4.236363636363636E-01, 1.672727272727274E-01,  1.0
-4.636363636363636E-01, 3.423253341878925E-01, -1.0
-3.836363636363636E-01, 2.236363636363637E-01,  1.0
-4.628003164824826E-01, 3.337660135300126E-01, -1.0
-3.836363636363636E-01, 2.400000000000001E-01,  1.0
-4.636363636363636E-01, 3.346441974726255E-01, -1.0
-5.436363636363637E-01, 3.163636363636365E-01,  1.0
-4.636363636363636E-01, 3.381788254948123E-01, -1.0
-4.036363636363636E-01, 4.094966706027798E-01,  1.0
-4.636363636363636E-01, 3.509090909090911E-01, -1.0
-5.521352645278702E-01, 4.037966764454983E-01,  1.0
-4.687671726403884E-01, 3.872727272727274E-01, -1.0
-4.236363636363636E-01, 4.974745826852258E-01,  1.0
-4.636363636363636E-01, 4.067929665135754E-01, -1.0
-4.224806307864563E-01, 5.018181818181819E-01,  1.0
-5.436363636363637E-01, 5.200000000000002E-01, -1.0
-4.036363636363636E-01, 4.981818181818184E-01,  1.0
-5.436363636363637E-01, 5.338825985332509E-01, -1.0
-4.265435767818516E-01, 4.896055677982893E-01,  1.0
-4.842159670854590E-01, 5.727272727272729E-01, -1.0
-4.036995952982688E-01, 6.109090909090911E-01,  1.0
-4.836363636363636E-01, 5.890909090909092E-01, -1.0
-4.036363636363636E-01, 6.272727272727274E-01,  1.0
-5.040092845689964E-01, 6.254545454545456E-01, -1.0
-3.836363636363636E-01, 7.436363636363639E-01,  1.0
-5.036363636363637E-01, 6.418181818181820E-01, -1.0
-3.942733178728947E-01, 7.250048400735031E-01,  1.0
-5.036363636363637E-01, 6.381818181818183E-01, -1.0
-3.836363636363636E-01, 7.913252980227656E-01,  1.0
-5.036363636363637E-01, 6.584723223452362E-01, -1.0
-4.390765824762642E-01, 7.927272727272729E-01,  1.0
-5.636363636363637E-01, 8.600390902250091E-01, -1.0
-4.236363636363636E-01, 7.890909090909093E-01,  1.0
-4.636363636363636E-01, 8.472727272727275E-01, -1.0
-4.779194796753201E-01, 8.854545454545457E-01,  1.0
-4.636363636363636E-01, 8.641289217500148E-01, -1.0
-4.836363636363636E-01, 8.818181818181821E-01,  1.0
-5.436363636363637E-01, 9.543454457033048E-01, -1.0
-4.515083983723869E-01,-8.978251445812611E-01, -1.0
-3.487793242389085E-01,-8.818181818181818E-01,  1.0
-4.654545454545455E-01,-8.436363636363636E-01, -1.0
-4.742736002807753E-01,-7.654545454545454E-01,  1.0
-4.654545454545455E-01,-8.272727272727273E-01, -1.0
-4.720358622389595E-01,-7.632560590446963E-01,  1.0
-4.054545454545454E-01,-7.709090909090909E-01, -1.0
-4.654545454545455E-01,-7.727272727272727E-01,  1.0
-4.054545454545454E-01,-7.745454545454545E-01, -1.0
-4.454545454545454E-01,-6.643469817235504E-01,  1.0
-4.854545454545455E-01,-7.581818181818182E-01, -1.0
-4.554352152511894E-01,-6.199999999999999E-01,  1.0
-3.999743934871507E-01,-7.618181818181818E-01, -1.0
-4.454545454545454E-01,-6.236363636363635E-01,  1.0
-4.054545454545454E-01,-7.058639698671091E-01, -1.0
-4.454545454545454E-01,-6.272727272727272E-01,  1.0
-5.046167173024175E-01,-5.890909090909091E-01, -1.0
-4.254545454545454E-01,-6.109090909090910E-01,  1.0
-5.054545454545455E-01,-5.777264037896070E-01, -1.0
-4.493024829997136E-01,-5.345454545454545E-01,  1.0
-4.254545454545454E-01,-5.363636363636364E-01, -1.0
-4.454545454545454E-01,-5.305723494387868E-01,  1.0
-4.775790373070452E-01,-4.399999999999999E-01, -1.0
-4.410507504929478E-01,-5.218181818181817E-01,  1.0
-4.654545454545455E-01,-4.436363636363636E-01, -1.0
-4.054545454545454E-01,-3.654545454545454E-01,  1.0
-4.654545454545455E-01,-4.272727272727272E-01, -1.0
-4.131556656543708E-01,-3.571880698627362E-01,  1.0
-4.654545454545455E-01,-4.363592091210151E-01, -1.0
-4.054545454545454E-01,-3.673413342984052E-01,  1.0
-4.654545454545455E-01,-3.345454545454545E-01, -1.0
-4.254545454545454E-01,-3.563636363636363E-01,  1.0
-4.854545454545455E-01,-3.442172305004714E-01, -1.0
-4.654545454545455E-01,-2.799999999999999E-01,  1.0
-4.654545454545455E-01,-3.418181818181818E-01, -1.0
-4.555662237509291E-01,-2.636363636363636E-01,  1.0
-4.795894302105486E-01,-3.454545454545455E-01, -1.0
-4.517551325742890E-01,-2.672727272727272E-01,  1.0
-3.454545454545453E-01,-2.150552711926096E-01, -1.0
-4.666533533590221E-01,-2.694761490021023E-01,  1.0
-4.854545454545455E-01,-1.527272727272726E-01, -1.0
-4.454545454545454E-01,-1.141400949770757E-01,  1.0
-4.854545454545455E-01,-1.563636363636363E-01, -1.0
-4.454545454545454E-01,-9.818181818181811E-02,  1.0
-3.654545454545454E-01,-1.199999999999999E-01, -1.0
-4.454545454545454E-01,-8.181818181818172E-02,  1.0
-5.054545454545455E-01,-6.363636363636355E-02, -1.0
-4.254545454545454E-01,-4.545454545454536E-02,  1.0
-5.054545454545455E-01,-4.727272727272717E-02, -1.0
-4.254545454545454E-01,-2.909090909090899E-02,  1.0
-4.454545454545454E-01, 4.909090909090921E-02, -1.0
-4.143149390858801E-01,-3.011857875758639E-02,  1.0
-4.654545454545455E-01, 4.545454545454557E-02, -1.0
-4.273253434428343E-01,-3.636363636363626E-02,  1.0
-4.454545454545454E-01, 6.181818181818193E-02, -1.0
-4.854545454545455E-01, 1.532231243046865E-01,  1.0
-4.454545454545454E-01, 6.050449855408539E-02, -1.0
-4.254545454545454E-01, 1.763636363636365E-01,  1.0
-3.454545454545453E-01, 9.454545454545468E-02, -1.0
-4.854545454545455E-01, 1.527272727272729E-01,  1.0
-4.618638487201735E-01, 2.566216006971592E-01, -1.0
-4.254545454545454E-01, 1.717975385782884E-01,  1.0
-4.654545454545455E-01, 3.080183414072139E-01, -1.0
-4.054545454545454E-01, 1.654545454545455E-01,  1.0
-4.654545454545455E-01, 3.236363636363638E-01, -1.0
-3.854545454545454E-01, 2.289261831978198E-01,  1.0
-4.606442982379204E-01, 3.548044393711985E-01, -1.0
-3.654545454545454E-01, 2.581818181818183E-01,  1.0
-4.566770329544094E-01, 3.363636363636365E-01, -1.0
-3.977364242693100E-01, 4.145454545454548E-01,  1.0
-4.654545454545455E-01, 3.528336739007588E-01, -1.0
-4.033914035323365E-01, 4.909090909090912E-01,  1.0
-4.654545454545455E-01, 3.490909090909092E-01, -1.0
-3.964402301586700E-01, 4.272727272727274E-01,  1.0
-4.654545454545455E-01, 4.054545454545456E-01, -1.0
-4.054545454545454E-01, 4.834274827847976E-01,  1.0
-4.654545454545455E-01, 4.018181818181819E-01, -1.0
-4.054545454545454E-01, 5.021027827547316E-01,  1.0
-4.854545454545455E-01, 5.581818181818184E-01, -1.0
-4.054545454545454E-01, 4.963636363636366E-01,  1.0
-4.854545454545455E-01, 5.621222454866334E-01, -1.0
-4.081008131610687E-01, 5.927272727272729E-01,  1.0
-4.854545454545455E-01, 5.709090909090910E-01, -1.0
-4.080930365592349E-01, 6.086034815498278E-01,  1.0
-4.920448943579866E-01, 6.472727272727274E-01, -1.0
-3.854545454545454E-01, 7.111800610910638E-01,  1.0
-5.054545454545455E-01, 6.436363636363638E-01, -1.0
-4.054545454545454E-01, 7.260132298068196E-01,  1.0
-5.069130501279370E-01, 6.361710348286107E-01, -1.0
-3.634768782721998E-01, 7.981818181818184E-01,  1.0
-5.153403169691911E-01, 6.578134007565400E-01, -1.0
-4.054545454545454E-01, 7.945454545454548E-01,  1.0
-5.054545454545455E-01, 6.927272727272729E-01, -1.0
-3.654545454545454E-01, 8.060289986981773E-01,  1.0
-4.454545454545454E-01, 8.552666029242665E-01, -1.0
-4.054545454545454E-01, 7.872727272727275E-01,  1.0
-4.454545454545454E-01, 8.654545454545457E-01, -1.0
-4.854545454545455E-01, 8.836363636363639E-01,  1.0
-4.576026810317130E-01, 9.818181818181821E-01, -1.0
-4.654545454545455E-01, 8.800000000000002E-01,  1.0
-3.568888647015480E-01,-8.600000000000000E-01,  1.0
-4.478287221273849E-01,-8.218181818181818E-01, -1.0
-3.472727272727272E-01,-8.722870809791329E-01,  1.0
-4.472727272727273E-01,-8.263903633784269E-01, -1.0
-3.672727272727272E-01,-8.672727272727273E-01,  1.0
-4.072727272727272E-01,-7.690909090909090E-01, -1.0
-4.672727272727273E-01,-7.709090909090909E-01,  1.0
-4.072727272727272E-01,-7.855093530912169E-01, -1.0
-4.472727272727273E-01,-6.545454545454544E-01,  1.0
-4.087616153781775E-01,-7.763636363636364E-01, -1.0
-4.449373082719577E-01,-6.381818181818181E-01,  1.0
-3.999054716638561E-01,-7.800000000000000E-01, -1.0
-4.472727272727273E-01,-6.370909356931655E-01,  1.0
-4.072727272727272E-01,-7.401432327539751E-01, -1.0
-4.272727272727272E-01,-6.054545454545454E-01,  1.0
-3.897823390603398E-01,-6.716333288573514E-01, -1.0
-4.271489250515659E-01,-6.090909090909091E-01,  1.0
-4.204561654959802E-01,-5.309090909090909E-01, -1.0
-4.099802364175691E-01,-5.727272727272728E-01,  1.0
-4.155769358071200E-01,-5.342452907258554E-01, -1.0
-3.872727272727272E-01,-4.963636363636363E-01,  1.0
-4.072727272727272E-01,-5.381818181818182E-01, -1.0
-4.472727272727273E-01,-5.337296521135494E-01,  1.0
-4.809973494401029E-01,-4.300131797489592E-01, -1.0
-3.872727272727272E-01,-5.036363636363637E-01,  1.0
-4.672727272727273E-01,-4.422439322534434E-01, -1.0
-3.872727272727272E-01,-4.872727272727273E-01,  1.0
-4.672727272727273E-01,-4.295085097661838E-01, -1.0
-4.016250569567635E-01,-3.377205757091233E-01,  1.0
-3.472727272727272E-01,-3.927272727272727E-01, -1.0
-4.072727272727272E-01,-3.545454545454545E-01,  1.0
-4.672727272727273E-01,-3.444134461489914E-01, -1.0
-4.072727272727272E-01,-3.251480932294839E-01,  1.0
-4.656705295048010E-01,-3.407577635742682E-01, -1.0
-4.472727272727273E-01,-2.618181818181817E-01,  1.0
-3.472727272727272E-01,-2.092968916896104E-01, -1.0
-4.509874599853465E-01,-2.654545454545454E-01,  1.0
-3.472727272727272E-01,-2.072727272727272E-01, -1.0
-4.472727272727273E-01,-2.808110546548162E-01,  1.0
-3.472727272727272E-01,-2.109090909090909E-01, -1.0
-4.324352707323530E-01,-2.036059196691987E-01,  1.0
-3.672727272727272E-01,-1.145454545454545E-01, -1.0
-4.228705248459754E-01,-2.061785216286984E-01,  1.0
-3.582859259394983E-01,-1.181818181818181E-01, -1.0
-4.472727272727273E-01,-9.648795768059730E-02,  1.0
-3.672727272727272E-01,-1.018181818181817E-01, -1.0
-4.272727272727272E-01,-4.570477250030806E-02,  1.0
-5.072727272727273E-01,-5.892802516928437E-02, -1.0
-4.272727272727272E-01,-2.727272727272717E-02,  1.0
-4.472727272727273E-01, 5.090909090909102E-02, -1.0
-4.272727272727272E-01,-3.956137278408651E-02,  1.0
-4.472727272727273E-01, 4.534427685468638E-02, -1.0
-4.272727272727272E-01, 1.454545454545456E-01,  1.0
-4.411247064340752E-01, 4.363636363636375E-02, -1.0
-4.239136391568797E-01, 1.818181818181820E-01,  1.0
-4.478342595777108E-01, 6.000000000000013E-02, -1.0
-4.270659860345644E-01, 1.728803504720026E-01,  1.0
-4.472727272727273E-01, 5.636363636363651E-02, -1.0
-4.872727272727273E-01, 1.545454545454547E-01,  1.0
-4.672727272727273E-01, 2.310038225960894E-01, -1.0
-4.072727272727272E-01, 1.530742732275676E-01,  1.0
-4.576500015189118E-01, 2.764327762864598E-01, -1.0
-4.122309931536301E-01, 1.872727272727274E-01,  1.0
-4.472727272727273E-01, 2.854545454545456E-01, -1.0
-3.872727272727272E-01, 2.236363636363637E-01,  1.0
-4.472727272727273E-01, 3.493821701089523E-01, -1.0
-3.872727272727272E-01, 2.200000000000001E-01,  1.0
-4.476931052637265E-01, 3.476689921021633E-01, -1.0
-3.859372398829390E-01, 2.474680983266533E-01,  1.0
-4.472727272727273E-01, 3.345454545454547E-01, -1.0
-3.872727272727272E-01, 4.263822911396563E-01,  1.0
-4.627028677926815E-01, 3.509090909090911E-01, -1.0
-3.872727272727272E-01, 4.890909090909094E-01,  1.0
-4.499509563669505E-01, 3.872727272727274E-01, -1.0
-4.072727272727272E-01, 4.956331120679416E-01,  1.0
-4.672727272727273E-01, 4.036363636363637E-01, -1.0
-4.072727272727272E-01, 5.018181818181819E-01,  1.0
-3.684127705410281E-01, 5.600000000000003E-01, -1.0
-4.072727272727272E-01, 5.093330278735143E-01,  1.0
-4.872727272727273E-01, 5.763636363636366E-01, -1.0
-4.072727272727272E-01, 5.145454545454546E-01,  1.0
-4.872727272727273E-01, 5.721061557800796E-01, -1.0
-4.072727272727272E-01, 6.109090909090911E-01,  1.0
-5.072727272727273E-01, 6.290909090909093E-01, -1.0
-4.072727272727272E-01, 6.272727272727274E-01,  1.0
-5.072727272727273E-01, 6.254545454545456E-01, -1.0
-4.043976796792300E-01, 7.138831283529249E-01,  1.0
-4.822767718368644E-01, 6.357622940135573E-01, -1.0
-3.990869478598754E-01, 7.200000000000002E-01,  1.0
-4.962099732561353E-01, 6.500022732523854E-01, -1.0
-3.872727272727272E-01, 7.910235445263115E-01,  1.0
-4.872727272727273E-01, 6.745454545454547E-01, -1.0
-3.872727272727272E-01, 7.727272727272729E-01,  1.0
-4.622246059359688E-01, 8.509090909090912E-01, -1.0
-3.672727272727272E-01, 8.090909090909093E-01,  1.0
-4.633182186190172E-01, 8.551545622458322E-01, -1.0
-3.483035072908893E-01, 8.163891568787075E-01,  1.0
-4.272727272727272E-01, 9.036363636363639E-01, -1.0
-4.906765311533883E-01, 8.749489627862033E-01,  1.0
-4.472727272727273E-01, 9.800000000000003E-01, -1.0
-4.612031189814454E-01,-8.800000000000000E-01, -1.0
-3.490909090909090E-01,-8.844981758761002E-01,  1.0
-4.490909090909091E-01,-8.436363636363636E-01, -1.0
-3.490909090909090E-01,-8.654545454545455E-01,  1.0
-4.090909090909091E-01,-7.845670050925496E-01, -1.0
-3.490909090909090E-01,-8.690909090909091E-01,  1.0
-4.090909090909091E-01,-7.709090909090909E-01, -1.0
-4.458243851927908E-01,-6.767928207882654E-01,  1.0
-4.090909090909091E-01,-7.648397275772775E-01, -1.0
-3.490909090909090E-01,-6.763636363636363E-01,  1.0
-3.976396199010386E-01,-7.781818181818182E-01, -1.0
-4.490909090909091E-01,-6.199999999999999E-01,  1.0
-4.090909090909091E-01,-7.618181818181818E-01, -1.0
-4.290909090909091E-01,-6.036363636363635E-01,  1.0
-4.139581268416231E-01,-7.454545454545455E-01, -1.0
-4.290909090909091E-01,-5.916326784292284E-01,  1.0
-3.890909090909090E-01,-6.890909090909092E-01, -1.0
-4.307036428838178E-01,-5.909090909090909E-01,  1.0
-3.430028717849017E-01,-6.327272727272728E-01, -1.0
-4.290909090909091E-01,-5.898751607914325E-01,  1.0
-4.175782056026114E-01,-5.363636363636364E-01, -1.0
-3.890909090909090E-01,-4.981818181818182E-01,  1.0
-4.256952024912541E-01,-5.199999999999999E-01, -1.0
-3.730495031357725E-01,-4.957144993152492E-01,  1.0
-4.690909090909091E-01,-4.374087182619859E-01, -1.0
-3.890909090909090E-01,-4.854545454545455E-01,  1.0
-4.690909090909091E-01,-4.272727272727272E-01, -1.0
-4.170665641016529E-01,-3.690909090909090E-01,  1.0
-3.490909090909090E-01,-3.909090909090909E-01, -1.0
-4.128121803557516E-01,-3.527272727272727E-01,  1.0
-3.490909090909090E-01,-3.945454545454545E-01, -1.0
-3.941908780589624E-01,-3.363636363636363E-01,  1.0
-4.683273989386389E-01,-3.381818181818181E-01, -1.0
-4.090909090909091E-01,-3.200000000000000E-01,  1.0
-3.490909090909090E-01,-2.018181818181817E-01, -1.0
-4.481776012107355E-01,-2.636363636363636E-01,  1.0
-3.442252267898093E-01,-2.054545454545453E-01, -1.0
-4.490909090909091E-01,-2.713383755534329E-01,  1.0
-3.490909090909090E-01,-2.090909090909090E-01, -1.0
-4.605733748796658E-01,-2.309090909090909E-01,  1.0
-3.490909090909090E-01,-2.124325151170617E-01, -1.0
-4.290909090909091E-01,-2.068635773501212E-01,  1.0
-3.566338027598147E-01,-1.155331790572710E-01, -1.0
-4.288221971230662E-01,-3.818181818181812E-02,  1.0
-3.490909090909090E-01,-1.034963951005052E-01, -1.0
-4.290909090909091E-01,-4.181818181818172E-02,  1.0
-3.763264283761485E-01,-1.036363636363635E-01, -1.0
-4.290909090909091E-01,-2.545454545454535E-02,  1.0
-4.490909090909091E-01, 5.532955898129689E-02, -1.0
-4.251824950977691E-01,-2.909090909090899E-02,  1.0
-4.490909090909091E-01, 4.909090909090921E-02, -1.0
-4.290909090909091E-01,-3.272727272727262E-02,  1.0
-4.290909090909091E-01, 4.545454545454557E-02, -1.0
-4.290909090909091E-01,-3.636363636363626E-02,  1.0
-4.490909090909091E-01, 6.181818181818193E-02, -1.0
-4.888975862677338E-01, 1.501410292470223E-01,  1.0
-4.490909090909091E-01, 5.818181818181833E-02, -1.0
-4.090909090909091E-01, 1.763636363636365E-01,  1.0
-3.490909090909090E-01, 7.454545454545469E-02, -1.0
-4.130009956696471E-01, 1.701856440076973E-01,  1.0
-4.588291276003516E-01, 2.909090909090911E-01, -1.0
-4.090909090909091E-01, 1.690909090909092E-01,  1.0
-4.470698434147901E-01, 2.872727272727275E-01, -1.0
-3.690909090909090E-01, 2.054545454545456E-01,  1.0
-4.648310921312260E-01, 3.236363636363638E-01, -1.0
-3.890909090909090E-01, 2.218181818181819E-01,  1.0
-4.490909090909091E-01, 3.400000000000002E-01, -1.0
-3.890909090909090E-01, 2.181818181818183E-01,  1.0
-4.490909090909091E-01, 3.363636363636365E-01, -1.0
-3.918903754913368E-01, 4.158367035387039E-01,  1.0
-4.490909090909091E-01, 3.527272727272729E-01, -1.0
-3.988488107346110E-01, 4.170997866593893E-01,  1.0
-4.690909090909091E-01, 3.690909090909092E-01, -1.0
-3.890909090909090E-01, 4.672727272727275E-01,  1.0
-4.690909090909091E-01, 3.981855845344749E-01, -1.0
-3.690909090909090E-01, 4.836363636363638E-01,  1.0
-4.890909090909091E-01, 5.469752005073992E-01, -1.0
-4.090909090909091E-01, 5.000000000000002E-01,  1.0
-3.690909090909090E-01, 5.653575059844143E-01, -1.0
-4.090909090909091E-01, 5.048182114654066E-01,  1.0
-3.690909090909090E-01, 5.745454545454547E-01, -1.0
-4.144393334308425E-01, 4.927272727272728E-01,  1.0
-3.690909090909090E-01, 5.782844385733561E-01, -1.0
-4.090909090909091E-01, 6.290909090909093E-01,  1.0
-4.968922144558417E-01, 6.355074433520066E-01, -1.0
-3.890909090909090E-01, 7.054545454545457E-01,  1.0
-4.624726732965050E-01, 6.210047993287172E-01, -1.0
-3.890909090909090E-01, 7.218181818181820E-01,  1.0
-5.090909090909091E-01, 6.665967955886763E-01, -1.0
-3.924069601150563E-01, 7.720905606972938E-01,  1.0
-5.065652195955926E-01, 6.563636363636365E-01, -1.0
-3.826803614115057E-01, 7.945454545454548E-01,  1.0
-4.890909090909091E-01, 6.927272727272729E-01, -1.0
-3.629356709081724E-01, 8.106188028740740E-01,  1.0
-4.580882517957851E-01, 8.612741895145543E-01, -1.0
-3.515513459572961E-01, 8.072727272727275E-01,  1.0
-4.290909090909091E-01, 8.854545454545457E-01, -1.0
-3.490909090909090E-01, 8.036363636363638E-01,  1.0
-4.290909090909091E-01, 9.018181818181821E-01, -1.0
-3.890909090909090E-01, 8.792387853864300E-01,  1.0
-3.509090909090908E-01,-8.600000000000000E-01,  1.0
-4.109090909090909E-01,-9.405283347205250E-01, -1.0
-3.542742918621177E-01,-8.636363636363636E-01,  1.0
-4.035934855262267E-01,-7.654545454545454E-01, -1.0
-3.509090909090908E-01,-8.770653377943610E-01,  1.0
-4.109090909090909E-01,-7.690909090909090E-01, -1.0
-3.109090909090908E-01,-8.497020021343895E-01,  1.0
-3.987110703853131E-01,-7.673458334954212E-01, -1.0
-3.400190109688522E-01,-6.730502058536481E-01,  1.0
-4.034025543281556E-01,-7.736118325415354E-01, -1.0
-3.309090909090908E-01,-6.761280277934677E-01,  1.0
-4.109090909090909E-01,-7.400000000000000E-01, -1.0
-3.309090909090908E-01,-6.579915239515791E-01,  1.0
-4.087603648614378E-01,-7.543962658820840E-01, -1.0
-4.309090909090909E-01,-6.068420171327197E-01,  1.0
-3.707289087080082E-01,-6.557061373378258E-01, -1.0
-4.309090909090909E-01,-6.090909090909091E-01,  1.0
-3.620669307262552E-01,-6.302754020783696E-01, -1.0
-4.109090909090909E-01,-5.923960071957304E-01,  1.0
-4.127884709208016E-01,-5.201937314192415E-01, -1.0
-3.509090909090908E-01,-5.563636363636364E-01,  1.0
-4.171378363410619E-01,-5.169963466449377E-01, -1.0
-3.777132023800132E-01,-4.999999999999999E-01,  1.0
-3.127339666779552E-01,-4.101981437613670E-01, -1.0
-3.909090909090909E-01,-5.036363636363637E-01,  1.0
-3.309090909090908E-01,-4.054545454545454E-01, -1.0
-3.709090909090909E-01,-4.872727272727273E-01,  1.0
-3.297276353738412E-01,-4.090909090909091E-01, -1.0
-4.164837691027664E-01,-3.614228711690795E-01,  1.0
-3.348471863726868E-01,-4.109442265203873E-01, -1.0
-4.109090909090909E-01,-3.434983322995423E-01,  1.0
-3.145773268052389E-01,-3.963636363636364E-01, -1.0
-4.109090909090909E-01,-3.333126370254771E-01,  1.0
-3.407509600503490E-01,-2.199999999999999E-01, -1.0
-4.509090909090909E-01,-2.818181818181817E-01,  1.0
-3.509090909090908E-01,-2.036363636363635E-01, -1.0
-4.509090909090909E-01,-2.654545454545454E-01,  1.0
-3.509090909090908E-01,-2.142716250281311E-01, -1.0
-4.509090909090909E-01,-2.490909090909091E-01,  1.0
-3.309090909090908E-01,-2.109090909090909E-01, -1.0
-4.404761539574931E-01,-2.075799701600428E-01,  1.0
-3.509090909090908E-01,-1.145454545454545E-01, -1.0
-4.234418884211649E-01,-1.963636363636363E-01,  1.0
-3.509090909090908E-01,-1.160659707784542E-01, -1.0
-4.104942954763321E-01,-3.999999999999992E-02,  1.0
-3.484561176971207E-01,-1.218181818181817E-01, -1.0
-4.309090909090909E-01,-2.363636363636354E-02,  1.0
-3.661509282508756E-01,-1.054545454545453E-01, -1.0
-4.152317349848747E-01,-2.727272727272717E-02,  1.0
-3.709090909090909E-01, 3.090909090909102E-02, -1.0
-4.309090909090909E-01,-4.189718063515691E-02,  1.0
-4.309090909090909E-01, 6.215535841312445E-02, -1.0
-4.269123723801495E-01,-3.454545454545444E-02,  1.0
-4.309090909090909E-01, 4.363636363636375E-02, -1.0
-4.109090909090909E-01, 1.466886035077864E-01,  1.0
-4.309090909090909E-01, 6.000000000000013E-02, -1.0
-4.109090909090909E-01, 1.781818181818184E-01,  1.0
-3.385973729708415E-01, 7.636363636363651E-02, -1.0
-4.109090909090909E-01, 1.626144006843965E-01,  1.0
-4.709090909090909E-01, 2.700265723336527E-01, -1.0
-4.109090909090909E-01, 1.709090909090910E-01,  1.0
-4.509090909090909E-01, 2.727600945812940E-01, -1.0
-4.109090909090909E-01, 1.686363389769895E-01,  1.0
-4.514112197564778E-01, 3.454545454545457E-01, -1.0
-3.709090909090909E-01, 2.236363636363637E-01,  1.0
-4.509090909090909E-01, 3.418181818181820E-01, -1.0
-3.709090909090909E-01, 2.200000000000001E-01,  1.0
-4.509090909090909E-01, 3.381818181818184E-01, -1.0
-3.887890643001471E-01, 3.163636363636365E-01,  1.0
-4.509090909090909E-01, 3.406493732859428E-01, -1.0
-3.709090909090909E-01, 2.971841183300613E-01,  1.0
-3.509090909090908E-01, 3.802507795395886E-01, -1.0
-3.909090909090909E-01, 4.753152308704300E-01,  1.0
-4.509090909090909E-01, 3.672727272727274E-01, -1.0
-3.755926131341878E-01, 4.727506270924248E-01,  1.0
-4.309090909090909E-01, 4.236363636363638E-01, -1.0
-4.109090909090909E-01, 5.018181818181819E-01,  1.0
-3.631331072316049E-01, 4.463369223899381E-01, -1.0
-4.184381978994519E-01, 4.955123686844981E-01,  1.0
-3.709090909090909E-01, 5.606887181292108E-01, -1.0
-4.072564436521142E-01, 4.991661305341888E-01,  1.0
-3.709090909090909E-01, 5.727272727272729E-01, -1.0
-4.109090909090909E-01, 4.909090909090910E-01,  1.0
-3.612386851267473E-01, 5.690909090909092E-01, -1.0
-3.709090909090909E-01, 6.656951113890642E-01,  1.0
-3.737598844262952E-01, 5.696024290233531E-01, -1.0
-3.709090909090909E-01, 6.803911714155090E-01,  1.0
-2.909090909090908E-01, 6.618181818181820E-01, -1.0
-3.784906131571354E-01, 7.800000000000002E-01,  1.0
-3.241380248066535E-01, 6.781818181818183E-01, -1.0
-3.812112889963348E-01, 7.763636363636366E-01,  1.0
-3.186946713816223E-01, 6.745454545454547E-01, -1.0
-3.682021923505945E-01, 7.927272727272729E-01,  1.0
-3.509090909090908E-01, 7.109090909090910E-01, -1.0
-3.546762660048195E-01, 8.090909090909093E-01,  1.0
-4.309090909090909E-01, 8.848203433506072E-01, -1.0
-3.509090909090908E-01, 8.080273677112959E-01,  1.0
-4.236302164378036E-01, 8.892047038883857E-01, -1.0
-3.745947031403556E-01, 8.956809998700701E-01,  1.0
-3.309090909090908E-01, 9.658187332337882E-01, -1.0
-4.527272727272728E-01,-8.403431352738938E-01, -1.0
-3.527272727272727E-01,-8.618181818181818E-01,  1.0
-4.266710881483968E-01,-9.236363636363637E-01, -1.0
-3.527272727272727E-01,-8.654545454545455E-01,  1.0
-4.127272727272727E-01,-7.739771333141915E-01, -1.0
-3.527272727272727E-01,-8.490909090909091E-01,  1.0
-4.065285516968963E-01,-7.709090909090909E-01, -1.0
-3.152220223539224E-01,-8.127272727272727E-01,  1.0
-4.127272727272727E-01,-7.745454545454545E-01, -1.0
-3.439871898300323E-01,-6.656969666136550E-01,  1.0
-4.037683664083160E-01,-7.677068211295023E-01, -1.0
-3.508510688056323E-01,-6.599999999999999E-01,  1.0
-4.127272727272727E-01,-7.618181818181818E-01, -1.0
-4.327272727272727E-01,-5.964760041067790E-01,  1.0
-4.054231898069718E-01,-7.204129108565278E-01, -1.0
-4.127272727272727E-01,-6.043406827086334E-01,  1.0
-3.527272727272727E-01,-6.490909090909092E-01, -1.0
-4.200614182272270E-01,-5.892048263252109E-01,  1.0
-3.527272727272727E-01,-6.327272727272728E-01, -1.0
-3.527272727272727E-01,-5.545454545454546E-01,  1.0
-4.150038595008771E-01,-5.363636363636364E-01, -1.0
-3.527272727272727E-01,-5.381818181818182E-01,  1.0
-4.127272727272727E-01,-5.199999999999999E-01, -1.0
-3.883233778608075E-01,-4.818181818181818E-01,  1.0
-4.727272727272728E-01,-4.434131633050936E-01, -1.0
-3.727272727272727E-01,-4.848820728041976E-01,  1.0
-3.299177741562901E-01,-3.872727272727272E-01, -1.0
-3.886242975200166E-01,-4.890909090909091E-01,  1.0
-3.327272727272726E-01,-4.109090909090909E-01, -1.0
-3.927272727272727E-01,-3.327272727272726E-01,  1.0
-3.327272727272726E-01,-3.945454545454545E-01, -1.0
-4.022737159419709E-01,-3.258041134270939E-01,  1.0
-3.213456637162490E-01,-3.981818181818182E-01, -1.0
-3.915668668823192E-01,-3.200000000000000E-01,  1.0
-3.527272727272727E-01,-2.018181818181817E-01, -1.0
-3.948223067063641E-01,-3.236363636363636E-01,  1.0
-3.434516059999561E-01,-2.036203129638733E-01, -1.0
-3.727272727272727E-01,-3.272727272727273E-01,  1.0
-3.527272727272727E-01,-2.090909090909090E-01, -1.0
-4.327272727272727E-01,-1.891030694680331E-01,  1.0
-3.579514648631446E-01,-1.127272727272726E-01, -1.0
-4.249218683237295E-01,-1.945454545454545E-01,  1.0
-3.625947645684973E-01,-1.163636363636363E-01, -1.0
-4.327272727272727E-01,-2.070595792985523E-01,  1.0
-3.629888419795636E-01,-9.999999999999991E-02, -1.0
-4.127272727272727E-01,-4.181818181818172E-02,  1.0
-3.527272727272727E-01,-1.043465007538610E-01, -1.0
-4.112414476260141E-01,-3.849027694407072E-02,  1.0
-3.727272727272727E-01, 3.272727272727283E-02, -1.0
-4.127272727272727E-01,-2.909090909090899E-02,  1.0
-3.727272727272727E-01, 1.276735727071866E-02, -1.0
-3.127272727272726E-01, 4.671969451879721E-02,  1.0
-3.721959332165645E-01, 4.545454545454557E-02, -1.0
-4.195440089463689E-01, 1.636363636363637E-01,  1.0
-3.724492847157007E-01, 4.181818181818193E-02, -1.0
-4.127272727272727E-01, 1.600000000000001E-01,  1.0
-3.496291420980051E-01, 7.818181818181834E-02, -1.0
-4.127272727272727E-01, 1.691384020993264E-01,  1.0
-2.727272727272726E-01, 1.639582200667841E-01, -1.0
-4.127272727272727E-01, 1.790458335348468E-01,  1.0
-4.498152863767935E-01, 2.909090909090911E-01, -1.0
-3.968577639684037E-01, 1.932439100069105E-01,  1.0
-4.527272727272728E-01, 2.872727272727275E-01, -1.0
-3.814337031381875E-01, 2.054545454545456E-01,  1.0
-4.681409807489876E-01, 3.036363636363638E-01, -1.0
-3.727272727272727E-01, 2.196558504124866E-01,  1.0
-3.527272727272727E-01, 3.370577062695322E-01, -1.0
-3.727272727272727E-01, 2.224696116882084E-01,  1.0
-3.527272727272727E-01, 3.353152791048349E-01, -1.0
-3.927272727272727E-01, 3.345454545454547E-01,  1.0
-3.527272727272727E-01, 3.907157245479885E-01, -1.0
-3.881058445635199E-01, 4.709090909090912E-01,  1.0
-3.527272727272727E-01, 3.890909090909093E-01, -1.0
-3.629875865066934E-01, 4.872727272727275E-01,  1.0
-3.527272727272727E-01, 3.854545454545455E-01, -1.0
-3.127272727272726E-01, 4.982909176833401E-01,  1.0
-3.927272727272727E-01, 4.636653823320986E-01, -1.0
-2.975911335417971E-01, 5.000000000000002E-01,  1.0
-3.727272727272727E-01, 5.581818181818184E-01, -1.0
-4.127272727272727E-01, 4.979202911158820E-01,  1.0
-3.667528652911246E-01, 5.745454545454547E-01, -1.0
-2.956378525316666E-01, 5.355240683490311E-01,  1.0
-3.658577764832524E-01, 5.732270777092704E-01, -1.0
-3.659037609028978E-01, 6.690909090909093E-01,  1.0
-4.727272727272728E-01, 6.272727272727274E-01, -1.0
-3.727272727272727E-01, 6.759111870075182E-01,  1.0
-4.127272727272727E-01, 6.439044736497538E-01, -1.0
-3.828694844181803E-01, 6.701493387734090E-01,  1.0
-2.927272727272726E-01, 6.800000000000002E-01, -1.0
-3.959108312263470E-01, 7.836639976542726E-01,  1.0
-3.327272727272726E-01, 6.664044458912333E-01, -1.0
-3.509806587193673E-01, 8.145454545454548E-01,  1.0
-3.327272727272726E-01, 6.924413580549753E-01, -1.0
-3.527272727272727E-01, 8.109090909090911E-01,  1.0
-4.527272727272728E-01, 8.618331711700880E-01, -1.0
-3.555744739614620E-01, 8.072727272727275E-01,  1.0
-4.527272727272728E-01, 8.454545454545457E-01, -1.0
-3.527272727272727E-01, 8.086157064145985E-01,  1.0
-4.385477348975226E-01, 8.908110440769080E-01, -1.0
-3.727272727272727E-01, 8.800000000000002E-01,  1.0
-3.545454545454545E-01,-8.541748449205250E-01,  1.0
-4.145454545454546E-01,-7.818181818181817E-01, -1.0
-3.368905765354401E-01,-8.636363636363636E-01,  1.0
-4.145454545454546E-01,-7.690237269986431E-01, -1.0
-3.345454545454545E-01,-8.672727272727273E-01,  1.0
-4.002243739598859E-01,-7.754337710244261E-01, -1.0
-2.840466851530542E-01,-8.109090909090909E-01,  1.0
-3.945454545454545E-01,-7.580982162107565E-01, -1.0
-2.957638085513226E-01,-8.116368215604007E-01,  1.0
-3.945454545454545E-01,-7.780513638935405E-01, -1.0
-3.460452455650863E-01,-6.581818181818181E-01,  1.0
-4.001562041977124E-01,-7.800000000000000E-01, -1.0
-3.345454545454545E-01,-6.618181818181817E-01,  1.0
-3.545454545454545E-01,-6.436363636363636E-01, -1.0
-4.145454545454546E-01,-5.854545454545453E-01,  1.0
-3.568403084989813E-01,-6.272727272727272E-01, -1.0
-4.145454545454546E-01,-6.090909090909091E-01,  1.0
-3.345454545454545E-01,-6.309090909090910E-01, -1.0
-3.545454545454545E-01,-5.527272727272727E-01,  1.0
-3.545454545454545E-01,-6.345454545454546E-01, -1.0
-3.345454545454545E-01,-5.563636363636364E-01,  1.0
-2.945454545454544E-01,-4.981818181818182E-01, -1.0
-3.882973295392272E-01,-4.999999999999999E-01,  1.0
-3.145454545454545E-01,-4.018181818181817E-01, -1.0
-3.745454545454545E-01,-5.036363636363637E-01,  1.0
-3.181441427603202E-01,-3.950809666041937E-01, -1.0
-3.737435893352553E-01,-4.872727272727273E-01,  1.0
-3.345454545454545E-01,-3.898089953972837E-01, -1.0
-3.955149247347070E-01,-3.309090909090908E-01,  1.0
-3.345454545454545E-01,-3.927272727272727E-01, -1.0
-3.884812375463266E-01,-3.213905832852856E-01,  1.0
-3.345454545454545E-01,-3.963636363636364E-01, -1.0
-3.945454545454545E-01,-3.181818181818181E-01,  1.0
-3.336819819230747E-01,-2.193985794133792E-01, -1.0
-4.005139498682825E-01,-3.218181818181818E-01,  1.0
-3.457780239320116E-01,-2.210252250690330E-01, -1.0
-3.945454545454545E-01,-3.254545454545454E-01,  1.0
-3.471362123016027E-01,-2.072727272727272E-01, -1.0
-4.145454545454546E-01,-1.890909090909090E-01,  1.0
-3.415254964847431E-01,-2.072476104808101E-01, -1.0
-4.145454545454546E-01,-1.927272727272727E-01,  1.0
-3.545454545454545E-01,-1.145454545454545E-01, -1.0
-4.126591764037859E-01,-1.761483649404310E-01,  1.0
-3.630140750234155E-01,-1.181818181818181E-01, -1.0
-4.145454545454546E-01,-4.277182199384963E-02,  1.0
-3.551427759023981E-01,-1.018181818181817E-01, -1.0
-2.745454545454544E-01,-3.636363636363538E-03,  1.0
-3.345454545454545E-01,-1.054545454545453E-01, -1.0
-4.145454545454546E-01,-2.342445994996742E-02,  1.0
-3.609820284317690E-01, 3.090909090909102E-02, -1.0
-2.745454545454544E-01, 9.090909090909200E-03,  1.0
-3.545454545454545E-01, 2.727272727272739E-02, -1.0
-3.545454545454545E-01, 1.054545454545456E-01,  1.0
-3.534886797929349E-01, 4.363636363636375E-02, -1.0
-4.145454545454546E-01, 1.492696942116732E-01,  1.0
-3.513576086256299E-01, 6.061563639715804E-02, -1.0
-3.788830742588969E-01, 1.581818181818183E-01,  1.0
-2.945454545454544E-01, 1.163636363636365E-01, -1.0
-4.145454545454546E-01, 1.679667663239855E-01,  1.0
-2.945454545454544E-01, 1.527742458762577E-01, -1.0
-3.927039425390503E-01, 2.109090909090910E-01,  1.0
-2.745454545454544E-01, 1.890909090909092E-01, -1.0
-3.839925629099858E-01, 2.072727272727274E-01,  1.0
-3.432448490755408E-01, 3.377208367403012E-01, -1.0
-3.740543237534573E-01, 2.156214017467372E-01,  1.0
-3.545454545454545E-01, 3.404837430270662E-01, -1.0
-3.745454545454545E-01, 2.400000000000001E-01,  1.0
-3.381530376648547E-01, 3.381818181818184E-01, -1.0
-3.745454545454545E-01, 3.163636363636365E-01,  1.0
-3.345454545454545E-01, 3.745454545454547E-01, -1.0
-3.921113623109121E-01, 3.527272727272729E-01,  1.0
-3.394081788299351E-01, 3.909090909090911E-01, -1.0
-3.745454545454545E-01, 4.690909090909093E-01,  1.0
-3.395240262112889E-01, 3.872727272727274E-01, -1.0
-2.786842088810620E-01, 5.054545454545456E-01,  1.0
-3.545454545454545E-01, 4.036363636363637E-01, -1.0
-2.945454545454544E-01, 5.018181818181819E-01,  1.0
-3.545454545454545E-01, 4.478622603719234E-01, -1.0
-2.945454545454544E-01, 5.024202322733951E-01,  1.0
-3.745454545454545E-01, 5.563636363636366E-01, -1.0
-2.912876412014728E-01, 5.745454545454547E-01,  1.0
-3.745454545454545E-01, 5.761861176804329E-01, -1.0
-4.145454545454546E-01, 6.125747928621981E-01,  1.0
-3.544415050164333E-01, 5.690909090909092E-01, -1.0
-3.745454545454545E-01, 6.472727272727274E-01,  1.0
-2.581357126835964E-01, 6.550354256385773E-01, -1.0
-3.891638801323235E-01, 7.036363636363638E-01,  1.0
-2.745454545454544E-01, 6.790887111173257E-01, -1.0
-3.745454545454545E-01, 8.000000000000003E-01,  1.0
-2.745454545454544E-01, 6.736725802987105E-01, -1.0
-3.457344428805007E-01, 8.033133743203437E-01,  1.0
-3.345454545454545E-01, 6.745454545454547E-01, -1.0
-3.545454545454545E-01, 8.086904687611157E-01,  1.0
-2.545454545454544E-01, 7.256858254892239E-01, -1.0
-3.531519258015801E-01, 8.090909090909093E-01,  1.0
-4.345454545454546E-01, 8.872727272727275E-01, -1.0
-3.472564578272251E-01, 8.054545454545456E-01,  1.0
-4.428907883631746E-01, 9.036363636363639E-01, -1.0
-3.545454545454545E-01, 8.110777481273059E-01,  1.0
-3.550052258076338E-01, 9.545754533191830E-01, -1.0
-3.612707579745131E-01,-9.423811959161845E-01, -1.0
-3.363636363636363E-01,-8.551581230595073E-01,  1.0
-3.296117135774553E-01,-9.095797901595170E-01, -1.0
-2.963636363636363E-01,-8.123169074733274E-01,  1.0
-4.110716794278767E-01,-7.872727272727272E-01, -1.0
-2.852438244263967E-01,-8.290909090909091E-01,  1.0
-3.963636363636364E-01,-7.680673480359550E-01, -1.0
-2.963636363636363E-01,-8.255435961231390E-01,  1.0
-3.963636363636364E-01,-7.739867011805691E-01, -1.0
-3.012547836215350E-01,-7.963636363636364E-01,  1.0
-4.083543849016065E-01,-7.781818181818182E-01, -1.0
-3.363636363636363E-01,-6.599999999999999E-01,  1.0
-2.763636363636363E-01,-7.418181818181818E-01, -1.0
-3.434869651837403E-01,-6.615534991605895E-01,  1.0
-3.431635844454526E-01,-6.310766969626905E-01, -1.0
-3.163636363636363E-01,-5.872727272727272E-01,  1.0
-3.443780979700028E-01,-6.290909090909091E-01, -1.0
-3.506040790048527E-01,-5.509090909090909E-01,  1.0
-3.563636363636363E-01,-6.361029190634071E-01, -1.0
-3.363636363636363E-01,-5.695436921848648E-01,  1.0
-2.963636363636363E-01,-4.963636363636363E-01, -1.0
-3.517627878991542E-01,-5.484934313769705E-01,  1.0
-2.963636363636363E-01,-4.999999999999999E-01, -1.0
-3.763636363636363E-01,-5.018181818181817E-01,  1.0
-3.276542278095347E-01,-4.158673236813711E-01, -1.0
-3.763636363636363E-01,-5.054545454545455E-01,  1.0
-3.230314543207296E-01,-3.912480331581735E-01, -1.0
-3.788535296478978E-01,-3.290909090909090E-01,  1.0
-3.163636363636363E-01,-3.909090909090909E-01, -1.0
-3.744564072120565E-01,-3.327272727272726E-01,  1.0
-3.303774965737880E-01,-3.945454545454545E-01, -1.0
-3.763636363636363E-01,-3.178411310148792E-01,  1.0
-2.893380647369659E-01,-2.859044190419166E-01, -1.0
-3.927479487236474E-01,-3.400000000000000E-01,  1.0
-3.395636828847581E-01,-2.018181818181817E-01, -1.0
-3.893067639273555E-01,-3.236363636363636E-01,  1.0
-3.563636363636363E-01,-2.054545454545453E-01, -1.0
-3.363636363636363E-01,-2.876132624637058E-01,  1.0
-3.596835285569512E-01,-2.203166290949049E-01, -1.0
-3.963636363636364E-01,-1.709090909090908E-01,  1.0
-3.363636363636363E-01,-2.127272727272727E-01, -1.0
-3.963636363636364E-01,-1.745454545454545E-01,  1.0
-3.563636363636363E-01,-1.163636363636363E-01, -1.0
-2.763636363636363E-01,-1.781818181818181E-01,  1.0
-3.363636363636363E-01,-1.199999999999999E-01, -1.0
-4.163636363636364E-01,-2.850483599595965E-02,  1.0
-3.363636363636363E-01,-8.855543079057952E-02, -1.0
-2.563636363636362E-01,-5.454545454545354E-03,  1.0
-3.363636363636363E-01,-1.029957499836799E-01, -1.0
-2.563636363636362E-01,-1.829614764551835E-03,  1.0
-3.563636363636363E-01, 4.909090909090921E-02, -1.0
-2.961451678862519E-01, 2.727272727272738E-02,  1.0
-3.707160936449224E-01, 4.545454545454557E-02, -1.0
-2.479885889349377E-01, 6.231574018121093E-03,  1.0
-3.563636363636363E-01, 6.568887585162179E-02, -1.0
-3.830177449673224E-01, 1.600000000000001E-01,  1.0
-3.163636363636363E-01, 9.652647833560235E-02, -1.0
-3.889995791238142E-01, 1.763636363636365E-01,  1.0
-2.963636363636363E-01, 1.345454545454547E-01, -1.0
-3.821877356811963E-01, 2.127272727272729E-01,  1.0
-2.563636363636362E-01, 1.709090909090910E-01, -1.0
-3.694403970898269E-01, 2.088276707438144E-01,  1.0
-3.370785565033734E-01, 3.081679004854520E-01, -1.0
-3.763636363636363E-01, 2.054545454545456E-01,  1.0
-3.449826021061589E-01, 3.075453234724331E-01, -1.0
-3.763636363636363E-01, 2.218181818181819E-01,  1.0
-3.513987124523763E-01, 3.400000000000002E-01, -1.0
-2.563636363636362E-01, 2.942325526026679E-01,  1.0
-3.387878728002824E-01, 3.363636363636365E-01, -1.0
-3.764841221893621E-01, 3.343992280938408E-01,  1.0
-3.363636363636363E-01, 3.927272727272729E-01, -1.0
-2.563636363636362E-01, 4.509090909090911E-01,  1.0
-3.425803200592076E-01, 3.890909090909093E-01, -1.0
-2.636543534171391E-01, 4.872727272727274E-01,  1.0
-3.563636363636363E-01, 3.859912009947579E-01, -1.0
-3.763636363636363E-01, 4.791189574312264E-01,  1.0
-3.552399919021102E-01, 4.218181818181819E-01, -1.0
-2.963636363636363E-01, 5.000000000000002E-01,  1.0
-3.708507603076482E-01, 5.781818181818185E-01, -1.0
-2.963636363636363E-01, 5.163636363636366E-01,  1.0
-3.614474319504252E-01, 5.745454545454547E-01, -1.0
-2.963636363636363E-01, 5.327272727272728E-01,  1.0
-3.714172988582843E-01, 5.709090909090910E-01, -1.0
-2.963636363636363E-01, 5.490909090909092E-01,  1.0
-3.563636363636363E-01, 5.672727272727274E-01, -1.0
-3.763636363636363E-01, 6.654545454545456E-01,  1.0
-2.763636363636363E-01, 6.636363636363638E-01, -1.0
-3.563636363636363E-01, 6.618181818181820E-01,  1.0
-2.563636363636362E-01, 6.661277546569726E-01, -1.0
-3.563636363636363E-01, 7.981818181818184E-01,  1.0
-2.763636363636363E-01, 6.763636363636365E-01, -1.0
-3.563636363636363E-01, 8.062019753379108E-01,  1.0
-2.563636363636362E-01, 7.327272727272729E-01, -1.0
-3.534647930711354E-01, 8.109090909090911E-01,  1.0
-2.497366413044084E-01, 8.690909090909094E-01, -1.0
-3.563636363636363E-01, 8.072727272727275E-01,  1.0
-2.563636363636362E-01, 8.854545454545457E-01, -1.0
-3.562318760523713E-01, 8.182942276895047E-01,  1.0
-3.346342884031203E-01, 9.418181818181821E-01, -1.0
-3.463364816221935E-01, 8.200000000000002E-01,  1.0
-2.714615882584823E-01,-8.441640892572362E-01,  1.0
-3.697165363267106E-01,-9.496297811186318E-01, -1.0
-2.781818181818181E-01,-8.436363636363636E-01,  1.0
-3.223157288723642E-01,-9.237788834873333E-01, -1.0
-2.981818181818181E-01,-8.072727272727273E-01,  1.0
-2.581818181818181E-01,-7.290909090909090E-01, -1.0
-2.984324470680796E-01,-8.139638999975671E-01,  1.0
-2.581818181818181E-01,-7.327272727272727E-01, -1.0
-2.846000999960234E-01,-7.924335339785006E-01,  1.0
-3.981818181818182E-01,-7.731757002869835E-01, -1.0
-3.381818181818181E-01,-6.719318047892470E-01,  1.0
-2.581818181818181E-01,-7.233051777351274E-01, -1.0
-3.381818181818181E-01,-6.677986291489734E-01,  1.0
-2.701149950171948E-01,-7.236363636363636E-01, -1.0
-3.181818181818181E-01,-6.013427439803616E-01,  1.0
-3.381818181818181E-01,-6.272727272727272E-01, -1.0
-3.293961334127538E-01,-5.690909090909091E-01,  1.0
-3.424123680582128E-01,-6.433348086030665E-01, -1.0
-3.381818181818181E-01,-5.527272727272727E-01,  1.0
-2.981818181818181E-01,-5.145454545454545E-01, -1.0
-3.381818181818181E-01,-5.523353392992048E-01,  1.0
-2.926564985416543E-01,-4.981818181818182E-01, -1.0
-3.524227393497571E-01,-5.432274053567271E-01,  1.0
-2.981818181818181E-01,-5.074682349525342E-01, -1.0
-2.494625909704343E-01,-4.636363636363636E-01,  1.0
-3.181818181818181E-01,-4.054545454545454E-01, -1.0
-2.381818181818181E-01,-4.672727272727273E-01,  1.0
-3.181818181818181E-01,-3.890909090909090E-01, -1.0
-3.950838881103835E-01,-3.233363596949932E-01,  1.0
-3.332427834849707E-01,-3.927272727272727E-01, -1.0
-3.581818181818182E-01,-3.345454545454545E-01,  1.0
-2.718932853071226E-01,-2.763636363636363E-01, -1.0
-3.688100372621234E-01,-3.169140296014508E-01,  1.0
-2.981818181818181E-01,-2.830517686680863E-01, -1.0
-3.781818181818182E-01,-3.218181818181818E-01,  1.0
-3.581818181818182E-01,-2.036363636363635E-01, -1.0
-3.781818181818182E-01,-3.254545454545454E-01,  1.0
-3.271588831039360E-01,-2.072727272727272E-01, -1.0
-2.367750495608923E-01,-1.890909090909090E-01,  1.0
-3.381818181818181E-01,-2.156063041463031E-01, -1.0
-3.981818181818182E-01,-1.870389521644943E-01,  1.0
-3.394291804788503E-01,-1.945454545454545E-01, -1.0
-2.581818181818181E-01,-1.763636363636363E-01,  1.0
-3.433049229973635E-01,-9.818181818181811E-02, -1.0
-2.581818181818181E-01,-1.599999999999999E-01,  1.0
-3.381818181818181E-01,-1.018181818181817E-01, -1.0
-2.381818181818181E-01,-3.636363636363538E-03,  1.0
-3.381818181818181E-01,-1.054545454545453E-01, -1.0
-2.686314371673242E-01,-6.297719699491710E-03,  1.0
-3.381818181818181E-01,-8.909090909090898E-02, -1.0
-2.581818181818181E-01, 9.090909090909198E-03,  1.0
-3.721883448326609E-01, 2.727272727272738E-02, -1.0
-2.400326980668853E-01, 9.254444600525007E-03,  1.0
-3.381818181818181E-01, 1.036363636363637E-01, -1.0
-2.781818181818181E-01, 2.708546101679199E-02,  1.0
-3.181818181818181E-01, 1.157144807411918E-01, -1.0
-3.981818181818182E-01, 1.581818181818183E-01,  1.0
-2.781818181818181E-01, 1.563636363636365E-01, -1.0
-3.981818181818182E-01, 1.698765879632373E-01,  1.0
-2.790966716689284E-01, 1.778385656790859E-01, -1.0
-3.781818181818182E-01, 2.122427805631142E-01,  1.0
-2.981818181818181E-01, 2.489301175437024E-01, -1.0
-3.781818181818182E-01, 2.094770073246360E-01,  1.0
-3.562671209806368E-01, 3.254545454545457E-01, -1.0
-3.381818181818181E-01, 2.236363636363637E-01,  1.0
-3.381818181818181E-01, 3.418181818181820E-01, -1.0
-3.781818181818182E-01, 2.200000000000001E-01,  1.0
-3.381818181818181E-01, 3.381818181818184E-01, -1.0
-2.581818181818181E-01, 3.032394751235109E-01,  1.0
-3.509844779720087E-01, 3.745454545454547E-01, -1.0
-2.462792163496246E-01, 3.246444009213862E-01,  1.0
-3.381818181818181E-01, 3.909090909090911E-01, -1.0
-2.603901343201937E-01, 4.690909090909093E-01,  1.0
-3.462172250715015E-01, 3.872727272727274E-01, -1.0
-2.581818181818181E-01, 4.854545454545456E-01,  1.0
-3.381818181818181E-01, 3.841372420688945E-01, -1.0
-2.981818181818181E-01, 5.067471418348205E-01,  1.0
-3.381818181818181E-01, 4.172695896185817E-01, -1.0
-2.900088457541442E-01, 5.097719094534727E-01,  1.0
-3.781818181818182E-01, 5.763636363636366E-01, -1.0
-2.581818181818181E-01, 4.896284975188183E-01,  1.0
-3.581818181818182E-01, 5.644067864027860E-01, -1.0
-2.885221319819049E-01, 5.309090909090910E-01,  1.0
-2.381818181818181E-01, 6.490909090909093E-01, -1.0
-3.581818181818182E-01, 6.448766457803702E-01,  1.0
-2.181818181818180E-01, 6.454545454545456E-01, -1.0
-3.581818181818182E-01, 6.636363636363638E-01,  1.0
-2.381818181818181E-01, 6.657906762773995E-01, -1.0
-3.381818181818181E-01, 7.400000000000002E-01,  1.0
-2.768946819432834E-01, 6.696135967746143E-01, -1.0
-3.581818181818182E-01, 8.163636363636366E-01,  1.0
-2.581818181818181E-01, 6.824645690485548E-01, -1.0
-3.581818181818182E-01, 8.009665138585121E-01,  1.0
-2.581818181818181E-01, 6.924483318768548E-01, -1.0
-3.462161302245529E-01, 8.090909090909093E-01,  1.0
-2.507540244074409E-01, 8.872727272727275E-01, -1.0
-3.589289624229146E-01, 8.054545454545456E-01,  1.0
-3.381818181818181E-01, 9.566866658835874E-01, -1.0
-3.426181112938556E-01, 8.218181818181820E-01,  1.0
-3.181818181818181E-01, 9.400000000000003E-01, -1.0
-3.800000000000000E-01,-9.540094565348570E-01, -1.0
-2.761820971860951E-01,-8.408126693792206E-01,  1.0
-3.200000000000000E-01,-9.036363636363637E-01, -1.0
-2.799999999999999E-01,-8.503345234269554E-01,  1.0
-3.400000000000000E-01,-9.235467952318736E-01, -1.0
-2.999999999999999E-01,-8.090909090909091E-01,  1.0
-2.719313238107310E-01,-7.309090909090908E-01, -1.0
-2.887438879308915E-01,-8.127272727272727E-01,  1.0
-2.799999999999999E-01,-7.311977708833430E-01, -1.0
-2.999999999999999E-01,-8.273150145827621E-01,  1.0
-2.716345278975112E-01,-7.398037575850290E-01, -1.0
-3.400000000000000E-01,-6.599999999999999E-01,  1.0
-2.399999999999999E-01,-7.018181818181818E-01, -1.0
-3.400000000000000E-01,-6.631688667077071E-01,  1.0
-2.399999999999999E-01,-6.854545454545454E-01, -1.0
-3.444050292240603E-01,-5.472727272727271E-01,  1.0
-3.535688805123740E-01,-6.301826305391121E-01, -1.0
-3.275715563354664E-01,-5.595941151090061E-01,  1.0
-2.842467299913277E-01,-5.127272727272727E-01, -1.0
-3.400000000000000E-01,-5.545454545454546E-01,  1.0
-2.892198999102639E-01,-5.120154983263373E-01, -1.0
-3.423014233263861E-01,-5.381818181818182E-01,  1.0
-2.999999999999999E-01,-5.007851915587714E-01, -1.0
-2.399999999999999E-01,-4.618181818181817E-01,  1.0
-2.853635681897484E-01,-5.036363636363637E-01, -1.0
-2.565628788342951E-01,-4.654545454545455E-01,  1.0
-3.200000000000000E-01,-3.947210699707007E-01, -1.0
-2.401788444975486E-01,-4.630475670671303E-01,  1.0
-3.200000000000000E-01,-4.050344968303369E-01, -1.0
-3.774130616518851E-01,-3.327272727272726E-01,  1.0
-2.399999999999999E-01,-3.345454545454545E-01, -1.0
-3.605664557069025E-01,-3.329499301000614E-01,  1.0
-2.799999999999999E-01,-2.781818181818181E-01, -1.0
-3.800000000000000E-01,-3.257599437004064E-01,  1.0
-2.599999999999999E-01,-3.018181818181818E-01, -1.0
-3.800000000000000E-01,-3.169220092263376E-01,  1.0
-3.400000000000000E-01,-2.054545454545453E-01, -1.0
-2.199999999999999E-01,-1.872727272727272E-01,  1.0
-3.468193681422426E-01,-2.066974141224919E-01, -1.0
-2.199999999999999E-01,-1.709090909090908E-01,  1.0
-3.376915888176187E-01,-2.127272727272727E-01, -1.0
-2.399999999999999E-01,-1.745454545454545E-01,  1.0
-3.400000000000000E-01,-1.963636363636363E-01, -1.0
-2.199999999999999E-01,-1.894035493245247E-01,  1.0
-3.400000000000000E-01,-9.999999999999991E-02, -1.0
-2.199999999999999E-01,-1.818181818181715E-03,  1.0
-3.400000000000000E-01,-1.033797658035443E-01, -1.0
-2.573173042047107E-01,-9.108489784119435E-03,  1.0
-3.483866394487496E-01,-9.426542206463534E-02, -1.0
-2.599999999999999E-01, 2.905470926567161E-02,  1.0
-3.714350503419272E-01, 2.930318448796219E-02, -1.0
-2.399999999999999E-01, 2.334605820985068E-02,  1.0
-3.600000000000000E-01, 3.440104900396784E-02, -1.0
-2.399999999999999E-01, 3.636363636363747E-03,  1.0
-3.136413921437848E-01, 9.978255128701845E-02, -1.0
-2.625224378130293E-01, 6.000000000000013E-02,  1.0
-3.096935383677424E-01, 9.846797083499158E-02, -1.0
-2.644360640641652E-01, 7.636363636363651E-02,  1.0
-2.582524518508966E-01, 1.872921475440427E-01, -1.0
-3.793207523422081E-01, 2.127272727272729E-01,  1.0
-2.716350256065104E-01, 1.709090909090910E-01, -1.0
-3.681628701535063E-01, 2.184863854028153E-01,  1.0
-2.632888504400486E-01, 1.872727272727274E-01, -1.0
-3.400000000000000E-01, 2.254545454545456E-01,  1.0
-3.400000000000000E-01, 3.436363636363639E-01, -1.0
-3.400000000000000E-01, 2.089673674459862E-01,  1.0
-3.400000000000000E-01, 3.348753267359576E-01, -1.0
-2.599999999999999E-01, 2.844052505609026E-01,  1.0
-3.400000000000000E-01, 3.712129367205506E-01, -1.0
-2.599999999999999E-01, 3.106311315114275E-01,  1.0
-3.400000000000000E-01, 3.727272727272729E-01, -1.0
-2.542537499410217E-01, 4.709090909090912E-01,  1.0
-3.400000000000000E-01, 4.050421736800490E-01, -1.0
-2.599999999999999E-01, 4.872727272727275E-01,  1.0
-3.400000000000000E-01, 3.854545454545455E-01, -1.0
-2.599999999999999E-01, 4.971160334921350E-01,  1.0
-3.509794557891053E-01, 4.018181818181819E-01, -1.0
-2.799999999999999E-01, 4.987679980979887E-01,  1.0
-3.622293385621911E-01, 5.811694260880318E-01, -1.0
-2.599999999999999E-01, 4.963636363636366E-01,  1.0
-3.800000000000000E-01, 5.745454545454547E-01, -1.0
-2.799999999999999E-01, 5.327272727272728E-01,  1.0
-2.548109800798646E-01, 6.696009163452599E-01, -1.0
-2.999999999999999E-01, 5.490909090909092E-01,  1.0
-2.287794433372545E-01, 6.519657440368023E-01, -1.0
-3.400000000000000E-01, 6.254545454545456E-01,  1.0
-2.674868476731004E-01, 6.724304968663526E-01, -1.0
-3.746602254585003E-01, 6.618181818181820E-01,  1.0
-2.799999999999999E-01, 6.800000000000002E-01, -1.0
-3.400000000000000E-01, 7.517265539215008E-01,  1.0
-2.861423462542266E-01, 6.763636363636365E-01, -1.0
-3.547928853112112E-01, 8.085582623750945E-01,  1.0
-2.599999999999999E-01, 6.947632303592493E-01, -1.0
-3.600000000000000E-01, 8.109090909090911E-01,  1.0
-2.637773265071724E-01, 8.915620272908836E-01, -1.0
-3.600000000000000E-01, 8.175309964247726E-01,  1.0
-2.399999999999999E-01, 8.984050361649810E-01, -1.0
-3.600000000000000E-01, 8.036363636363638E-01,  1.0
-2.399999999999999E-01, 8.818181818181821E-01, -1.0
-3.600000000000000E-01, 8.200000000000002E-01,  1.0
-2.818181818181817E-01,-8.400000000000000E-01,  1.0
-3.418181818181818E-01,-9.618181818181819E-01, -1.0
-2.818181818181817E-01,-8.341093390252895E-01,  1.0
-3.364871590958960E-01,-9.027498477982435E-01, -1.0
-2.659010804988046E-01,-8.472727272727273E-01,  1.0
-2.777567700391770E-01,-7.290909090909090E-01, -1.0
-2.818181818181817E-01,-8.424154597441219E-01,  1.0
-2.618181818181817E-01,-7.315152869683467E-01, -1.0
-3.018181818181818E-01,-8.145454545454546E-01,  1.0
-2.618181818181817E-01,-7.363636363636363E-01, -1.0
-2.836446602033924E-01,-6.781818181818181E-01,  1.0
-2.601950284647640E-01,-7.400000000000000E-01, -1.0
-3.241637243960254E-01,-6.416758574960018E-01,  1.0
-2.310881607354698E-01,-6.836363636363636E-01, -1.0
-3.218181818181818E-01,-5.854545454545453E-01,  1.0
-2.397712693527252E-01,-6.672727272727272E-01, -1.0
-3.418181818181818E-01,-5.690909090909091E-01,  1.0
-2.218181818181817E-01,-6.709090909090910E-01, -1.0
-3.358492891326306E-01,-5.527272727272727E-01,  1.0
-3.018181818181818E-01,-4.945454545454545E-01, -1.0
-3.418181818181818E-01,-5.563636363636364E-01,  1.0
-2.927550593355476E-01,-5.020574762350124E-01, -1.0
-2.418181818181817E-01,-4.599999999999999E-01,  1.0
-2.818181818181817E-01,-5.018181818181817E-01, -1.0
-2.418181818181817E-01,-4.636363636363636E-01,  1.0
-3.006113420249700E-01,-5.054545454545455E-01, -1.0
-2.479844149862488E-01,-4.513075926886613E-01,  1.0
-3.218181818181818E-01,-4.077229859351206E-01, -1.0
-2.418181818181817E-01,-4.509090909090909E-01,  1.0
-2.218181818181817E-01,-3.527272727272727E-01, -1.0
-2.319360086611980E-01,-4.545454545454546E-01,  1.0
-2.218181818181817E-01,-3.563636363636363E-01, -1.0
-3.218181818181818E-01,-3.311423575696842E-01,  1.0
-2.792725749568608E-01,-2.644707787223762E-01, -1.0
-2.218181818181817E-01,-1.818181818181817E-01,  1.0
-2.707153443282169E-01,-2.724609336133921E-01, -1.0
-2.218181818181817E-01,-1.854545454545453E-01,  1.0
-3.418181818181818E-01,-1.924488331474637E-01, -1.0
-2.218181818181817E-01,-1.890909090909090E-01,  1.0
-3.418181818181818E-01,-2.109090909090909E-01, -1.0
-2.218181818181817E-01,-1.927272727272727E-01,  1.0
-3.220758559042070E-01,-1.145454545454545E-01, -1.0
-2.218181818181817E-01,-1.363636363636363E-01,  1.0
-3.218181818181818E-01,-9.848075499022908E-02, -1.0
-2.418181818181817E-01,-1.999999999999991E-02,  1.0
-3.218181818181818E-01,-1.003109325411552E-01, -1.0
-2.309819392641162E-01,-3.636363636363538E-03,  1.0
-3.218181818181818E-01,-1.054545454545453E-01, -1.0
-2.418181818181817E-01, 1.272727272727283E-02,  1.0
-3.618181818181818E-01, 4.649079425805466E-02, -1.0
-2.351207921202815E-01, 9.090909090909200E-03,  1.0
-3.618181818181818E-01, 4.398053577439048E-02, -1.0
-2.284817916729095E-01, 5.454545454545563E-03,  1.0
-3.218181818181818E-01, 8.363636363636374E-02, -1.0
-2.418181818181817E-01, 4.181818181818193E-02,  1.0
-3.185971203903544E-01, 1.000000000000001E-01, -1.0
-2.618181818181817E-01, 5.818181818181833E-02,  1.0
-3.018181818181818E-01, 1.163636363636365E-01, -1.0
-2.466013502329923E-01, 7.454545454545469E-02,  1.0
-2.734019380802492E-01, 1.727272727272729E-01, -1.0
-3.618181818181818E-01, 2.141323270521625E-01,  1.0
-2.672717175554704E-01, 1.690909090909092E-01, -1.0
-3.529563126986455E-01, 2.203232437703265E-01,  1.0
-2.618181818181817E-01, 1.854545454545455E-01, -1.0
-2.657585245994792E-01, 2.836363636363638E-01,  1.0
-3.541582612611177E-01, 3.507848369107574E-01, -1.0
-2.458451062014922E-01, 3.000522053434366E-01,  1.0
-3.412304540905035E-01, 3.413569313899490E-01, -1.0
-2.618181818181817E-01, 3.192609963722609E-01,  1.0
-3.418181818181818E-01, 3.745454545454547E-01, -1.0
-2.418181818181817E-01, 4.589400582030351E-01,  1.0
-3.418181818181818E-01, 3.881515137414547E-01, -1.0
-2.418181818181817E-01, 4.690909090909093E-01,  1.0
-3.476862429604158E-01, 3.771897159899466E-01, -1.0
-2.618181818181817E-01, 4.822621606307043E-01,  1.0
-3.418181818181818E-01, 4.036363636363637E-01, -1.0
-2.787400200397067E-01, 4.818181818181819E-01,  1.0
-3.418181818181818E-01, 4.200000000000002E-01, -1.0
-2.585594431035454E-01, 4.981818181818184E-01,  1.0
-3.618181818181818E-01, 5.763636363636366E-01, -1.0
-2.818181818181817E-01, 5.145454545454546E-01,  1.0
-3.618181818181818E-01, 5.942279753624814E-01, -1.0
-2.818181818181817E-01, 5.485178291291535E-01,  1.0
-2.231553948453964E-01, 6.342097097830623E-01, -1.0
-3.600498991735974E-01, 6.672727272727275E-01,  1.0
-2.363163506471588E-01, 6.454545454545456E-01, -1.0
-3.218181818181818E-01, 7.436363636363639E-01,  1.0
-2.218181818181817E-01, 6.618181818181820E-01, -1.0
-3.218181818181818E-01, 7.575736036306201E-01,  1.0
-2.218181818181817E-01, 6.625812091748097E-01, -1.0
-3.599655577262186E-01, 8.163636363636366E-01,  1.0
-2.418181818181817E-01, 6.809435060769033E-01, -1.0
-3.418181818181818E-01, 8.127272727272730E-01,  1.0
-2.655620816440145E-01, 6.909090909090910E-01, -1.0
-3.418181818181818E-01, 8.193385188781229E-01,  1.0
-2.218181818181817E-01, 8.396562114723718E-01, -1.0
-3.447716421055801E-01, 8.054545454545456E-01,  1.0
-2.418181818181817E-01, 8.995690512678542E-01, -1.0
-3.418181818181818E-01, 8.018181818181820E-01,  1.0
-3.115227456501491E-01, 9.900000000000000E-01, -1.0
-2.036363636363635E-01,-9.200000000000000E-01, -1.0
-2.836363636363636E-01,-8.461838379641032E-01,  1.0
-2.036363636363635E-01,-9.036363636363637E-01, -1.0
-2.689395237703734E-01,-8.454545454545455E-01,  1.0
-1.836363636363635E-01,-8.100872982353340E-01, -1.0
-2.715242237345802E-01,-8.290909090909091E-01,  1.0
-2.614771485679658E-01,-7.509090909090909E-01, -1.0
-2.836363636363636E-01,-8.070148737957271E-01,  1.0
-2.658292631833110E-01,-7.337701518220543E-01, -1.0
-2.436363636363635E-01,-8.127183509949953E-01,  1.0
-2.636363636363636E-01,-7.381818181818182E-01, -1.0
-2.293286033352307E-01,-7.156783828922485E-01,  1.0
-2.236363636363635E-01,-6.830171021813339E-01, -1.0
-3.036363636363636E-01,-5.836363636363635E-01,  1.0
-2.188532391869203E-01,-6.728708232420495E-01, -1.0
-3.036363636363636E-01,-5.789973188011273E-01,  1.0
-2.036363636363635E-01,-6.717999818132471E-01, -1.0
-3.416241641298265E-01,-5.509090909090909E-01,  1.0
-3.036363636363636E-01,-5.127272727272727E-01, -1.0
-2.167290427596638E-01,-5.496542997653578E-01,  1.0
-2.836363636363636E-01,-4.963636363636363E-01, -1.0
-2.036363636363635E-01,-5.381818181818182E-01,  1.0
-2.836363636363636E-01,-4.999999999999999E-01, -1.0
-2.236363636363635E-01,-4.640997504146489E-01,  1.0
-2.983914230811602E-01,-5.036363636363637E-01, -1.0
-2.295903858740214E-01,-4.654545454545455E-01,  1.0
-2.836363636363636E-01,-5.072727272727273E-01, -1.0
-2.236363636363635E-01,-4.504048182383498E-01,  1.0
-2.226247853463621E-01,-3.479321285763555E-01, -1.0
-2.405314677736544E-01,-4.495514332850770E-01,  1.0
-2.251226756238757E-01,-3.379202514422665E-01, -1.0
-3.123097560374207E-01,-3.455744105479797E-01,  1.0
-2.236363636363635E-01,-3.381818181818181E-01, -1.0
-3.323985590247663E-01,-3.400000000000000E-01,  1.0
-2.236363636363635E-01,-3.418181818181818E-01, -1.0
-2.236363636363635E-01,-2.036363636363635E-01,  1.0
-2.844828330850946E-01,-2.854545454545454E-01, -1.0
-2.205669863921000E-01,-1.872727272727272E-01,  1.0
-2.696733043761833E-01,-2.683965460197991E-01, -1.0
-2.236363636363635E-01,-1.984818733374805E-01,  1.0
-3.436363636363636E-01,-2.127272727272727E-01, -1.0
-2.236363636363635E-01,-1.844292582193739E-01,  1.0
-3.436363636363636E-01,-1.163636363636363E-01, -1.0
-2.436363636363635E-01,-1.921965516926918E-01,  1.0
-3.036363636363636E-01,-9.999999999999991E-02, -1.0
-2.236363636363635E-01,-2.181818181818172E-02,  1.0
-2.827017487579497E-01,-8.976189887330382E-02, -1.0
-2.036363636363635E-01,-2.545454545454535E-02,  1.0
-3.360477401259520E-01,-1.072727272727272E-01, -1.0
-2.436363636363635E-01, 1.090909090909102E-02,  1.0
-3.408749754958738E-01,-8.656076053408268E-02, -1.0
-2.448705658521290E-01, 7.272727272727377E-03,  1.0
-3.053536110705630E-01, 1.025541993935364E-01, -1.0
-2.322185244455038E-01, 1.041229352576338E-02,  1.0
-3.036363636363636E-01, 1.018181818181819E-01, -1.0
-2.436363636363635E-01, 6.000000000000013E-02,  1.0
-2.636363636363636E-01, 1.715542715145381E-01, -1.0
-2.449722463619040E-01, 7.636363636363651E-02,  1.0
-2.636363636363636E-01, 1.745454545454547E-01, -1.0
-2.636363636363636E-01, 7.272727272727286E-02,  1.0
-2.636363636363636E-01, 1.851953835713151E-01, -1.0
-2.636363636363636E-01, 2.738609810434660E-01,  1.0
-2.636363636363636E-01, 1.872727272727274E-01, -1.0
-2.539278962844149E-01, 3.054545454545456E-01,  1.0
-2.636363636363636E-01, 1.836363636363637E-01, -1.0
-2.639194777802746E-01, 3.018181818181820E-01,  1.0
-3.436363636363636E-01, 3.600000000000002E-01, -1.0
-2.578342971074459E-01, 3.030250661592235E-01,  1.0
-3.436363636363636E-01, 3.522327151683390E-01, -1.0
-2.636363636363636E-01, 3.145454545454547E-01,  1.0
-3.106782897125233E-01, 3.696345966041983E-01, -1.0
-2.636363636363636E-01, 3.309090909090910E-01,  1.0
-2.910905709520697E-01, 3.690909090909092E-01, -1.0
-2.636363636363636E-01, 4.814282373713106E-01,  1.0
-3.436363636363636E-01, 3.858386564783445E-01, -1.0
-2.636363636363636E-01, 4.836363636363638E-01,  1.0
-1.836363636363635E-01, 5.095735035110797E-01, -1.0
-2.594952489358877E-01, 4.830681035396057E-01,  1.0
-3.436363636363636E-01, 5.981818181818185E-01, -1.0
-2.636363636363636E-01, 4.963636363636366E-01,  1.0
-2.036363636363635E-01, 6.268133557788550E-01, -1.0
-2.636363636363636E-01, 5.127272727272728E-01,  1.0
-2.397228132763569E-01, 6.509090909090911E-01, -1.0
-2.836363636363636E-01, 5.551352843042946E-01,  1.0
-2.236363636363635E-01, 6.472727272727274E-01, -1.0
-3.036363636363636E-01, 5.654545454545455E-01,  1.0
-2.367449173290438E-01, 6.636363636363638E-01, -1.0
-3.236363636363636E-01, 7.618181818181821E-01,  1.0
-2.333580580463353E-01, 6.634317871999255E-01, -1.0
-2.000855332686008E-01, 7.781818181818184E-01,  1.0
-2.236363636363635E-01, 6.563636363636365E-01, -1.0
-2.036363636363635E-01, 7.745454545454548E-01,  1.0
-2.636363636363636E-01, 6.927272727272729E-01, -1.0
-3.436363636363636E-01, 8.087099190214762E-01,  1.0
-2.236363636363635E-01, 8.422194756625301E-01, -1.0
-3.636363636363636E-01, 8.072727272727275E-01,  1.0
-2.236363636363635E-01, 8.454545454545457E-01, -1.0
-3.436363636363636E-01, 8.071351036765728E-01,  1.0
-2.236363636363635E-01, 8.900285996376393E-01, -1.0
-3.142450973816081E-01, 8.928985871917815E-01,  1.0
-2.650191962898621E-01,-8.294766396466554E-01,  1.0
-2.141475824144855E-01,-9.218181818181819E-01, -1.0
-2.854545454545454E-01,-8.436363636363636E-01,  1.0
-1.949832945217449E-01,-9.040556432025034E-01, -1.0
-2.730021342053122E-01,-8.472727272727273E-01,  1.0
-1.791503309607151E-01,-8.290909090909091E-01, -1.0
-2.654545454545454E-01,-8.309090909090909E-01,  1.0
-2.654545454545454E-01,-7.327272727272727E-01, -1.0
-2.623732590613727E-01,-8.145454545454546E-01,  1.0
-2.654545454545454E-01,-7.363636363636363E-01, -1.0
-2.454545454545454E-01,-6.981818181818181E-01,  1.0
-2.654545454545454E-01,-7.200000000000000E-01, -1.0
-2.454545454545454E-01,-6.818181818181818E-01,  1.0
-2.054545454545453E-01,-6.789955565827931E-01, -1.0
-2.854545454545454E-01,-5.854545454545453E-01,  1.0
-2.138583043237233E-01,-6.696045474891039E-01, -1.0
-2.054545454545453E-01,-5.490909090909091E-01,  1.0
-2.054545454545453E-01,-6.709090909090910E-01, -1.0
-2.054545454545453E-01,-5.511739816241789E-01,  1.0
-2.854545454545454E-01,-5.016867639402793E-01, -1.0
-2.170999322462649E-01,-5.363636363636364E-01,  1.0
-2.904822488524458E-01,-5.119461616288632E-01, -1.0
-2.054545454545453E-01,-5.477321610157402E-01,  1.0
-2.930162376499631E-01,-5.005974921745772E-01, -1.0
-2.315941506480233E-01,-4.685810161648502E-01,  1.0
-2.854545454545454E-01,-5.054545454545455E-01, -1.0
-2.349937997894991E-01,-4.577593816128444E-01,  1.0
-2.254545454545454E-01,-3.490909090909090E-01, -1.0
-2.254545454545454E-01,-4.509090909090909E-01,  1.0
-2.157175591422002E-01,-3.527272727272727E-01, -1.0
-3.095867242022175E-01,-3.345454545454545E-01,  1.0
-2.254545454545454E-01,-3.363636363636363E-01, -1.0
-2.054545454545453E-01,-2.581818181818181E-01,  1.0
-2.254545454545454E-01,-3.392335590086348E-01, -1.0
-2.054545454545453E-01,-2.170006582176753E-01,  1.0
-2.611279691237250E-01,-3.131320812869428E-01, -1.0
-2.054545454545453E-01,-2.017758353387991E-01,  1.0
-2.854545454545454E-01,-2.672727272727272E-01, -1.0
-2.054545454545453E-01,-1.948728435370686E-01,  1.0
-3.454545454545455E-01,-1.956594720377789E-01, -1.0
-2.147429946025307E-01,-1.727272727272726E-01,  1.0
-3.054545454545454E-01,-1.145454545454545E-01, -1.0
-2.054545454545453E-01,-1.963636363636363E-01,  1.0
-2.854545454545454E-01,-8.389010520336271E-02, -1.0
-2.254545454545454E-01,-1.610215322581341E-02,  1.0
-2.854545454545454E-01,-1.018181818181817E-01, -1.0
-2.108964961443744E-01,-7.769873172933995E-03,  1.0
-2.680594854213201E-01,-8.245202085256173E-02, -1.0
-2.454545454545454E-01,-7.272727272727169E-03,  1.0
-2.854545454545454E-01,-6.909090909090899E-02, -1.0
-2.454545454545454E-01, 9.090909090909200E-03,  1.0
-1.454545454545453E-01, 8.719983784343512E-02, -1.0
-2.454545454545454E-01, 5.454545454545563E-03,  1.0
-3.254545454545454E-01, 1.036363636363637E-01, -1.0
-2.454545454545454E-01, 2.625296697426448E-02,  1.0
-2.697822462544435E-01, 1.735026526938902E-01, -1.0
-2.478966317695605E-01, 5.818181818181833E-02,  1.0
-2.654545454545454E-01, 1.763636363636365E-01, -1.0
-2.352703465608559E-01, 1.345454545454547E-01,  1.0
-2.654545454545454E-01, 1.789150012335627E-01, -1.0
-2.254545454545454E-01, 1.309090909090910E-01,  1.0
-2.654545454545454E-01, 1.745637280500359E-01, -1.0
-2.654545454545454E-01, 2.630047089696700E-01,  1.0
-2.454545454545454E-01, 1.812065213453647E-01, -1.0
-2.538203150728985E-01, 3.036363636363638E-01,  1.0
-1.454545454545453E-01, 3.418181818181820E-01, -1.0
-2.518327276845790E-01, 3.000000000000002E-01,  1.0
-3.254545454545454E-01, 3.581818181818184E-01, -1.0
-2.454545454545454E-01, 3.160094580843218E-01,  1.0
-1.454545454545453E-01, 3.345454545454547E-01, -1.0
-2.454545454545454E-01, 3.327272727272729E-01,  1.0
-3.254545454545454E-01, 3.709090909090911E-01, -1.0
-2.654545454545454E-01, 4.890909090909094E-01,  1.0
-3.102127587077913E-01, 3.857383817053474E-01, -1.0
-2.654545454545454E-01, 4.854545454545456E-01,  1.0
-1.654545454545453E-01, 3.636363636363637E-01, -1.0
-2.600460560092729E-01, 4.818181818181820E-01,  1.0
-2.054545454545453E-01, 5.558840195364618E-01, -1.0
-2.502765309075469E-01, 4.916549150396313E-01,  1.0
-2.454545454545454E-01, 6.167183071878900E-01, -1.0
-2.623551021390249E-01, 4.945454545454546E-01,  1.0
-2.054545454545453E-01, 6.327272727272729E-01, -1.0
-2.654545454545454E-01, 5.109090909090910E-01,  1.0
-2.254545454545454E-01, 6.644576543556702E-01, -1.0
-2.958307287665553E-01, 5.663341160166777E-01,  1.0
-2.254545454545454E-01, 6.454545454545456E-01, -1.0
-3.054545454545454E-01, 5.836363636363637E-01,  1.0
-2.254545454545454E-01, 6.618181818181820E-01, -1.0
-3.454545454545455E-01, 7.866454539689157E-01,  1.0
-2.334566556074875E-01, 6.581818181818183E-01, -1.0
-2.054545454545453E-01, 7.817360525743264E-01,  1.0
-2.509750016434490E-01, 6.945454545454547E-01, -1.0
-2.026551203796538E-01, 7.727272727272729E-01,  1.0
-2.254545454545454E-01, 8.309090909090912E-01, -1.0
-3.244469338474703E-01, 8.090909090909093E-01,  1.0
-2.254545454545454E-01, 8.491484137959063E-01, -1.0
-3.254545454545454E-01, 8.054545454545456E-01,  1.0
-2.266481055821165E-01, 8.836363636363639E-01, -1.0
-1.454545454545453E-01, 8.818181818181821E-01,  1.0
-2.304194120523661E-01, 8.817236442504823E-01, -1.0
-1.872727272727272E-01,-9.168833657484211E-01, -1.0
-2.655491913000197E-01,-8.393071652138558E-01,  1.0
-1.977222596722468E-01,-9.036363636363637E-01, -1.0
-2.672727272727272E-01,-8.454545454545455E-01,  1.0
-1.893426512012308E-01,-8.253703446310034E-01, -1.0
-2.472727272727272E-01,-8.090909090909091E-01,  1.0
-1.472727272727271E-01,-7.509090909090909E-01, -1.0
-2.314973477869629E-01,-8.196383929918269E-01,  1.0
-2.672727272727272E-01,-7.345454545454545E-01, -1.0
-2.472727272727272E-01,-8.163636363636364E-01,  1.0
-2.672727272727272E-01,-7.249710408670239E-01, -1.0
-2.272727272727272E-01,-7.000000000000000E-01,  1.0
-2.272727272727272E-01,-6.761032708894189E-01, -1.0
-1.472727272727271E-01,-6.236363636363635E-01,  1.0
-2.072727272727272E-01,-6.820198844235712E-01, -1.0
-3.072727272727273E-01,-5.672727272727272E-01,  1.0
-2.072727272727272E-01,-6.690909090909092E-01, -1.0
-2.072727272727272E-01,-5.509090909090909E-01,  1.0
-2.188115657219007E-01,-6.727272727272728E-01, -1.0
-2.072727272727272E-01,-5.345454545454545E-01,  1.0
-2.857921060357448E-01,-5.044796716674058E-01, -1.0
-2.139729613299302E-01,-5.354502403882908E-01,  1.0
-1.472727272727271E-01,-4.799999999999999E-01, -1.0
-2.072727272727272E-01,-5.418181818181818E-01,  1.0
-1.634637542051925E-01,-3.636363636363635E-01, -1.0
-2.272727272727272E-01,-4.654545454545455E-01,  1.0
-2.272727272727272E-01,-3.524787859097855E-01, -1.0
-2.272727272727272E-01,-4.490909090909091E-01,  1.0
-2.272727272727272E-01,-3.509090909090908E-01, -1.0
-2.388092026405562E-01,-4.527272727272728E-01,  1.0
-2.232789418004952E-01,-3.545454545454545E-01, -1.0
-3.262571903685104E-01,-3.299225219313255E-01,  1.0
-2.272727272727272E-01,-3.393369572122364E-01, -1.0
-1.872727272727272E-01,-2.753876676254274E-01,  1.0
-2.577840957799275E-01,-3.018181818181818E-01, -1.0
-1.872727272727272E-01,-2.773003319743184E-01,  1.0
-2.611466327585665E-01,-3.054545454545454E-01, -1.0
-2.152352153115413E-01,-1.872727272727272E-01,  1.0
-1.472727272727271E-01,-2.708775827338812E-01, -1.0
-2.123835864542261E-01,-1.909090909090908E-01,  1.0
-3.072727272727273E-01,-1.127272727272726E-01, -1.0
-1.672727272727272E-01,-1.516879054261757E-01,  1.0
-3.006304397017393E-01,-9.636363636363628E-02, -1.0
-1.640943436718743E-01,-1.558721216136547E-01,  1.0
-2.672727272727272E-01,-7.999999999999992E-02, -1.0
-1.672727272727272E-01,-1.407206626337847E-01,  1.0
-2.675962961280646E-01,-9.936296481964590E-02, -1.0
-2.072727272727272E-01,-2.545454545454535E-02,  1.0
-3.272727272727273E-01,-1.072727272727272E-01, -1.0
-2.072727272727272E-01,-1.583857948954162E-02,  1.0
-1.472727272727271E-01, 8.909090909090919E-02, -1.0
-2.472727272727272E-01, 2.192063440778489E-02,  1.0
-1.472727272727271E-01, 1.054545454545456E-01, -1.0
-2.472727272727272E-01, 2.363636363636375E-02,  1.0
-1.675479767825705E-01, 1.018181818181819E-01, -1.0
-2.454037589317745E-01, 4.417563989990271E-02,  1.0
-1.472727272727271E-01, 9.818181818181833E-02, -1.0
-2.472727272727272E-01, 7.636363636363651E-02,  1.0
-2.672727272727272E-01, 1.878738693352160E-01, -1.0
-2.178707536671876E-01, 1.330382860814059E-01,  1.0
-2.672727272727272E-01, 1.833688965772658E-01, -1.0
-2.472727272727272E-01, 2.690909090909093E-01,  1.0
-1.943583688028742E-01, 2.253862692208116E-01, -1.0
-2.526576636773182E-01, 2.854545454545456E-01,  1.0
-1.672727272727272E-01, 2.867072783516954E-01, -1.0
-2.472727272727272E-01, 3.018181818181820E-01,  1.0
-1.672727272727272E-01, 2.800000000000001E-01, -1.0
-2.464290659923983E-01, 3.181818181818183E-01,  1.0
-1.672727272727272E-01, 3.363636363636365E-01, -1.0
-2.407575307483961E-01, 4.545454545454548E-01,  1.0
-1.672727272727272E-01, 3.527272727272729E-01, -1.0
-2.472727272727272E-01, 4.662868854515083E-01,  1.0
-3.072727272727273E-01, 3.690909090909092E-01, -1.0
-2.472727272727272E-01, 4.872727272727275E-01,  1.0
-2.084660086702766E-01, 5.010155744670663E-01, -1.0
-2.589505457838820E-01, 4.836363636363638E-01,  1.0
-1.938776997328339E-01, 5.175941442567055E-01, -1.0
-2.672727272727272E-01, 4.800000000000002E-01,  1.0
-1.872727272727272E-01, 5.933685000400064E-01, -1.0
-2.672727272727272E-01, 4.963636363636366E-01,  1.0
-1.872727272727272E-01, 5.745454545454547E-01, -1.0
-2.672727272727272E-01, 5.116308911793862E-01,  1.0
-2.072727272727272E-01, 6.264784233475581E-01, -1.0
-2.872727272727272E-01, 5.279495245368866E-01,  1.0
-2.133089615134235E-01, 6.332466669858182E-01, -1.0
-1.729371055053378E-01, 7.454545454545457E-01,  1.0
-2.170047865523166E-01, 6.436363636363638E-01, -1.0
-1.472727272727271E-01, 7.366709237630230E-01,  1.0
-2.266210662542181E-01, 6.600000000000001E-01, -1.0
-2.072727272727272E-01, 7.781818181818184E-01,  1.0
-2.373999796315452E-01, 6.548310943242130E-01, -1.0
-2.072727272727272E-01, 7.807977539268336E-01,  1.0
-2.072727272727272E-01, 8.415812494263787E-01, -1.0
-1.876450856496522E-01, 7.613477967144363E-01,  1.0
-2.072727272727272E-01, 8.598674215784970E-01, -1.0
-3.093983931993053E-01, 8.021998254365483E-01,  1.0
-2.072727272727272E-01, 8.454545454545457E-01, -1.0
-3.272727272727273E-01, 8.036363636363638E-01,  1.0
-2.272727272727272E-01, 8.818181818181821E-01, -1.0
-1.637239210896358E-01, 8.972811772906713E-01,  1.0
-1.624276449000462E-01,-9.865244057676517E-01,  1.0
-2.153819481966236E-01,-9.018181818181819E-01, -1.0
-2.683203912995297E-01,-8.399552196539306E-01,  1.0
-1.690909090909090E-01,-8.117688266020987E-01, -1.0
-2.690909090909090E-01,-8.324501080930509E-01,  1.0
-1.690909090909090E-01,-8.290909090909091E-01, -1.0
-2.490909090909091E-01,-8.109090909090909E-01,  1.0
-1.490909090909090E-01,-7.527272727272727E-01, -1.0
-2.574171984100417E-01,-8.145454545454546E-01,  1.0
-1.358572223732208E-01,-7.363636363636363E-01, -1.0
-2.290909090909090E-01,-7.181818181818181E-01,  1.0
-1.890909090909090E-01,-6.799999999999999E-01, -1.0
-2.164324415581652E-01,-7.018181818181818E-01,  1.0
-1.890909090909090E-01,-6.874963286920602E-01, -1.0
-1.490909090909090E-01,-6.143811102166462E-01,  1.0
-2.090909090909090E-01,-6.672727272727272E-01, -1.0
-2.890909090909091E-01,-5.690909090909091E-01,  1.0
-2.090909090909090E-01,-6.509090909090910E-01, -1.0
-2.090909090909090E-01,-5.527272727272727E-01,  1.0
-1.970475300418280E-01,-6.545454545454547E-01, -1.0
-2.095839128222071E-01,-5.363636363636364E-01,  1.0
-1.499262211916221E-01,-4.744662727386700E-01, -1.0
-2.299031853676209E-01,-4.614489522634303E-01,  1.0
-1.490909090909090E-01,-4.849355679635907E-01, -1.0
-2.290909090909090E-01,-4.636363636363636E-01,  1.0
-1.724983949956335E-01,-3.654545454545454E-01, -1.0
-2.290909090909090E-01,-4.672727272727273E-01,  1.0
-1.890909090909090E-01,-3.490909090909090E-01, -1.0
-2.290909090909090E-01,-4.520930410042872E-01,  1.0
-2.090909090909090E-01,-3.502306438592516E-01, -1.0
-2.300231148680915E-01,-4.380431407455480E-01,  1.0
-2.090909090909090E-01,-3.563636363636363E-01, -1.0
-1.890909090909090E-01,-2.581818181818181E-01,  1.0
-2.090909090909090E-01,-3.439698181986334E-01, -1.0
-1.766355920958665E-01,-2.618181818181817E-01,  1.0
-2.490909090909090E-01,-3.013910745248836E-01, -1.0
-2.090909090909090E-01,-1.854545454545453E-01,  1.0
-2.562712660377252E-01,-2.872727272727272E-01, -1.0
-2.290909090909090E-01,-1.890909090909090E-01,  1.0
-1.290909090909090E-01,-2.509090909090909E-01, -1.0
-1.690909090909090E-01,-1.466291731375001E-01,  1.0
-2.887009078142995E-01,-1.145454545454545E-01, -1.0
-1.749966656228199E-01,-1.563636363636363E-01,  1.0
-2.690909090909090E-01,-9.818181818181811E-02, -1.0
-1.690909090909090E-01,-1.399999999999999E-01,  1.0
-2.519271626802413E-01,-1.018181818181817E-01, -1.0
-2.090909090909090E-01,-3.210451233632742E-02,  1.0
-2.690909090909090E-01,-8.545454545454535E-02, -1.0
-2.024821419744894E-01,-2.727272727272717E-02,  1.0
-1.490909090909090E-01, 7.090909090909102E-02, -1.0
-2.290909090909090E-01,-1.432482680874412E-02,  1.0
-1.690909090909090E-01, 8.727272727272738E-02, -1.0
-2.290909090909090E-01, 7.666405770591691E-03,  1.0
-1.490909090909090E-01, 1.036363636363637E-01, -1.0
-2.523661641076472E-01, 4.181818181818193E-02,  1.0
-1.514792553307288E-01, 1.000000000000001E-01, -1.0
-2.490909090909091E-01, 5.818181818181833E-02,  1.0
-1.544313732005093E-01, 9.156739982533971E-02, -1.0
-2.290909090909090E-01, 1.501731404106822E-01,  1.0
-1.893644390346567E-01, 2.068888116395348E-01, -1.0
-2.290909090909090E-01, 1.509090909090910E-01,  1.0
-1.890909090909090E-01, 2.090909090909092E-01, -1.0
-2.490909090909091E-01, 2.672727272727274E-01,  1.0
-1.667664442606325E-01, 2.993185283881081E-01, -1.0
-2.490909090909090E-01, 3.036363636363638E-01,  1.0
-1.490909090909090E-01, 3.018181818181820E-01, -1.0
-2.490909090909090E-01, 3.000000000000002E-01,  1.0
-1.350181336820244E-01, 3.390900806640108E-01, -1.0
-2.490909090909090E-01, 3.163636363636365E-01,  1.0
-1.490909090909090E-01, 3.345454545454547E-01, -1.0
-2.490909090909090E-01, 3.127272727272729E-01,  1.0
-1.490909090909090E-01, 3.410817254960072E-01, -1.0
-2.470239653140794E-01, 4.490909090909093E-01,  1.0
-1.490909090909090E-01, 3.672727272727274E-01, -1.0
-2.657367685679933E-01, 4.978885057806886E-01,  1.0
-1.960708143372119E-01, 5.353529301791520E-01, -1.0
-2.490909090909090E-01, 4.818181818181820E-01,  1.0
-1.890909090909090E-01, 5.400000000000003E-01, -1.0
-2.490909090909090E-01, 4.981818181818184E-01,  1.0
-1.959977712938633E-01, 5.736329087039889E-01, -1.0
-2.490909090909090E-01, 4.807382872552408E-01,  1.0
-2.090909090909090E-01, 6.327272727272729E-01, -1.0
-2.690909090909090E-01, 5.109090909090910E-01,  1.0
-2.090909090909090E-01, 6.490909090909093E-01, -1.0
-1.425994118526593E-01, 7.251575886153053E-01,  1.0
-2.090909090909090E-01, 6.454545454545456E-01, -1.0
-1.490909090909090E-01, 7.177566370252237E-01,  1.0
-2.376878061424479E-01, 6.618181818181820E-01, -1.0
-1.890909090909090E-01, 7.600000000000002E-01,  1.0
-2.290909090909090E-01, 6.566009761229429E-01, -1.0
-1.901942888130101E-01, 7.763398559732057E-01,  1.0
-2.290909090909090E-01, 6.545454545454547E-01, -1.0
-1.936800317026312E-01, 7.727272727272729E-01,  1.0
-2.090909090909090E-01, 8.309090909090912E-01, -1.0
-2.090909090909090E-01, 7.565791526107748E-01,  1.0
-2.090909090909090E-01, 8.305552235951599E-01, -1.0
-1.361700146955117E-01, 8.558933092416596E-01,  1.0
-2.090909090909090E-01, 8.436363636363639E-01, -1.0
-1.519267479581720E-01, 8.719804543175326E-01,  1.0
-2.290909090909090E-01, 9.000000000000002E-01, -1.0
-2.109090909090909E-01,-9.162835966219749E-01, -1.0
-2.709090909090909E-01,-8.466895883042380E-01,  1.0
-1.709090909090908E-01,-8.436363636363636E-01, -1.0
-1.109090909090908E-01,-8.873231565919352E-01,  1.0
-1.709090909090908E-01,-8.266953831425892E-01, -1.0
-2.509090909090909E-01,-8.054109184464842E-01,  1.0
-1.509090909090908E-01,-7.509090909090909E-01, -1.0
-2.529200299527545E-01,-8.127272727272727E-01,  1.0
-1.419876039743999E-01,-7.545454545454545E-01, -1.0
-2.309090909090909E-01,-7.101983852371085E-01,  1.0
-1.509090909090908E-01,-7.381818181818182E-01, -1.0
-2.109090909090909E-01,-7.000000000000000E-01,  1.0
-1.462220551537217E-01,-7.436675430447767E-01, -1.0
-1.509090909090908E-01,-6.236363636363635E-01,  1.0
-1.937976987030021E-01,-7.007844279320481E-01, -1.0
-1.509090909090908E-01,-6.272727272727272E-01,  1.0
-1.986164462382316E-01,-6.490909090909092E-01, -1.0
-1.986122931939130E-01,-5.509090909090909E-01,  1.0
-1.956426361308376E-01,-6.420445373733986E-01, -1.0
-2.109090909090909E-01,-5.470382223692792E-01,  1.0
-2.709090909090909E-01,-5.138013871448273E-01, -1.0
-2.109090909090909E-01,-5.381818181818182E-01,  1.0
-1.664871341935917E-01,-4.681426631675056E-01, -1.0
-2.309090909090909E-01,-4.562807358127439E-01,  1.0
-1.509090909090908E-01,-4.688178608368854E-01, -1.0
-2.309090909090909E-01,-4.654545454545455E-01,  1.0
-1.723765813869169E-01,-3.472727272727272E-01, -1.0
-1.109090909090908E-01,-4.290909090909091E-01,  1.0
-1.709090909090908E-01,-3.509090909090908E-01, -1.0
-2.316502812099166E-01,-4.527272727272728E-01,  1.0
-1.709090909090908E-01,-3.494337139470120E-01, -1.0
-1.912650500368435E-01,-2.590597620880759E-01,  1.0
-1.572886059148091E-01,-3.485693741399994E-01, -1.0
-2.015189137925010E-01,-2.799999999999999E-01,  1.0
-1.309090909090908E-01,-2.618181818181817E-01, -1.0
-1.909090909090908E-01,-2.636363636363636E-01,  1.0
-1.309090909090908E-01,-2.454545454545454E-01, -1.0
-2.109090909090909E-01,-1.739166927505613E-01,  1.0
-1.309090909090908E-01,-2.326752634005917E-01, -1.0
-1.589738465310918E-01,-1.509090909090908E-01,  1.0
-1.337845500066477E-01,-2.641000459054838E-01, -1.0
-1.709090909090908E-01,-1.545454545454545E-01,  1.0
-2.709090909090909E-01,-9.636363636363628E-02, -1.0
-1.709090909090908E-01,-1.581818181818181E-01,  1.0
-2.709090909090909E-01,-9.206355064655519E-02, -1.0
-1.639605615113056E-01,-1.418181818181817E-01,  1.0
-2.850994073068541E-01,-9.985267074132406E-02, -1.0
-2.109090909090909E-01,-2.277174593100133E-02,  1.0
-2.709090909090909E-01,-8.727272727272717E-02, -1.0
-2.109090909090909E-01,-2.531627507063994E-02,  1.0
-1.598409041853689E-01, 8.909090909090919E-02, -1.0
-2.109090909090909E-01,-3.272727272727262E-02,  1.0
-1.509090909090908E-01, 8.545454545454556E-02, -1.0
-2.509090909090909E-01, 1.575719209898658E-02,  1.0
-1.509090909090908E-01, 1.018181818181819E-01, -1.0
-2.509090909090909E-01, 5.000309108393998E-02,  1.0
-1.509090909090908E-01, 9.818181818181833E-02, -1.0
-2.326371452168337E-01, 1.163636363636365E-01,  1.0
-1.509090909090908E-01, 1.010915809709499E-01, -1.0
-2.309090909090909E-01, 1.325938098543055E-01,  1.0
-1.709090909090908E-01, 1.909090909090910E-01, -1.0
-2.509090909090909E-01, 2.690909090909093E-01,  1.0
-1.487198382984412E-01, 2.870679271489229E-01, -1.0
-2.509090909090909E-01, 2.516546518546781E-01,  1.0
-1.509090909090908E-01, 2.836363636363638E-01, -1.0
-2.509090909090909E-01, 3.018181818181820E-01,  1.0
-1.342208209914943E-01, 3.200000000000002E-01, -1.0
-2.509090909090909E-01, 2.981818181818183E-01,  1.0
-1.509090909090908E-01, 3.411833545621051E-01, -1.0
-2.509090909090909E-01, 2.871782888671514E-01,  1.0
-1.309090909090908E-01, 3.327272727272729E-01, -1.0
-2.419099320348783E-01, 4.309090909090911E-01,  1.0
-1.509090909090908E-01, 3.391173297015431E-01, -1.0
-2.509090909090909E-01, 4.853525917949115E-01,  1.0
-1.373750197300279E-01, 3.654545454545455E-01, -1.0
-1.509090909090908E-01, 4.836363636363638E-01,  1.0
-1.709090909090908E-01, 4.418181818181819E-01, -1.0
-1.141905038433810E-01, 5.000000000000002E-01,  1.0
-1.909090909090908E-01, 5.581818181818184E-01, -1.0
-1.216968854430701E-01, 4.986970782471628E-01,  1.0
-1.909090909090908E-01, 5.745454545454547E-01, -1.0
-2.702131029094548E-01, 4.927272727272728E-01,  1.0
-2.019231573073428E-01, 6.468810332514994E-01, -1.0
-2.709090909090909E-01, 5.090909090909091E-01,  1.0
-2.134303725131089E-01, 6.272727272727274E-01, -1.0
-1.270848737607672E-01, 7.254545454545457E-01,  1.0
-2.109090909090909E-01, 6.290900922117247E-01, -1.0
-1.168713808618598E-01, 7.292222303475153E-01,  1.0
-2.399869121225806E-01, 6.600000000000001E-01, -1.0
-1.909090909090908E-01, 7.781818181818184E-01,  1.0
-2.309090909090909E-01, 6.563636363636365E-01, -1.0
-1.909090909090908E-01, 7.745454545454548E-01,  1.0
-2.346071717940335E-01, 6.727272727272728E-01, -1.0
-1.909090909090908E-01, 7.709090909090911E-01,  1.0
-1.909090909090908E-01, 8.490909090909093E-01, -1.0
-1.974332640637781E-01, 7.672727272727274E-01,  1.0
-2.109090909090909E-01, 8.454545454545457E-01, -1.0
-1.509090909090908E-01, 8.636363636363639E-01,  1.0
-2.451066945739243E-01, 8.818181818181821E-01, -1.0
-1.509090909090908E-01, 8.800000000000002E-01,  1.0
-9.272727272727263E-02,-8.936521044325577E-01,  1.0
-1.727272727272726E-01,-8.418181818181818E-01, -1.0
-1.153613957036165E-01,-8.836363636363637E-01,  1.0
-1.727272727272726E-01,-8.254545454545454E-01, -1.0
-1.101007579596724E-01,-8.923730340154514E-01,  1.0
-1.527272727272726E-01,-7.426682027490870E-01, -1.0
-2.506654863542097E-01,-8.003147726513774E-01,  1.0
-1.527272727272726E-01,-7.527272727272727E-01, -1.0
-2.327272727272727E-01,-7.145454545454545E-01,  1.0
-1.530565983157584E-01,-7.534141917164652E-01, -1.0
-2.273693727424722E-01,-6.935436842150171E-01,  1.0
-1.527272727272726E-01,-7.400000000000000E-01, -1.0
-1.527272727272726E-01,-6.258355468059696E-01,  1.0
-2.052017248697815E-01,-6.636363636363636E-01, -1.0
-1.327272727272726E-01,-6.094819314874584E-01,  1.0
-2.127272727272727E-01,-6.557146450414775E-01, -1.0
-2.127272727272727E-01,-5.490909090909091E-01,  1.0
-1.157430756696983E-01,-5.869772598384247E-01, -1.0
-2.127272727272727E-01,-5.527272727272727E-01,  1.0
-1.327272727272726E-01,-5.745454545454546E-01, -1.0
-1.957328003898084E-01,-5.363636363636364E-01,  1.0
-1.527272727272726E-01,-4.781818181818182E-01, -1.0
-1.727272727272726E-01,-5.346884348992450E-01,  1.0
-1.527272727272726E-01,-4.818181818181818E-01, -1.0
-2.327272727272727E-01,-4.636363636363636E-01,  1.0
-1.527272727272726E-01,-3.654545454545454E-01, -1.0
-2.327272727272727E-01,-4.651598927047215E-01,  1.0
-1.527272727272726E-01,-3.364250337561602E-01, -1.0
-2.327272727272727E-01,-4.370853371953340E-01,  1.0
-1.727272727272726E-01,-3.527272727272727E-01, -1.0
-2.327272727272727E-01,-4.145454545454546E-01,  1.0
-1.527272727272726E-01,-3.396371859902417E-01, -1.0
-1.954245093683162E-01,-2.781818181818181E-01,  1.0
-1.152408903732557E-01,-3.400000000000000E-01, -1.0
-2.015745033393631E-01,-2.618181818181817E-01,  1.0
-1.327272727272726E-01,-2.636363636363636E-01, -1.0
-2.127272727272727E-01,-1.854545454545453E-01,  1.0
-1.327272727272726E-01,-2.542497340514311E-01, -1.0
-2.079528066514281E-01,-1.890400091631619E-01,  1.0
-1.505556297996372E-01,-2.624277410532589E-01, -1.0
-1.635736899261306E-01,-1.527272727272726E-01,  1.0
-2.463857052373175E-01,-9.604491782474776E-02, -1.0
-1.827330958901203E-01,-1.421229612969124E-01,  1.0
-7.272727272727264E-02,-5.702216853502685E-02, -1.0
-1.727272727272726E-01,-1.399999999999999E-01,  1.0
-2.527272727272727E-01,-9.252319374584772E-02, -1.0
-1.927272727272727E-01,-1.808656966815598E-02,  1.0
-9.272727272727263E-02,-5.454545454545354E-03, -1.0
-2.127272727272727E-01,-2.727272727272717E-02,  1.0
-1.410821433572284E-01, 7.090909090909102E-02, -1.0
-2.101615997583116E-01,-3.090909090909080E-02,  1.0
-1.534492921354576E-01, 8.727272727272738E-02, -1.0
-1.927272727272727E-01,-1.454545454545444E-02,  1.0
-1.527272727272726E-01, 1.015411267592149E-01, -1.0
-2.327272727272727E-01, 4.181818181818193E-02,  1.0
-1.527272727272726E-01, 1.000000000000001E-01, -1.0
-2.137796207712588E-01, 1.818181818181832E-02,  1.0
-1.527272727272726E-01, 1.028237295177148E-01, -1.0
-1.176438494350728E-01, 1.745454545454547E-01,  1.0
-1.489194791197489E-01, 9.272727272727285E-02, -1.0
-1.127272727272726E-01, 1.709090909090910E-01,  1.0
-1.735259895667949E-01, 2.185872387475273E-01, -1.0
-1.727272727272726E-01, 2.472727272727274E-01,  1.0
-1.748004414757272E-01, 2.054545454545456E-01, -1.0
-1.927272727272727E-01, 2.436363636363638E-01,  1.0
-1.397551908461359E-01, 3.418181818181820E-01, -1.0
-2.508936836762408E-01, 3.194688448406289E-01,  1.0
-1.327272727272726E-01, 3.381818181818184E-01, -1.0
-2.527272727272727E-01, 3.163636363636365E-01,  1.0
-1.527272727272726E-01, 3.223155909249141E-01, -1.0
-2.327272727272727E-01, 4.327272727272730E-01,  1.0
-1.527272727272726E-01, 3.408424110476018E-01, -1.0
-2.604640371381486E-01, 4.690909090909093E-01,  1.0
-1.327272727272726E-01, 3.472727272727273E-01, -1.0
-1.148565639660827E-01, 4.854545454545456E-01,  1.0
-1.907848276287180E-01, 4.836363636363638E-01, -1.0
-1.127272727272726E-01, 4.896088007220664E-01,  1.0
-1.927272727272727E-01, 5.000000000000002E-01, -1.0
-1.127272727272726E-01, 4.981818181818184E-01,  1.0
-1.962298028765422E-01, 5.963636363636367E-01, -1.0
-1.327272727272726E-01, 4.945454545454546E-01,  1.0
-1.899104264501577E-01, 6.327272727272729E-01, -1.0
-1.166403908635593E-01, 5.109090909090910E-01,  1.0
-2.007390869793097E-01, 6.290909090909093E-01, -1.0
-1.102906232734900E-01, 7.072727272727275E-01,  1.0
-2.103395235250209E-01, 6.454545454545456E-01, -1.0
-1.312342118662559E-01, 7.190345262953943E-01,  1.0
-1.983973179464324E-01, 6.418181818181820E-01, -1.0
-1.127272727272726E-01, 6.732825073681505E-01,  1.0
-2.327272727272727E-01, 6.449614953486078E-01, -1.0
-1.892088694169434E-01, 7.763636363636366E-01,  1.0
-2.327272727272727E-01, 6.545454545454547E-01, -1.0
-1.858274331145289E-01, 7.727272727272729E-01,  1.0
-2.182180265505686E-01, 8.509090909090912E-01, -1.0
-1.927272727272727E-01, 7.690909090909093E-01,  1.0
-2.089288447446529E-01, 8.472727272727275E-01, -1.0
-1.927272727272727E-01, 7.654545454545456E-01,  1.0
-2.127272727272727E-01, 8.436363636363639E-01, -1.0
-1.330794221109610E-01, 8.657811591483400E-01,  1.0
-2.202677460633769E-01, 9.095904822822805E-01, -1.0
-2.002363039134724E-01,-9.172843987790231E-01, -1.0
-1.145454545454545E-01,-8.818181818181818E-01,  1.0
-1.745454545454545E-01,-8.236363636363636E-01, -1.0
-1.164336913643154E-01,-8.854545454545455E-01,  1.0
-1.545454545454545E-01,-7.495379248564139E-01, -1.0
-6.873958351417553E-02,-7.928974259582614E-01,  1.0
-1.582716000935010E-01,-7.414479084423968E-01, -1.0
-2.345454545454545E-01,-8.127272727272727E-01,  1.0
-1.545454545454545E-01,-7.545454545454545E-01, -1.0
-2.145454545454545E-01,-7.163636363636363E-01,  1.0
-1.545454545454545E-01,-7.534811806423348E-01, -1.0
-1.345454545454544E-01,-6.199999999999999E-01,  1.0
-1.459816549975630E-01,-7.439041865982988E-01, -1.0
-1.359169123015318E-01,-6.236363636363635E-01,  1.0
-1.945454545454545E-01,-6.854545454545454E-01, -1.0
-1.345454545454544E-01,-6.272727272727272E-01,  1.0
-1.126043073497320E-01,-5.890909090909091E-01, -1.0
-1.345454545454544E-01,-6.109090909090910E-01,  1.0
-1.145454545454545E-01,-5.849293926785917E-01, -1.0
-2.145454545454545E-01,-5.393713071551529E-01,  1.0
-1.145454545454545E-01,-5.763636363636364E-01, -1.0
-1.745454545454545E-01,-5.198616130798561E-01,  1.0
-1.545454545454545E-01,-4.799999999999999E-01, -1.0
-2.145454545454545E-01,-5.418181818181818E-01,  1.0
-1.493620132881476E-01,-4.667720658135186E-01, -1.0
-1.145454545454545E-01,-4.454545454545454E-01,  1.0
-1.732864866573496E-01,-3.552645929044096E-01, -1.0
-2.345454545454545E-01,-4.490909090909091E-01,  1.0
-1.745454545454545E-01,-3.534602735044249E-01, -1.0
-1.160994896183995E-01,-4.327272727272727E-01,  1.0
-1.562264137748783E-01,-3.545454545454545E-01, -1.0
-1.120674296895154E-01,-4.054093257449956E-01,  1.0
-1.699812248630245E-01,-3.581818181818182E-01, -1.0
-1.945454545454545E-01,-2.795588386133448E-01,  1.0
-1.345454545454544E-01,-2.328518580665682E-01, -1.0
-1.945454545454545E-01,-2.636363636363636E-01,  1.0
-1.345454545454544E-01,-2.454545454545454E-01, -1.0
-2.121829955887569E-01,-1.886798743681895E-01,  1.0
-1.345454545454544E-01,-2.490909090909090E-01, -1.0
-1.745454545454545E-01,-1.509090909090908E-01,  1.0
-1.345454545454544E-01,-2.527272727272727E-01, -1.0
-1.781816722253908E-01,-1.545454545454545E-01,  1.0
-1.345454545454544E-01,-2.356483223963819E-01, -1.0
-1.745454545454545E-01,-1.395831968434278E-01,  1.0
-7.454545454545447E-02,-3.290372716761918E-02, -1.0
-1.745454545454545E-01,-1.480932871868935E-01,  1.0
-9.454545454545446E-02,-5.579243111308269E-03, -1.0
-1.945454545454545E-01,-3.187395224325697E-02,  1.0
-7.454545454545447E-02,-7.079146859831022E-03, -1.0
-1.945454545454545E-01,-2.287905515442146E-02,  1.0
-1.538257216869020E-01, 8.909090909090919E-02, -1.0
-1.945454545454545E-01,-3.272727272727262E-02,  1.0
-1.545454545454545E-01, 1.062064085178809E-01, -1.0
-2.345454545454545E-01, 1.701160255278552E-03,  1.0
-1.545454545454545E-01, 1.018181818181819E-01, -1.0
-1.600766030724198E-01, 1.214306433183765E-16,  1.0
-1.545454545454545E-01, 9.818181818181831E-02, -1.0
-6.765835062920915E-02, 1.666245943806383E-01,  1.0
-1.545454545454545E-01, 9.454545454545468E-02, -1.0
-9.454545454545446E-02, 1.691648290199883E-01,  1.0
-1.345454545454544E-01, 2.590065003556211E-01, -1.0
-1.545454545454545E-01, 2.290909090909092E-01,  1.0
-1.889940537493365E-01, 2.085204883125890E-01, -1.0
-1.545454545454545E-01, 2.254545454545456E-01,  1.0
-1.345454545454544E-01, 3.036363636363638E-01, -1.0
-1.745454545454545E-01, 2.418181818181819E-01,  1.0
-1.345454545454544E-01, 3.400000000000002E-01, -1.0
-2.474765067895087E-01, 3.004265088246076E-01,  1.0
-1.345454545454544E-01, 3.363636363636365E-01, -1.0
-2.224052509176833E-01, 4.145454545454548E-01,  1.0
-1.345454545454544E-01, 3.367815822845056E-01, -1.0
-1.064553389672408E-01, 4.880445686754252E-01,  1.0
-1.478116663152171E-01, 3.490909090909092E-01, -1.0
-2.145454545454545E-01, 4.672727272727275E-01,  1.0
-1.945454545454545E-01, 5.009204096285119E-01, -1.0
-1.145454545454545E-01, 4.836363636363638E-01,  1.0
-1.345454545454544E-01, 4.018181818181819E-01, -1.0
-1.145454545454545E-01, 4.976857059232692E-01,  1.0
-1.889022495431267E-01, 5.581818181818184E-01, -1.0
-1.145454545454545E-01, 4.946844782018956E-01,  1.0
-2.060577336629640E-01, 5.745454545454547E-01, -1.0
-1.345454545454544E-01, 5.127272727272728E-01,  1.0
-2.145454545454545E-01, 6.159541445984401E-01, -1.0
-1.186870695872224E-01, 5.290909090909092E-01,  1.0
-2.145454545454545E-01, 6.378748007738049E-01, -1.0
-1.145454545454545E-01, 6.548988052859926E-01,  1.0
-2.145454545454545E-01, 6.359488240352221E-01, -1.0
-1.145454545454545E-01, 6.818181818181820E-01,  1.0
-2.345454545454545E-01, 6.563735365308595E-01, -1.0
-1.965997897145536E-01, 7.581818181818184E-01,  1.0
-2.345454545454545E-01, 6.763636363636365E-01, -1.0
-1.945454545454545E-01, 7.745454545454548E-01,  1.0
-1.345454545454544E-01, 7.511780562246967E-01, -1.0
-1.161787200077081E-01, 8.263116317159643E-01,  1.0
-2.105699152959688E-01, 8.490909090909093E-01, -1.0
-1.011585366058978E-01, 8.272727272727275E-01,  1.0
-2.145445589041559E-01, 8.379238363579354E-01, -1.0
-1.145454545454545E-01, 8.346797784993237E-01,  1.0
-1.455440095649167E-01, 9.418181818181821E-01, -1.0
-1.345454545454544E-01, 8.600000000000002E-01,  1.0
-5.636363636363629E-02,-8.922183312464230E-01,  1.0
-1.963636363636363E-01,-9.018181818181819E-01, -1.0
-9.636363636363628E-02,-8.799491301696115E-01,  1.0
-1.763636363636363E-01,-8.000742892364466E-01, -1.0
-9.779016391421537E-02,-8.672727272727273E-01,  1.0
-1.563636363636363E-01,-7.496524409129337E-01, -1.0
-5.636363636363629E-02,-7.909090909090909E-01,  1.0
-1.563636363636363E-01,-7.546213859320944E-01, -1.0
-5.308137273908061E-02,-7.798432886749959E-01,  1.0
-1.552134657591667E-01,-7.363636363636363E-01, -1.0
-3.636363636363629E-02,-6.181818181818181E-01,  1.0
-1.163636363636363E-01,-7.015885012228862E-01, -1.0
-1.363636363636363E-01,-6.218181818181817E-01,  1.0
-1.163636363636363E-01,-7.036363636363636E-01, -1.0
-1.363636363636363E-01,-6.254545454545454E-01,  1.0
-1.012217258077199E-01,-5.872727272727272E-01, -1.0
-1.363636363636363E-01,-6.090909090909091E-01,  1.0
-1.163636363636363E-01,-5.693463787471505E-01, -1.0
-1.517678024191051E-01,-6.127272727272728E-01,  1.0
-9.636363636363628E-02,-5.745454545454546E-01, -1.0
-1.913268633138571E-01,-5.363636363636364E-01,  1.0
-1.355535903943492E-01,-4.781818181818182E-01, -1.0
-1.163636363636363E-01,-4.399999999999999E-01,  1.0
-1.600218892655846E-01,-4.818181818181817E-01, -1.0
-1.163636363636363E-01,-4.261037014671848E-01,  1.0
-1.548130389004341E-01,-4.654545454545455E-01, -1.0
-1.163636363636363E-01,-4.272727272727272E-01,  1.0
-1.563636363636363E-01,-3.542295502682778E-01, -1.0
-1.100975432539074E-01,-4.309090909090909E-01,  1.0
-1.563636363636363E-01,-3.527272727272727E-01, -1.0
-1.032094251507795E-01,-4.345454545454546E-01,  1.0
-1.540564058872002E-01,-3.521228112650590E-01, -1.0
-1.963636363636363E-01,-2.817211840365444E-01,  1.0
-1.701182488650225E-01,-3.400000000000000E-01, -1.0
-1.927827461408265E-01,-2.810872177324357E-01,  1.0
-1.306746806242791E-01,-2.436363636363635E-01, -1.0
-2.073847058376464E-01,-1.854545454545453E-01,  1.0
-1.246257376716401E-01,-2.473758063543268E-01, -1.0
-1.763636363636363E-01,-1.490909090909090E-01,  1.0
-1.213799863246144E-01,-2.543281659690815E-01, -1.0
-1.763636363636363E-01,-1.527272727272726E-01,  1.0
-3.636363636363629E-02,-1.472784529030589E-01, -1.0
-1.763636363636363E-01,-1.363636363636363E-01,  1.0
-6.635337663610333E-02,-3.818181818181812E-02, -1.0
-1.563636363636363E-01,-1.399999999999999E-01,  1.0
-7.636363636363629E-02,-2.181818181818172E-02, -1.0
-1.763636363636363E-01,-1.436363636363635E-01,  1.0
-7.636363636363629E-02,-2.545454545454535E-02, -1.0
-1.963636363636363E-01,-2.456261131717963E-02,  1.0
-7.636363636363629E-02,-2.797486091107690E-02, -1.0
-1.963636363636363E-01,-3.532482934890563E-02,  1.0
-1.495735719467926E-01, 8.727272727272738E-02, -1.0
-9.636363636363628E-02, 4.545454545454557E-02,  1.0
-1.602177798183499E-01, 1.036363636363637E-01, -1.0
-1.563636363636363E-01,-1.607580633354491E-02,  1.0
-1.563636363636363E-01, 1.000000000000001E-01, -1.0
-4.278266447544471E-02, 1.781818181818184E-01,  1.0
-1.563636363636363E-01, 1.052435859701243E-01, -1.0
-1.363636363636363E-01, 1.820552056741835E-01,  1.0
-1.563636363636363E-01, 1.127272727272728E-01, -1.0
-1.048495034843287E-01, 1.709090909090910E-01,  1.0
-1.163636363636363E-01, 2.624995025864735E-01, -1.0
-1.563636363636363E-01, 2.272727272727274E-01,  1.0
-1.163636363636363E-01, 2.654545454545456E-01, -1.0
-1.646331234907447E-01, 2.236363636363637E-01,  1.0
-1.363636363636363E-01, 3.418181818181820E-01, -1.0
-4.446282397112944E-02, 3.108090855533296E-01,  1.0
-1.363636363636363E-01, 3.222400824765065E-01, -1.0
-2.363636363636364E-01, 2.885356193740929E-01,  1.0
-1.363636363636363E-01, 3.345454545454547E-01, -1.0
-9.717861475029312E-02, 4.727272727272730E-01,  1.0
-1.363636363636363E-01, 3.311347788606504E-01, -1.0
-1.163636363636363E-01, 4.541122366957399E-01,  1.0
-1.363636363636363E-01, 3.472727272727273E-01, -1.0
-1.363636363636363E-01, 4.855177991228057E-01,  1.0
-1.363636363636363E-01, 3.636363636363637E-01, -1.0
-1.163636363636363E-01, 5.018181818181819E-01,  1.0
-1.963636363636363E-01, 5.800000000000003E-01, -1.0
-1.012594324297838E-01, 4.909995009768532E-01,  1.0
-1.413008824122075E-01, 6.163636363636367E-01, -1.0
-1.250287239907799E-01, 5.059760389345721E-01,  1.0
-1.763636363636363E-01, 6.327272727272729E-01, -1.0
-1.058269306014862E-01, 4.919415913874499E-01,  1.0
-2.163636363636363E-01, 6.290909090909093E-01, -1.0
-1.163636363636363E-01, 6.672727272727275E-01,  1.0
-1.907058070452996E-01, 6.254545454545456E-01, -1.0
-1.163636363636363E-01, 6.801308389876913E-01,  1.0
-1.496029396220283E-01, 6.618181818181820E-01, -1.0
-9.636363636363628E-02, 7.521081780671414E-01,  1.0
-1.380952550116426E-01, 6.781818181818183E-01, -1.0
-1.963636363636363E-01, 7.773559723142686E-01,  1.0
-1.363636363636363E-01, 7.503042115589059E-01, -1.0
-1.963636363636363E-01, 7.649507818896157E-01,  1.0
-1.443074258438396E-01, 7.509090909090911E-01, -1.0
-1.163636363636363E-01, 8.376241650163644E-01,  1.0
-2.163636363636363E-01, 8.472727272727275E-01, -1.0
-1.163636363636363E-01, 8.407254954864100E-01,  1.0
-1.492849617771457E-01, 9.287913783086077E-01, -1.0
-1.163636363636363E-01, 8.418181818181820E-01,  1.0
-1.363636363636363E-01, 9.463174905139433E-01, -1.0
-2.049699548802284E-01,-9.116031068250845E-01, -1.0
-5.818181818181812E-02,-8.818181818181818E-01,  1.0
-1.368432724976404E-01,-8.236363636363636E-01, -1.0
-9.818181818181811E-02,-8.854545454545455E-01,  1.0
-1.645277963663573E-01,-7.872727272727272E-01, -1.0
-3.818181818181812E-02,-7.781959586903425E-01,  1.0
-1.433885208854514E-01,-7.509090909090909E-01, -1.0
-3.818181818181812E-02,-7.927272727272727E-01,  1.0
-1.366778045339017E-01,-7.545454545454545E-01, -1.0
-3.818181818181812E-02,-7.763636363636364E-01,  1.0
-1.581818181818181E-01,-7.502554841674672E-01, -1.0
-5.818181818181812E-02,-7.866936480289106E-01,  1.0
-9.818181818181811E-02,-7.018181818181818E-01, -1.0
-1.381818181818181E-01,-6.236363636363635E-01,  1.0
-9.818181818181811E-02,-6.849289293735611E-01, -1.0
-1.381818181818181E-01,-6.218143379617708E-01,  1.0
-1.181818181818181E-01,-6.890909090909092E-01, -1.0
-3.818181818181812E-02,-6.309090909090910E-01,  1.0
-9.818181818181811E-02,-5.727272727272728E-01, -1.0
-1.781818181818181E-01,-5.345454545454545E-01,  1.0
-3.818181818181812E-02,-4.963636363636363E-01, -1.0
-1.781818181818181E-01,-5.273385532031483E-01,  1.0
-3.818181818181812E-02,-5.162787455623628E-01, -1.0
-1.045623673377105E-01,-4.430531257883605E-01,  1.0
-1.818181818181811E-02,-5.036363636363637E-01, -1.0
-1.128477134703530E-01,-4.416904928966190E-01,  1.0
-1.078832397209302E-01,-3.276476354908773E-01, -1.0
-1.181818181818181E-01,-4.369889733519201E-01,  1.0
-1.612769075615408E-01,-3.509090909090908E-01, -1.0
-1.181818181818181E-01,-4.327272727272727E-01,  1.0
-1.181818181818181E-01,-3.345454545454545E-01, -1.0
-1.181818181818181E-01,-4.242366469422775E-01,  1.0
-1.181818181818181E-01,-3.381818181818181E-01, -1.0
-7.818181818181812E-02,-2.399999999999999E-01,  1.0
-1.277329460105159E-01,-2.422706097392914E-01, -1.0
-8.115388747716110E-02,-2.236363636363635E-01,  1.0
-1.381818181818181E-01,-2.504533585540764E-01, -1.0
-6.943010127174148E-02,-2.162136469958606E-01,  1.0
-1.341426531580173E-01,-2.490909090909090E-01, -1.0
-1.781818181818181E-01,-1.509090909090908E-01,  1.0
-1.181818181818181E-01,-2.377446658367732E-01, -1.0
-1.581818181818181E-01,-1.545454545454545E-01,  1.0
-3.330781421460875E-02,-1.363636363636363E-01, -1.0
-1.781818181818181E-01,-1.381818181818181E-01,  1.0
-6.511045647094332E-02,-1.999999999999991E-02, -1.0
-1.781818181818181E-01,-1.418181818181817E-01,  1.0
-7.818181818181812E-02,-2.329092331394854E-02, -1.0
-1.450924819945255E-01,-1.329792476458005E-01,  1.0
-5.818181818181812E-02,-7.272727272727169E-03, -1.0
-1.981818181818182E-01,-3.569162825966764E-02,  1.0
-7.245928467957481E-02,-1.090909090909080E-02, -1.0
-8.685720950038270E-02, 4.727272727272738E-02,  1.0
-1.581818181818181E-01, 1.054545454545456E-01, -1.0
-7.818181818181812E-02, 4.363636363636375E-02,  1.0
-1.581818181818181E-01, 9.596723269127115E-02, -1.0
-6.275244249717271E-02, 1.600000000000001E-01,  1.0
-1.581818181818181E-01, 9.818181818181831E-02, -1.0
-5.818181818181812E-02, 1.763636363636365E-01,  1.0
-1.038033445937196E-01, 9.635198909394313E-02, -1.0
-5.130987556152421E-02, 1.727272727272729E-01,  1.0
-1.108520070698271E-01, 2.709090909090911E-01, -1.0
-1.211805980966004E-01, 1.690909090909092E-01,  1.0
-1.258359937850190E-01, 2.697763704050892E-01, -1.0
-1.581818181818181E-01, 2.254545454545456E-01,  1.0
-1.381818181818181E-01, 3.300490348941592E-01, -1.0
-7.818181818181812E-02, 2.418181818181819E-01,  1.0
-1.381818181818181E-01, 3.400000000000002E-01, -1.0
-2.936760995133011E-02, 3.181818181818183E-01,  1.0
-1.381818181818181E-01, 3.363636363636365E-01, -1.0
-9.098880316963284E-02, 4.150266184512884E-01,  1.0
-1.381818181818181E-01, 3.327272727272729E-01, -1.0
-1.086686788069463E-01, 4.709090909090912E-01,  1.0
-1.460359683610230E-01, 3.307222661712780E-01, -1.0
-1.083349762499929E-01, 4.919169857564320E-01,  1.0
-1.381818181818181E-01, 3.654545454545455E-01, -1.0
-1.181818181818181E-01, 4.974897347915302E-01,  1.0
-7.818181818181812E-02, 5.418181818181820E-01, -1.0
-1.181818181818181E-01, 5.000000000000002E-01,  1.0
-1.581818181818181E-01, 5.981818181818185E-01, -1.0
-1.020744505200646E-01, 4.983759975424341E-01,  1.0
-1.735536611164931E-01, 6.149349651416467E-01, -1.0
-1.181818181818181E-01, 4.927272727272728E-01,  1.0
-1.581818181818181E-01, 6.109090909090911E-01, -1.0
-1.181818181818181E-01, 6.690909090909093E-01,  1.0
-1.918039658500912E-01, 6.422028752816601E-01, -1.0
-1.095168459498218E-01, 6.654545454545456E-01,  1.0
-5.818181818181812E-02, 6.236363636363638E-01, -1.0
-1.181818181818181E-01, 6.618181818181820E-01,  1.0
-1.381818181818181E-01, 6.937137843129609E-01, -1.0
-9.818181818181811E-02, 7.381818181818184E-01,  1.0
-1.327082138779920E-01, 6.763636363636365E-01, -1.0
-9.818181818181811E-02, 7.438944326315268E-01,  1.0
-1.381818181818181E-01, 7.327272727272729E-01, -1.0
-1.181818181818181E-01, 8.309090909090912E-01,  1.0
-1.381818181818181E-01, 7.520002311844539E-01, -1.0
-1.181818181818181E-01, 8.472727272727275E-01,  1.0
-1.981818181818182E-01, 8.513980944697951E-01, -1.0
-1.181818181818181E-01, 8.276739914397263E-01,  1.0
-1.381818181818181E-01, 9.418181818181821E-01, -1.0
-9.965094156956063E-02, 8.391028773482661E-01,  1.0
-5.855633309594353E-02,-9.000000000000000E-01,  1.0
-1.399999999999999E-01,-8.331162061985417E-01, -1.0
-3.999999999999992E-02,-8.900577747457197E-01,  1.0
-1.197178653786742E-01,-8.254545454545454E-01, -1.0
-3.999999999999992E-02,-7.872727272727272E-01,  1.0
-1.599999999999999E-01,-7.890909090909091E-01, -1.0
-3.999999999999992E-02,-7.909090909090909E-01,  1.0
-1.561798639234755E-01,-7.432922305990629E-01, -1.0
-4.056642600499439E-02,-7.809153034180157E-01,  1.0
-1.199999999999999E-01,-6.963636363636363E-01, -1.0
-3.999999999999992E-02,-7.781818181818182E-01,  1.0
-1.036362790700868E-01,-7.000000000000000E-01, -1.0
-1.999999999999991E-02,-7.603566088607324E-01,  1.0
-9.999999999999991E-02,-7.036363636363636E-01, -1.0
-1.399999999999999E-01,-6.254545454545454E-01,  1.0
-9.999999999999991E-02,-6.872727272727273E-01, -1.0
-1.515985313015260E-01,-6.090909090909091E-01,  1.0
-9.999999999999991E-02,-5.709090909090909E-01, -1.0
-1.547498589181599E-01,-5.266356949008375E-01,  1.0
-1.136405410929093E-01,-5.745454545454546E-01, -1.0
-1.599999999999999E-01,-5.363636363636364E-01,  1.0
-1.999999999999991E-02,-5.150442639899411E-01, -1.0
-1.599999999999999E-01,-5.199999999999999E-01,  1.0
-1.999999999999991E-02,-4.956306383599640E-01, -1.0
-1.199999999999999E-01,-4.380074783662086E-01,  1.0
-1.999999999999991E-02,-4.854545454545455E-01, -1.0
-1.199999999999999E-01,-4.272727272727272E-01,  1.0
-9.999999999999991E-02,-3.490909090909090E-01, -1.0
-1.188028152001535E-01,-4.325784252063868E-01,  1.0
-1.199999999999999E-01,-3.327272727272726E-01, -1.0
-1.999999999999991E-02,-3.145454545454545E-01,  1.0
-1.041080471967177E-01,-3.510563141464810E-01, -1.0
-1.999999999999991E-02,-2.981818181818181E-01,  1.0
-9.999999999999991E-02,-3.400000000000000E-01, -1.0
-7.416370556782091E-02,-2.265227415365955E-01,  1.0
-1.372422541681067E-01,-2.613894771246006E-01, -1.0
-7.999999999999992E-02,-2.254545454545454E-01,  1.0
-1.199999999999999E-01,-2.590878510656743E-01, -1.0
-8.064165784844267E-02,-2.090909090909090E-01,  1.0
-1.482915951175913E-01,-2.509090909090909E-01, -1.0
-1.599999999999999E-01,-1.527272727272726E-01,  1.0
-5.999999999999992E-02,-1.745454545454545E-01, -1.0
-1.591471111349627E-01,-1.363636363636363E-01,  1.0
-3.559256782639700E-02,-1.478640142980001E-01, -1.0
-1.731956828442186E-01,-1.399999999999999E-01,  1.0
-7.999999999999992E-02,-1.013667741114990E-02, -1.0
-1.293234001182261E-01,-1.236363636363635E-01,  1.0
-7.736410174463999E-02,-2.545454545454535E-02, -1.0
-1.932976018488916E-01,-3.327170530202370E-02,  1.0
-7.484000982696973E-02,-9.090909090908985E-03, -1.0
-1.273269147643098E-01, 9.090909090909200E-03,  1.0
-7.728053049595987E-02,-1.272727272727262E-02, -1.0
-7.999999999999992E-02, 4.545454545454557E-02,  1.0
-1.573254545675152E-01, 8.781731411005017E-02, -1.0
-9.999999999999991E-02, 3.386678284290408E-02,  1.0
-1.399999999999999E-01, 9.560547369427783E-02, -1.0
-5.007128762875106E-02, 1.783114751401324E-01,  1.0
-1.328332803405096E-01, 9.636363636363650E-02, -1.0
-5.999999999999992E-02, 1.787425457781815E-01,  1.0
-1.199999999999999E-01, 2.527272727272729E-01, -1.0
-1.999999999999991E-02, 1.855933022408218E-01,  1.0
-1.199999999999999E-01, 2.490909090909093E-01, -1.0
-1.999999999999991E-02, 1.672727272727274E-01,  1.0
-1.263949926304901E-01, 2.555856533539018E-01, -1.0
-7.999999999999992E-02, 2.249904985105115E-01,  1.0
-7.999999999999992E-02, 2.818181818181820E-01, -1.0
-1.999999999999991E-02, 3.200000000000002E-01,  1.0
-1.399999999999999E-01, 3.243561757598719E-01, -1.0
-3.999999999999992E-02, 3.163636363636365E-01,  1.0
-1.429040091497034E-01, 3.301839870007518E-01, -1.0
-9.999999999999991E-02, 4.527272727272730E-01,  1.0
-6.819651532230445E-02, 3.668978693494041E-01, -1.0
-1.199999999999999E-01, 4.890909090909094E-01,  1.0
-7.999999999999992E-02, 3.689835660727829E-01, -1.0
-1.199999999999999E-01, 5.021049344343484E-01,  1.0
-1.252429331586730E-01, 3.836363636363637E-01, -1.0
-1.199999999999999E-01, 4.856694355210137E-01,  1.0
-5.999999999999992E-02, 4.630333103406541E-01, -1.0
-1.199999999999999E-01, 4.981818181818184E-01,  1.0
-1.399999999999999E-01, 5.980410855416072E-01, -1.0
-1.065485148976189E-01, 4.945454545454546E-01,  1.0
-1.587893245777565E-01, 5.927272727272729E-01, -1.0
-1.199999999999999E-01, 6.509090909090911E-01,  1.0
-5.999999999999992E-02, 6.290909090909093E-01, -1.0
-1.119231438937288E-01, 6.667743851413653E-01,  1.0
-5.999999999999992E-02, 6.254545454545456E-01, -1.0
-1.138621264984121E-01, 6.636363636363638E-01,  1.0
-3.999999999999992E-02, 6.319598315165940E-01, -1.0
-1.003149317893682E-01, 7.400000000000002E-01,  1.0
-9.999999999999991E-02, 6.914412467817921E-01, -1.0
-9.022754852925717E-02, 7.563636363636366E-01,  1.0
-1.306427428807763E-01, 7.318969055070039E-01, -1.0
-1.024096516449542E-01, 8.127272727272730E-01,  1.0
-1.199999999999999E-01, 7.509090909090911E-01, -1.0
-9.999999999999991E-02, 8.416909076844169E-01,  1.0
-1.999999999999991E-02, 8.872727272727275E-01, -1.0
-1.199999999999999E-01, 8.142315791973148E-01,  1.0
-1.999999999999991E-02, 9.022468443505858E-01, -1.0
-9.999999999999991E-02, 8.418181818181820E-01,  1.0
-1.999999999999991E-02, 8.904457302058698E-01, -1.0
-6.181818181818172E-02,-9.900000000000000E-01, -1.0
-4.181818181818172E-02,-8.929800420450903E-01,  1.0
-1.218181818181817E-01,-8.436363636363636E-01, -1.0
-2.455295659054814E-02,-7.854545454545454E-01,  1.0
 7.719736031533983E-03,-8.672727272727273E-01, -1.0
-4.181818181818172E-02,-7.890909090909091E-01,  1.0
-1.418181818181817E-01,-7.548470432682786E-01, -1.0
-4.244245029473396E-02,-7.861682240419416E-01,  1.0
-1.418181818181817E-01,-7.382173942880599E-01, -1.0
-4.181818181818172E-02,-7.871900014765081E-01,  1.0
-1.571179344070266E-01,-7.381818181818182E-01, -1.0
-4.181818181818172E-02,-7.800000000000000E-01,  1.0
-1.164499173668536E-01,-6.847855940033614E-01, -1.0
-4.181818181818172E-02,-6.236363636363635E-01,  1.0
-1.033019062078722E-01,-6.854545454545454E-01, -1.0
-4.181818181818172E-02,-6.158770820186976E-01,  1.0
-1.018181818181817E-01,-6.890909090909092E-01, -1.0
-4.181818181818172E-02,-6.309090909090910E-01,  1.0
-2.181818181818172E-02,-5.127272727272727E-01, -1.0
-4.181818181818172E-02,-6.145454545454546E-01,  1.0
-2.181818181818172E-02,-5.110075260031804E-01, -1.0
-1.701656651604497E-01,-5.181818181818182E-01,  1.0
-2.181818181818172E-02,-4.999999999999999E-01, -1.0
-1.187357633315613E-01,-4.418181818181817E-01,  1.0
-2.181818181818172E-02,-5.036363636363637E-01, -1.0
-1.093471501049328E-01,-4.406180563217619E-01,  1.0
-2.181818181818172E-02,-5.072727272727273E-01, -1.0
-1.218181818181817E-01,-4.290909090909091E-01,  1.0
-1.018181818181817E-01,-3.509090909090908E-01, -1.0
-1.218181818181817E-01,-4.251305519330706E-01,  1.0
-1.018181818181817E-01,-3.461682043081534E-01, -1.0
-2.181818181818172E-02,-2.963636363636363E-01,  1.0
-1.018181818181817E-01,-3.374925854680236E-01, -1.0
-4.091761887600993E-02,-2.999999999999999E-01,  1.0
-6.181818181818172E-02,-2.731704589043020E-01, -1.0
-7.640814013006141E-02,-2.305448639082241E-01,  1.0
-6.181818181818172E-02,-2.654545454545454E-01, -1.0
-8.181818181818172E-02,-2.272727272727272E-01,  1.0
-1.218181818181817E-01,-2.545082495009314E-01, -1.0
-1.000776178284027E-01,-2.287581443302894E-01,  1.0
-4.181818181818172E-02,-1.683690939309678E-01, -1.0
-1.618181818181817E-01,-1.336696467574965E-01,  1.0
-4.181818181818172E-02,-1.485876985729737E-01, -1.0
-1.618181818181817E-01,-1.381818181818181E-01,  1.0
-7.970332359206977E-02,-4.272138879878536E-02, -1.0
-1.418181818181817E-01,-1.263871864473550E-01,  1.0
-8.181818181818172E-02,-2.363636363636354E-02, -1.0
-1.618181818181817E-01,-5.765229162312210E-02,  1.0
-7.316234613205955E-02,-2.727272727272717E-02, -1.0
-1.547816040497732E-01,-5.638483027339306E-02,  1.0
-8.181818181818172E-02,-1.536281090939066E-02, -1.0
-8.147746939804873E-02, 4.727272727272738E-02,  1.0
-4.181818181818172E-02, 4.245986177345859E-02, -1.0
-6.536982079196882E-02, 6.363636363636375E-02,  1.0
-1.618181818181817E-01, 1.018181818181819E-01, -1.0
-2.181818181818172E-02, 1.200000000000001E-01,  1.0
-1.418181818181817E-01, 9.818181818181831E-02, -1.0
-4.181818181818172E-02, 1.640446613745871E-01,  1.0
-1.149056310800045E-01, 9.467373097605228E-02, -1.0
-2.181818181818172E-02, 1.839671314382904E-01,  1.0
-1.218181818181817E-01, 2.909090909090911E-01, -1.0
-2.181818181818172E-02, 1.690909090909092E-01,  1.0
-1.218181818181817E-01, 2.672727272727274E-01, -1.0
-2.181818181818172E-02, 1.854545454545455E-01,  1.0
-8.181818181818172E-02, 2.775251091746044E-01, -1.0
-5.376972855775922E-02, 3.218181818181820E-01,  1.0
-1.018181818181817E-01, 2.730369086237391E-01, -1.0
-2.181818181818172E-02, 3.181818181818183E-01,  1.0
-1.372564104175635E-01, 3.363636363636365E-01, -1.0
-1.018181818181817E-01, 4.545454545454548E-01,  1.0
-1.218181818181817E-01, 3.327272727272729E-01, -1.0
-1.018181818181817E-01, 4.350866092291618E-01,  1.0
-7.166633889812139E-02, 3.690909090909092E-01, -1.0
-1.018181818181817E-01, 4.919814122252329E-01,  1.0
-1.418181818181817E-01, 3.454545454545455E-01, -1.0
-1.018181818181817E-01, 5.023784867580007E-01,  1.0
-6.181818181818172E-02, 4.618091362953320E-01, -1.0
-1.218181818181817E-01, 5.142891068591960E-01,  1.0
-6.181818181818172E-02, 5.381818181818184E-01, -1.0
-1.018181818181817E-01, 4.984322834540564E-01,  1.0
-4.181818181818172E-02, 6.145454545454547E-01, -1.0
-1.218181818181817E-01, 4.969483393784835E-01,  1.0
-6.181818181818172E-02, 6.309090909090911E-01, -1.0
-1.208558420080778E-01, 6.690909090909093E-01,  1.0
-4.181818181818172E-02, 6.272727272727274E-01, -1.0
-1.218181818181817E-01, 6.654545454545456E-01,  1.0
-4.181818181818172E-02, 6.236363636363638E-01, -1.0
-1.018181818181817E-01, 7.418181818181820E-01,  1.0
-6.181818181818172E-02, 6.122515957538399E-01, -1.0
-8.181818181818172E-02, 7.381818181818184E-01,  1.0
-1.418181818181817E-01, 7.363636363636366E-01, -1.0
-8.181818181818172E-02, 7.545454545454547E-01,  1.0
-1.818181818181715E-03, 7.137890412786538E-01, -1.0
-1.018181818181817E-01, 8.309090909090912E-01,  1.0
-5.915062857292210E-03, 8.125185072068148E-01, -1.0
-1.034996808960723E-01, 8.272727272727275E-01,  1.0
-1.818181818181715E-03, 8.255406216771006E-01, -1.0
-1.018181818181817E-01, 8.328781880683893E-01,  1.0
-2.655158908700019E-02, 9.018181818181821E-01, -1.0
-1.293192863644570E-01, 8.575008690765732E-01,  1.0
-5.026413597805127E-02,-9.000000000000000E-01,  1.0
-1.425401413279592E-01,-9.818181818181819E-01, -1.0
-4.523025264286871E-02,-8.836363636363637E-01,  1.0
-1.236363636363635E-01,-8.439241418714912E-01, -1.0
-4.363636363636354E-02,-7.872727272727272E-01,  1.0
-1.159642834371444E-01,-8.325503664593669E-01, -1.0
-2.619231540089708E-02,-7.783494464489176E-01,  1.0
-1.108165141855889E-01,-7.053307917322537E-01, -1.0
-4.363636363636354E-02,-7.745454545454545E-01,  1.0
-1.036363636363635E-01,-6.963636363636363E-01, -1.0
-4.104352729657639E-02,-7.781818181818182E-01,  1.0
-1.036363636363635E-01,-7.000000000000000E-01, -1.0
-3.338141793286892E-02,-6.218181818181817E-01,  1.0
-1.036363636363635E-01,-7.036363636363636E-01, -1.0
-4.363636363636354E-02,-6.280128873765201E-01,  1.0
-1.011036186428485E-01,-6.872727272727273E-01, -1.0
-4.363636363636354E-02,-6.090909090909091E-01,  1.0
-4.363636363636354E-02,-5.109090909090909E-01, -1.0
-3.524352393365344E-02,-6.127272727272728E-01,  1.0
-2.363636363636354E-02,-5.145454545454545E-01, -1.0
-5.201056901539855E-02,-6.163636363636364E-01,  1.0
-2.363636363636354E-02,-4.981818181818182E-01, -1.0
-1.444125329263700E-01,-5.329964145412872E-01,  1.0
-2.363636363636354E-02,-4.976511801121570E-01, -1.0
-1.236363636363635E-01,-4.236363636363636E-01,  1.0
-1.889454259384540E-02,-5.000968866706778E-01, -1.0
-1.209441547798601E-01,-4.330548300300339E-01,  1.0
-2.363636363636354E-02,-4.890909090909091E-01, -1.0
-1.132744989881855E-01,-4.352284207385282E-01,  1.0
-1.036363636363635E-01,-3.327272727272726E-01, -1.0
-3.636363636363538E-03,-3.975425647265126E-01,  1.0
-1.036363636363635E-01,-3.390830059978032E-01, -1.0
-3.636363636363538E-03,-2.781818181818181E-01,  1.0
-1.036363636363635E-01,-3.400000000000000E-01, -1.0
-6.190204661570894E-02,-2.818181818181817E-01,  1.0
-6.363636363636355E-02,-2.836363636363636E-01, -1.0
-8.363636363636354E-02,-2.254545454545454E-01,  1.0
-6.363636363636355E-02,-2.672727272727272E-01, -1.0
-8.363636363636354E-02,-2.290909090909090E-01,  1.0
-4.086592384210796E-02,-1.578075971319730E-01, -1.0
 9.502031355661121E-03,-1.727272727272726E-01,  1.0
-5.261205546772470E-02,-1.545454545454545E-01, -1.0
 9.579511759270814E-03,-1.763636363636363E-01,  1.0
-4.072167589194049E-02,-1.502970327312321E-01, -1.0
-1.236363636363635E-01,-1.199999999999999E-01,  1.0
-7.129614487349743E-02,-2.181818181818172E-02, -1.0
-1.636363636363636E-01,-1.436363636363635E-01,  1.0
-6.363636363636355E-02,-5.454545454545354E-03, -1.0
 3.636363636363647E-02,-5.643785239714565E-02,  1.0
-7.636944358162266E-02,-9.090909090908985E-03, -1.0
-8.363636363636354E-02, 4.863782811379813E-02,  1.0
-4.363636363636354E-02, 2.727272727272739E-02, -1.0
-9.864795303881241E-02, 4.545454545454557E-02,  1.0
-2.846193836228231E-02, 4.363636363636375E-02, -1.0
-8.106942842614299E-02, 4.007514543158067E-02,  1.0
-1.216020232811083E-01, 1.055059289476723E-01, -1.0
-2.363636363636354E-02, 1.781818181818184E-01,  1.0
-1.236363636363635E-01, 9.636363636363650E-02, -1.0
-2.363636363636354E-02, 1.737479565136712E-01,  1.0
-1.237910586356556E-01, 1.127272727272728E-01, -1.0
-2.363636363636354E-02, 1.786225986357056E-01,  1.0
-8.363636363636354E-02, 2.890909090909093E-01, -1.0
-2.363636363636354E-02, 1.872727272727274E-01,  1.0
-8.564925325080622E-02, 2.654545454545456E-01, -1.0
-2.363636363636354E-02, 1.836363636363637E-01,  1.0
-6.821863065868232E-02, 2.818181818181820E-01, -1.0
-3.965575110791913E-02, 3.000000000000002E-01,  1.0
-8.363636363636354E-02, 2.787618624692126E-01, -1.0
-3.636363636363538E-03, 3.163636363636365E-01,  1.0
-1.305288294608510E-01, 3.345454545454547E-01, -1.0
-3.636363636363538E-03, 4.727272727272730E-01,  1.0
-8.669203011738012E-02, 3.709090909090911E-01, -1.0
-1.108330726908540E-01, 4.890909090909094E-01,  1.0
-6.363636363636355E-02, 3.672727272727274E-01, -1.0
-3.636363636363538E-03, 5.054545454545456E-01,  1.0
-4.763078149280719E-02, 3.836363636363637E-01, -1.0
-1.149583251798820E-01, 4.884002913507888E-01,  1.0
-6.363636363636355E-02, 5.400000000000003E-01, -1.0
-4.642975484944138E-03, 5.010623551096903E-01,  1.0
-5.005737362442027E-02, 6.136588108282879E-01, -1.0
-1.036363636363635E-01, 4.945454545454546E-01,  1.0
-4.363636363636354E-02, 6.127272727272729E-01, -1.0
-1.197894379588138E-01, 6.509090909090911E-01,  1.0
-4.363636363636354E-02, 6.287243087386298E-01, -1.0
-1.036363636363635E-01, 6.672727272727275E-01,  1.0
-4.363636363636354E-02, 6.254545454545456E-01, -1.0
-8.394557145163788E-02, 7.436363636363639E-01,  1.0
-4.363636363636354E-02, 6.091476160851952E-01, -1.0
-8.416463022586455E-02, 7.400000000000002E-01,  1.0
-3.636363636363538E-03, 6.781818181818183E-01, -1.0
-8.628925792393718E-02, 7.563636363636366E-01,  1.0
-3.636363636363538E-03, 6.945454545454547E-01, -1.0
-1.046651491615318E-01, 7.927272727272729E-01,  1.0
-3.636363636363538E-03, 8.109090909090911E-01, -1.0
-1.036363636363635E-01, 8.290909090909093E-01,  1.0
-3.636363636363538E-03, 8.072727272727275E-01, -1.0
-1.036363636363635E-01, 8.454545454545457E-01,  1.0
-3.636363636363538E-03, 8.295833866465900E-01, -1.0
-1.036363636363635E-01, 8.297906545237271E-01,  1.0
-1.333630418588394E-02, 9.000000000000002E-01, -1.0
-4.545454545454536E-02,-9.900000000000000E-01, -1.0
-4.186280420063240E-02,-8.818181818181818E-01,  1.0
 5.454545454545465E-02,-8.516515671584396E-01, -1.0
-4.121792265498228E-02,-7.854545454545454E-01,  1.0
 2.133750816754684E-02,-8.672727272727273E-01, -1.0
-4.545454545454536E-02,-7.890909090909091E-01,  1.0
-1.254545454545453E-01,-8.309090909090909E-01, -1.0
-4.545454545454536E-02,-7.727272727272727E-01,  1.0
-1.054545454545453E-01,-6.945454545454545E-01, -1.0
-4.545454545454536E-02,-7.763636363636364E-01,  1.0
-1.054545454545453E-01,-6.981818181818181E-01, -1.0
-2.545454545454535E-02,-6.399999999999999E-01,  1.0
-1.054545454545453E-01,-7.018181818181818E-01, -1.0
-3.739350376516823E-02,-6.236363636363635E-01,  1.0
-1.117740314149563E-01,-6.915735274035479E-01, -1.0
-2.545454545454535E-02,-6.272727272727272E-01,  1.0
-2.545454545454535E-02,-5.090909090909090E-01, -1.0
-4.545454545454536E-02,-6.105317445298165E-01,  1.0
-2.545454545454535E-02,-5.127272727272727E-01, -1.0
-4.545454545454536E-02,-6.145454545454546E-01,  1.0
-2.545454545454535E-02,-5.143122313032132E-01, -1.0
-8.545454545454535E-02,-5.581818181818182E-01,  1.0
-2.545454545454535E-02,-5.326328792982293E-01, -1.0
-1.054545454545453E-01,-4.418181818181817E-01,  1.0
-2.545454545454535E-02,-5.036363636363637E-01, -1.0
-1.054545454545453E-01,-4.254545454545454E-01,  1.0
-1.556783245201776E-02,-5.015857111129177E-01, -1.0
-5.454545454545354E-03,-4.090909090909091E-01,  1.0
-3.226880780294993E-02,-4.909090909090910E-01, -1.0
-5.454545454545354E-03,-3.927272727272727E-01,  1.0
-1.020570031610963E-01,-3.345454545454545E-01, -1.0
-5.454545454545354E-03,-3.930988947582421E-01,  1.0
-1.054545454545453E-01,-3.381818181818181E-01, -1.0
-1.363056808358632E-02,-2.999999999999999E-01,  1.0
-4.545454545454536E-02,-2.618181818181817E-01, -1.0
-7.680990740073705E-02,-2.236363636363635E-01,  1.0
-6.545454545454536E-02,-2.754359387007215E-01, -1.0
-8.545454545454535E-02,-2.118084270846891E-01,  1.0
-4.085794787404173E-02,-1.554814586161445E-01, -1.0
 4.476551423460533E-02,-1.909090909090908E-01,  1.0
-4.545454545454536E-02,-1.572819150228977E-01, -1.0
 3.454545454545465E-02,-1.745454545454545E-01,  1.0
-4.378967451070587E-02,-1.441431546747234E-01, -1.0
-1.254545454545453E-01,-1.381818181818181E-01,  1.0
-4.921948555178345E-02,-1.399999999999999E-01, -1.0
-1.254545454545453E-01,-1.218181818181817E-01,  1.0
-6.545454545454536E-02,-2.363636363636354E-02, -1.0
 3.454545454545465E-02,-5.010329542501715E-02,  1.0
-6.545454545454536E-02,-1.071919937437183E-02, -1.0
-8.545454545454535E-02, 3.090909090909102E-02,  1.0
-7.237577249501581E-02,-1.090909090909080E-02, -1.0
-9.378845333834612E-02, 4.727272727272738E-02,  1.0
-4.545454545454536E-02, 4.545454545454557E-02, -1.0
-5.454545454545354E-03, 1.616818387632993E-01,  1.0
-4.074046745509480E-02, 4.181818181818193E-02, -1.0
-5.454545454545354E-03, 1.800000000000002E-01,  1.0
-1.054545454545453E-01, 1.064195427597084E-01, -1.0
-2.545454545454535E-02, 1.698307171389035E-01,  1.0
-1.054545454545453E-01, 9.627212368581702E-02, -1.0
-1.490662975235139E-02, 1.797172635914348E-01,  1.0
-8.545454545454535E-02, 2.709090909090911E-01, -1.0
-2.545454545454535E-02, 1.807862740097772E-01,  1.0
-7.075173986076548E-02, 2.872727272727275E-01, -1.0
-2.545454545454535E-02, 1.854545454545455E-01,  1.0
-8.685873034230848E-02, 2.838140930137607E-01, -1.0
 1.454545454545465E-02, 3.073410203954938E-01,  1.0
-6.853915863857998E-02, 2.800000000000001E-01, -1.0
-5.454545454545354E-03, 3.181818181818183E-01,  1.0
-8.545454545454535E-02, 2.763636363636365E-01, -1.0
-5.454545454545354E-03, 3.294661773250266E-01,  1.0
-1.054545454545453E-01, 3.517756097321435E-01, -1.0
-1.220106286361735E-02, 3.109090909090910E-01,  1.0
-7.654939092118558E-02, 3.667072109869881E-01, -1.0
-1.204148129053006E-01, 4.914903763560640E-01,  1.0
-8.055782483581697E-02, 3.654545454545455E-01, -1.0
-1.015568157108499E-01, 4.846648783289534E-01,  1.0
-6.545454545454536E-02, 4.093239276862858E-01, -1.0
-5.454545454545354E-03, 5.163012669328414E-01,  1.0
-4.545454545454536E-02, 4.381818181818183E-01, -1.0
-2.545454545454535E-02, 4.987651464210129E-01,  1.0
-4.545454545454536E-02, 6.145454545454547E-01, -1.0
 3.311547824925532E-03, 5.127272727272728E-01,  1.0
-4.545454545454536E-02, 6.309090909090911E-01, -1.0
-5.454545454545354E-03, 5.090909090909091E-01,  1.0
-5.378653228823361E-02, 6.276139131708617E-01, -1.0
-1.254545454545453E-01, 6.654545454545456E-01,  1.0
-4.545454545454536E-02, 6.236363636363638E-01, -1.0
-8.499919402035165E-02, 7.418181818181820E-01,  1.0
 2.588998921433511E-03, 6.829090014387184E-01, -1.0
-8.545454545454535E-02, 7.381818181818184E-01,  1.0
-5.454545454545354E-03, 6.763636363636365E-01, -1.0
-9.189827730953162E-02, 7.745454545454548E-01,  1.0
 1.454545454545465E-02, 6.927272727272729E-01, -1.0
-8.545454545454535E-02, 7.732087600826374E-01,  1.0
-1.677956094875732E-02, 8.262395355538722E-01, -1.0
-1.054545454545453E-01, 8.303737501847044E-01,  1.0
-2.545454545454535E-02, 8.854545454545457E-01, -1.0
-1.054545454545453E-01, 8.236363636363638E-01,  1.0
-2.545454545454535E-02, 9.018181818181821E-01, -1.0
-9.330953293661885E-02, 9.394264562549056E-01,  1.0
-4.727272727272717E-02,-9.000000000000000E-01,  1.0
 3.876996267572161E-02,-8.478700862064994E-01, -1.0
-2.727272727272717E-02,-8.839328363117399E-01,  1.0
 5.272727272727284E-02,-8.654545454545455E-01, -1.0
-2.727272727272717E-02,-7.907622609485084E-01,  1.0
 5.272727272727284E-02,-8.490909090909091E-01, -1.0
-2.727272727272717E-02,-7.709090909090909E-01,  1.0
-1.072727272727272E-01,-6.927272727272726E-01, -1.0
-3.931904435823251E-02,-7.745454545454545E-01,  1.0
-9.977022570217672E-02,-6.963636363636363E-01, -1.0
-2.727272727272717E-02,-7.746643345071119E-01,  1.0
-9.721012506314057E-02,-7.000000000000000E-01, -1.0
-7.753142434204380E-03,-6.564341913662632E-01,  1.0
-1.064161243582661E-01,-7.116118944333136E-01, -1.0
-2.727272727272717E-02,-6.254545454545454E-01,  1.0
-7.272727272727169E-03,-5.672727272727272E-01, -1.0
-2.727272727272717E-02,-6.290909090909091E-01,  1.0
-1.611775738639526E-02,-5.109090909090909E-01, -1.0
-4.727272727272717E-02,-6.127272727272728E-01,  1.0
-7.272727272727169E-03,-5.145454545454545E-01, -1.0
-1.272727272727271E-01,-5.327335821538427E-01,  1.0
-2.727272727272717E-02,-4.965451773438840E-01, -1.0
-8.727272727272717E-02,-5.747138914094168E-01,  1.0
-2.727272727272717E-02,-5.072428617993778E-01, -1.0
-7.272727272727169E-03,-4.022132537799284E-01,  1.0
-7.272727272727169E-03,-4.953462560104369E-01, -1.0
-7.272727272727169E-03,-4.072727272727272E-01,  1.0
-2.727272727272717E-02,-4.733308966977614E-01, -1.0
-7.272727272727169E-03,-4.109090909090909E-01,  1.0
-1.072727272727272E-01,-3.327272727272726E-01, -1.0
 9.505873284904823E-04,-2.629921221616638E-01,  1.0
-1.072727272727272E-01,-3.465446440536050E-01, -1.0
-1.793781256764145E-02,-2.787874462593567E-01,  1.0
-4.727272727272717E-02,-2.799999999999999E-01, -1.0
 1.272727272727283E-02,-2.818181818181817E-01,  1.0
-4.727272727272717E-02,-2.141826037801307E-01, -1.0
-6.727272727272718E-02,-2.266916666936007E-01,  1.0
-2.727272727272717E-02,-2.181206848877892E-01, -1.0
-6.727272727272718E-02,-2.290909090909090E-01,  1.0
-2.727272727272717E-02,-1.998595513071901E-01, -1.0
 3.206217917652238E-02,-1.927272727272727E-01,  1.0
-3.509861102642431E-02,-1.545454545454545E-01, -1.0
 3.193621510533529E-02,-5.636363636363629E-02,  1.0
-4.727272727272717E-02,-1.381818181818181E-01, -1.0
-1.072727272727272E-01,-1.399999999999999E-01,  1.0
-6.891877867125189E-02,-5.234160569462454E-02, -1.0
 3.272727272727283E-02,-4.738312804521370E-02,  1.0
-6.727272727272718E-02,-5.454545454545354E-03, -1.0
 3.272727272727283E-02,-4.727272727272717E-02,  1.0
-2.727272727272717E-02, 3.362036240201042E-02, -1.0
 2.985197102342467E-02,-5.761240996562319E-02,  1.0
-3.068908335972155E-02, 4.727272727272739E-02, -1.0
 3.272727272727283E-02,-3.454545454545444E-02,  1.0
-2.727272727272717E-02, 3.598333612012907E-02, -1.0
-9.500562605487279E-04, 1.618181818181819E-01,  1.0
-2.727272727272717E-02, 4.000000000000013E-02, -1.0
-7.272727272727169E-03, 1.781818181818184E-01,  1.0
-1.099122609866980E-01, 9.636363636363650E-02, -1.0
-7.272727272727169E-03, 1.778572740259123E-01,  1.0
-1.191865139760739E-01, 9.900556187395258E-02, -1.0
-1.630036592147312E-02, 1.709090909090910E-01,  1.0
 5.272727272727284E-02, 2.490909090909093E-01, -1.0
-1.885579498053565E-02, 1.672727272727274E-01,  1.0
-8.727272727272717E-02, 2.652992400560600E-01, -1.0
-7.272727272727169E-03, 1.836363636363637E-01,  1.0
-8.727272727272717E-02, 2.818181818181820E-01, -1.0
 5.596037840836664E-03, 3.107357738582358E-01,  1.0
-6.049431026587490E-02, 2.823693063913761E-01, -1.0
-7.272727272727169E-03, 3.163636363636365E-01,  1.0
-6.727272727272718E-02, 3.745454545454547E-01, -1.0
 3.233503836965335E-02, 3.927272727272729E-01,  1.0
-8.054786410629142E-02, 3.606995542983776E-01, -1.0
 2.530910913444880E-02, 4.046403347337330E-01,  1.0
-6.727272727272718E-02, 3.637700291716793E-01, -1.0
-7.272727272727169E-03, 5.054545454545456E-01,  1.0
-6.280331797764138E-02, 4.036363636363637E-01, -1.0
-7.272727272727169E-03, 4.858408608925435E-01,  1.0
-5.595061413822588E-02, 4.200000000000002E-01, -1.0
-5.991579266736756E-03, 5.181818181818184E-01,  1.0
-4.746630953940280E-02, 4.363636363636365E-01, -1.0
-7.272727272727169E-03, 5.031264654002847E-01,  1.0
-4.727272727272717E-02, 6.127272727272729E-01, -1.0
-7.272727272727169E-03, 5.309090909090910E-01,  1.0
-4.727272727272717E-02, 6.290909090909093E-01, -1.0
-7.272727272727169E-03, 5.897449945211232E-01,  1.0
 1.272727272727283E-02, 6.933222118734736E-01, -1.0
-2.727272727272717E-02, 6.436363636363638E-01,  1.0
 2.105462191698959E-02, 6.833024014546140E-01, -1.0
-2.864671857917468E-02, 6.620219034650656E-01,  1.0
 1.272727272727283E-02, 6.781818181818183E-01, -1.0
-8.727272727272717E-02, 7.463217210728466E-01,  1.0
 3.272727272727283E-02, 6.745454545454547E-01, -1.0
-1.072727272727272E-01, 8.042094419084918E-01,  1.0
-7.272727272727169E-03, 8.109090909090911E-01, -1.0
-1.072727272727272E-01, 8.090909090909093E-01,  1.0
-7.272727272727169E-03, 8.272727272727275E-01, -1.0
 5.272727272727284E-02, 8.729436021888829E-01,  1.0
 7.498932510713562E-04, 8.123986874192273E-01, -1.0
-1.072727272727272E-01, 8.418181818181820E-01,  1.0
-2.727272727272717E-02, 8.846286825740599E-01, -1.0
-4.410732415315137E-02,-9.900000000000000E-01, -1.0
-4.708844279537341E-02,-8.818181818181818E-01,  1.0
 7.090909090909102E-02,-8.636363636363636E-01, -1.0
-2.909090909090899E-02,-7.757777646641764E-01,  1.0
 5.090909090909102E-02,-8.472727272727273E-01, -1.0
-2.909090909090899E-02,-7.893167112002797E-01,  1.0
 7.090909090909102E-02,-8.509090909090909E-01, -1.0
-2.909090909090899E-02,-7.727272727272727E-01,  1.0
-1.090909090909090E-01,-6.945454545454545E-01, -1.0
-4.473924530254275E-02,-7.910250485972772E-01,  1.0
 3.090909090909102E-02,-6.981818181818181E-01, -1.0
-2.909090909090899E-02,-6.599999999999999E-01,  1.0
-9.753513690686377E-02,-7.018181818181818E-01, -1.0
-9.090909090908985E-03,-6.599018254112532E-01,  1.0
 5.880239686105857E-02,-6.138471616678929E-01, -1.0
-2.909090909090899E-02,-6.272727272727272E-01,  1.0
-7.115918523557021E-03,-5.290909090909091E-01, -1.0
-2.909090909090899E-02,-6.109090909090910E-01,  1.0
-9.090909090908985E-03,-5.127272727272727E-01, -1.0
 4.426046545955982E-02,-5.842437484832982E-01,  1.0
-2.909090909090899E-02,-5.029426061671697E-01, -1.0
-9.232983322173748E-02,-5.581818181818182E-01,  1.0
-1.109076319083469E-02,-5.055987499274511E-01, -1.0
-3.222572874614109E-03,-4.023295082597474E-01,  1.0
-1.283673851650255E-02,-5.036363636363637E-01, -1.0
 4.323295519573596E-03,-4.054545454545454E-01,  1.0
-2.909090909090899E-02,-5.072727272727273E-01, -1.0
-2.472827748146362E-02,-4.090909090909091E-01,  1.0
 5.090909090909102E-02,-3.509090909090908E-01, -1.0
-9.090909090908986E-03,-3.927272727272727E-01,  1.0
 5.090909090909102E-02,-3.471863642122192E-01, -1.0
-9.090909090908985E-03,-2.805904127940007E-01,  1.0
 4.678580168013460E-02,-3.454503783717575E-01, -1.0
 1.090909090909101E-02,-2.673262542622295E-01,  1.0
-4.586760019944428E-02,-2.669854434658644E-01, -1.0
 1.090909090909101E-02,-2.636363636363636E-01,  1.0
-2.909090909090899E-02,-2.054545454545453E-01, -1.0
 1.090909090909101E-02,-2.672727272727272E-01,  1.0
-2.909090909090899E-02,-1.967925526042656E-01, -1.0
 4.057310292932659E-02,-1.909090909090908E-01,  1.0
-2.909090909090899E-02,-2.127272727272727E-01, -1.0
 5.090909090909102E-02,-1.827026116988393E-01,  1.0
-2.909090909090899E-02,-1.563636363636363E-01, -1.0
 3.751967246749432E-02,-5.818181818181812E-02,  1.0
-6.554121484571376E-02,-4.727164178067340E-02, -1.0
 3.090909090909102E-02,-4.895750145367847E-02,  1.0
-6.909090909090899E-02,-6.363636363636355E-02, -1.0
 3.090909090909102E-02,-4.777343465866279E-02,  1.0
-7.126363590203835E-02,-2.412782740170889E-02, -1.0
 3.090909090909102E-02,-4.909090909090899E-02,  1.0
-6.052107627623771E-02,-1.090909090909080E-02, -1.0
 4.132706231255181E-02,-3.642344910134331E-02,  1.0
-2.909090909090899E-02, 4.545454545454557E-02, -1.0
-6.717750026255832E-04, 1.530024258090526E-01,  1.0
-4.057696070854728E-02, 4.331339629699012E-02, -1.0
-9.090909090908985E-03, 1.600000000000001E-01,  1.0
-2.909090909090899E-02, 5.818181818181834E-02, -1.0
-9.090909090908985E-03, 1.763636363636365E-01,  1.0
-1.090909090909090E-01, 1.145454545454547E-01, -1.0
-9.090909090908985E-03, 1.659054324304632E-01,  1.0
 3.090909090909102E-02, 2.309090909090911E-01, -1.0
-2.909090909090899E-02, 1.690909090909092E-01,  1.0
-6.909090909090899E-02, 2.672727272727274E-01, -1.0
-9.090909090908985E-03, 1.854545454545455E-01,  1.0
-6.909090909090899E-02, 2.836363636363638E-01, -1.0
 7.917789479261101E-03, 3.018181818181820E-01,  1.0
-6.909090909090899E-02, 2.800000000000001E-01, -1.0
 1.090909090909102E-02, 3.181818181818183E-01,  1.0
-3.188109433089439E-02, 3.563636363636365E-01, -1.0
 1.090909090909102E-02, 3.145454545454547E-01,  1.0
-8.472792014046716E-02, 3.527272727272729E-01, -1.0
 3.090909090909102E-02, 4.042290529877322E-01,  1.0
-6.909090909090899E-02, 3.690909090909092E-01, -1.0
-1.090909090909090E-01, 4.872727272727275E-01,  1.0
-5.007084962615888E-02, 3.654545454545455E-01, -1.0
-9.090909090908986E-03, 5.053983673226743E-01,  1.0
-6.909090909090899E-02, 3.818181818181819E-01, -1.0
-9.090909090908986E-03, 5.000000000000002E-01,  1.0
 7.090909090909102E-02, 5.981818181818185E-01, -1.0
-9.090909090908985E-03, 5.163636363636366E-01,  1.0
 7.090909090909102E-02, 6.345454545454547E-01, -1.0
-1.322980606847413E-02, 4.927272727272728E-01,  1.0
-4.909090909090899E-02, 6.309090909090911E-01, -1.0
-8.939976121195955E-03, 5.490909090909092E-01,  1.0
-4.909090909090899E-02, 6.251567451759827E-01, -1.0
-9.090909090908985E-03, 6.054545454545456E-01,  1.0
 5.670513675078288E-02, 6.669954454808027E-01, -1.0
-1.042215378562124E-02, 6.226505403314093E-01,  1.0
-1.705849384096515E-02, 6.600000000000001E-01, -1.0
 2.314939562887525E-02, 7.581818181818184E-01,  1.0
 1.207279992925516E-02, 6.829233788066220E-01, -1.0
-8.909090909090898E-02, 7.745454545454548E-01,  1.0
 1.277563275213334E-02, 7.927272727272729E-01, -1.0
-8.909090909090898E-02, 7.909090909090911E-01,  1.0
 1.090909090909102E-02, 7.952959711554634E-01, -1.0
 5.090909090909102E-02, 8.699391551543447E-01,  1.0
-9.090909090908985E-03, 8.091546730369523E-01, -1.0
 6.185566339671125E-02, 8.716976014252134E-01,  1.0
-2.909090909090899E-02, 8.981227290231409E-01, -1.0
 5.654906585319083E-02, 8.800000000000002E-01,  1.0
-3.090909090909080E-02,-9.000000000000000E-01,  1.0
 6.720143422968851E-02,-8.618181818181818E-01, -1.0
-3.195352343648856E-02,-8.836363636363637E-01,  1.0
 6.909090909090920E-02,-8.454545454545455E-01, -1.0
-3.090909090909080E-02,-8.872727272727273E-01,  1.0
 6.909090909090920E-02,-8.490909090909091E-01, -1.0
-3.090909090909080E-02,-7.909090909090909E-01,  1.0
 2.909090909090920E-02,-6.927272727272726E-01, -1.0
-3.090909090909080E-02,-7.745454545454545E-01,  1.0
 2.909090909090920E-02,-6.982893042047339E-01, -1.0
-1.090909090909080E-02,-6.581818181818181E-01,  1.0
 2.909090909090920E-02,-7.000000000000000E-01, -1.0
-1.090909090909080E-02,-6.418181818181817E-01,  1.0
 2.909090909090920E-02,-6.836363636363636E-01, -1.0
-2.720908115394600E-02,-6.759117674434254E-01,  1.0
 2.909090909090920E-02,-6.065186744910820E-01, -1.0
-3.090909090909080E-02,-6.169332604516036E-01,  1.0
-1.090909090909080E-02,-5.109090909090909E-01, -1.0
 2.909090909090920E-02,-5.927272727272728E-01,  1.0
-1.090909090909080E-02,-5.145454545454545E-01, -1.0
 2.909090909090920E-02,-5.763636363636364E-01,  1.0
-1.090909090909080E-02,-5.031812058786800E-01, -1.0
 9.090909090909200E-03,-4.018583474790787E-01,  1.0
-3.700619973121218E-03,-4.947669649055947E-01, -1.0
 9.090909090909198E-03,-4.036363636363636E-01,  1.0
-1.090909090909080E-02,-5.082218677725203E-01, -1.0
-1.090909090909080E-02,-4.072727272727272E-01,  1.0
 6.909090909090920E-02,-3.490909090909090E-01, -1.0
-1.090909090909080E-02,-4.109090909090909E-01,  1.0
 7.291501187268679E-02,-3.527272727272727E-01, -1.0
-1.438924588062792E-02,-2.945454545454544E-01,  1.0
 4.909090909090921E-02,-3.563636363636363E-01, -1.0
-4.394662511259997E-04,-2.756435906010590E-01,  1.0
 5.730489517662738E-02,-3.400000000000000E-01, -1.0
-3.417905417136579E-03,-2.644463399716424E-01,  1.0
 6.909090909090920E-02,-3.436363636363636E-01, -1.0
 9.090909090909200E-03,-2.654545454545454E-01,  1.0
-3.504699261299093E-02,-2.072727272727272E-01, -1.0
 4.152443684639533E-02,-1.839294529874351E-01,  1.0
-3.090909090909080E-02,-2.109090909090909E-01, -1.0
 4.909090909090921E-02,-1.727272727272726E-01,  1.0
-3.090909090909080E-02,-1.401146494560487E-01, -1.0
 6.303546319816290E-02,-1.563636363636363E-01,  1.0
-3.090909090909080E-02,-1.539021520158154E-01, -1.0
 4.133139932475785E-02,-3.999999999999992E-02,  1.0
 2.155000053091591E-02,-1.218181818181817E-01, -1.0
 2.909090909090920E-02,-5.936745731732345E-02,  1.0
-3.090909090909080E-02,-1.228252066558017E-01, -1.0
 2.909090909090920E-02,-3.937177010453733E-02,  1.0
-7.090909090909081E-02,-9.090909090908985E-03, -1.0
 2.909090909090920E-02,-4.446648224422085E-02,  1.0
-4.057970887779242E-02, 4.727272727272738E-02, -1.0
 2.909090909090920E-02,-2.970828251773430E-02,  1.0
-3.090909090909080E-02, 4.363636363636375E-02, -1.0
 6.909090909090920E-02, 1.218181818181819E-01,  1.0
-1.559052708117742E-02, 4.000000000000013E-02, -1.0
-1.548822104698411E-02, 1.781818181818184E-01,  1.0
-3.600106912826975E-02, 7.636363636363651E-02, -1.0
 4.289498421716249E-02, 1.505226744447299E-01,  1.0
 3.662669053178737E-02, 2.327272727272729E-01, -1.0
-1.090909090909080E-02, 1.698129713173691E-01,  1.0
 4.909090909090921E-02, 1.981371892908263E-01, -1.0
-1.090909090909080E-02, 1.872727272727274E-01,  1.0
 6.909090909090920E-02, 2.454545454545456E-01, -1.0
-2.051391415510525E-02, 1.869816433857765E-01,  1.0
 7.534261413511636E-02, 2.618181818181819E-01, -1.0
 2.530932405982079E-03, 3.050194412847012E-01,  1.0
-3.090909090909080E-02, 3.581818181818184E-01, -1.0
 9.350813600153282E-03, 3.163636363636365E-01,  1.0
-5.090909090909081E-02, 3.745454545454547E-01, -1.0
 2.909090909090920E-02, 3.945081033396377E-01,  1.0
-7.090909090909081E-02, 3.704125581806255E-01, -1.0
 3.952868747772008E-02, 4.089663613843115E-01,  1.0
 6.909090909090920E-02, 4.299776521255843E-01, -1.0
 9.090909090909200E-03, 5.054545454545456E-01,  1.0
-5.090909090909081E-02, 3.836363636363637E-01, -1.0
-3.127240476204319E-03, 5.018181818181819E-01,  1.0
-5.090909090909081E-02, 4.000000000000001E-01, -1.0
-1.090909090909080E-02, 4.981818181818184E-01,  1.0
 6.023057455499414E-02, 6.363636363636367E-01, -1.0
-1.090909090909080E-02, 5.145454545454546E-01,  1.0
 6.909090909090920E-02, 6.527272727272729E-01, -1.0
-1.090909090909080E-02, 5.109090909090910E-01,  1.0
 4.744397458510772E-02, 6.690909090909093E-01, -1.0
-1.090909090909080E-02, 5.272727272727273E-01,  1.0
 5.313740093276612E-02, 6.654545454545456E-01, -1.0
-5.090909090909081E-02, 6.767474932307674E-01,  1.0
 4.909090909090921E-02, 6.720703801461054E-01, -1.0
 9.090909090909200E-03, 7.400000000000002E-01,  1.0
 9.090909090909200E-03, 6.781818181818183E-01, -1.0
 1.382494142261900E-02, 7.563636363636366E-01,  1.0
 9.090909090909198E-03, 8.009299379034470E-01, -1.0
 1.090909090909092E-01, 8.527272727272730E-01,  1.0
 1.599501178055653E-02, 8.000431233637063E-01, -1.0
 1.090909090909092E-01, 8.477261558883116E-01,  1.0
-1.090909090909080E-02, 8.072727272727275E-01, -1.0
 4.909090909090921E-02, 8.654545454545457E-01,  1.0
 5.205971715052798E-04, 8.072077365200481E-01, -1.0
 4.174928639334574E-02, 8.618181818181820E-01,  1.0
-2.690590034287821E-02, 9.000000000000002E-01, -1.0
 1.272727272727274E-01,-9.600000000000001E-01, -1.0
-2.971352617399264E-02,-8.818181818181818E-01,  1.0
 6.727272727272739E-02,-8.482703390817264E-01, -1.0
-3.272727272727262E-02,-7.854545454545454E-01,  1.0
 6.727272727272739E-02,-8.472727272727273E-01, -1.0
-3.272727272727262E-02,-7.890909090909091E-01,  1.0
 8.727272727272738E-02,-8.440007331829452E-01, -1.0
-3.272727272727262E-02,-7.924317555872942E-01,  1.0
 3.644907279551104E-02,-6.945454545454545E-01, -1.0
-3.050377322405941E-02,-7.763636363636364E-01,  1.0
 3.520319666198057E-02,-6.981818181818181E-01, -1.0
 8.727272727272738E-02,-7.142248218232740E-01,  1.0
 3.828380827371406E-02,-6.980629477761244E-01, -1.0
-1.272727272727262E-02,-6.615378721790002E-01,  1.0
 1.072727272727274E-01,-6.126406922955051E-01, -1.0
-1.272727272727262E-02,-6.566032669611829E-01,  1.0
-1.272727272727262E-02,-5.290909090909091E-01, -1.0
-9.482409198850609E-03,-6.313537967165237E-01,  1.0
-1.272727272727262E-02,-5.127272727272727E-01, -1.0
 4.727272727272739E-02,-5.945454545454546E-01,  1.0
-1.272727272727262E-02,-5.014913847087795E-01, -1.0
 8.727272727272738E-02,-4.981818181818182E-01,  1.0
-1.412245373490902E-02,-4.999999999999999E-01, -1.0
 8.727272727272738E-02,-4.818181818181817E-01,  1.0
-1.272727272727262E-02,-5.164332702683565E-01, -1.0
-6.704946888384177E-03,-4.054545454545454E-01,  1.0
 7.272727272727377E-03,-4.872727272727273E-01, -1.0
 7.272727272727384E-03,-4.090909090909091E-01,  1.0
 6.121677410827996E-02,-3.517005925550335E-01, -1.0
-8.425474049149223E-03,-3.971722037656626E-01,  1.0
 6.727272727272739E-02,-3.545454545454545E-01, -1.0
 1.618429206531775E-04,-2.796881188378117E-01,  1.0
 6.727272727272739E-02,-3.581818181818182E-01, -1.0
 7.272727272727377E-03,-2.799999999999999E-01,  1.0
 6.727272727272739E-02,-3.383512496230101E-01, -1.0
 7.272727272727384E-03,-2.636363636363636E-01,  1.0
-3.272727272727263E-02,-2.113889661952732E-01, -1.0
 7.272727272727384E-03,-2.672727272727272E-01,  1.0
-3.050082544711512E-02,-2.090909090909090E-01, -1.0
 4.599517522283623E-02,-1.746285571073840E-01,  1.0
-3.272727272727263E-02,-1.527272727272726E-01, -1.0
 4.841596331982107E-02,-1.745454545454545E-01,  1.0
-3.272727272727262E-02,-1.422041380814411E-01, -1.0
 6.727272727272739E-02,-1.579696523363947E-01,  1.0
 8.727272727272738E-02,-7.999999999999992E-02, -1.0
 2.727272727272739E-02,-4.181818181818172E-02,  1.0
 1.259547060791706E-01,-7.160677923673911E-02, -1.0
 2.727272727272739E-02,-4.545454545454536E-02,  1.0
 1.272727272727274E-01,-3.343872131590857E-03, -1.0
 2.727272727272739E-02,-4.909090909090899E-02,  1.0
-2.945373718543332E-02, 2.909090909090920E-02, -1.0
 3.524934556141822E-02,-3.524410801908050E-02,  1.0
 7.270267422234434E-03, 4.545454545454557E-02, -1.0
 6.727272727272739E-02, 1.354847057098380E-01,  1.0
-3.272727272727262E-02, 4.181818181818193E-02, -1.0
 6.727272727272739E-02, 1.327684693647108E-01,  1.0
-3.272727272727262E-02, 5.818181818181834E-02, -1.0
-1.272727272727262E-02, 1.763636363636365E-01,  1.0
 1.072727272727274E-01, 2.229855029438301E-01, -1.0
 7.272727272727377E-03, 1.527272727272729E-01,  1.0
 8.727272727272738E-02, 2.509090909090911E-01, -1.0
-1.272727272727262E-02, 1.690909090909092E-01,  1.0
 6.727272727272739E-02, 2.472727272727274E-01, -1.0
-1.272727272727262E-02, 1.882653313142191E-01,  1.0
 6.727272727272739E-02, 2.636363636363638E-01, -1.0
 1.545085691833758E-02, 3.131838362790660E-01,  1.0
 6.755396434387272E-02, 3.400000000000002E-01, -1.0
 7.272727272727377E-03, 3.181818181818183E-01,  1.0
-1.816391323723603E-02, 3.522220795725761E-01, -1.0
 4.182775221916058E-02, 3.945454545454548E-01,  1.0
-3.272727272727262E-02, 3.727272727272729E-01, -1.0
 3.519073354655924E-02, 3.987207574408932E-01,  1.0
 8.702777931937690E-02, 4.290909090909093E-01, -1.0
 7.272727272727384E-03, 5.072727272727274E-01,  1.0
 9.980389178317976E-02, 4.254545454545456E-01, -1.0
-1.272727272727262E-02, 4.983915395568621E-01,  1.0
 9.119271806337807E-02, 4.734047514788994E-01, -1.0
-5.018631353789627E-03, 5.000000000000002E-01,  1.0
 6.494330876992267E-02, 6.075595475464568E-01, -1.0
 2.326274618534109E-03, 4.963636363636366E-01,  1.0
 7.534840627481036E-02, 6.145454545454547E-01, -1.0
-1.204127285634609E-02, 5.120758536942691E-01,  1.0
 6.727272727272739E-02, 6.309090909090911E-01, -1.0
-1.180536477015156E-04, 5.279921397725985E-01,  1.0
 5.885779620634374E-02, 6.748730886159010E-01, -1.0
-1.272727272727262E-02, 5.473944217362097E-01,  1.0
 6.188379411321343E-02, 6.636363636363638E-01, -1.0
-9.589691184202396E-03, 7.418181818181820E-01,  1.0
 4.727272727272739E-02, 6.600000000000001E-01, -1.0
-8.898130571821303E-05, 7.482886873462491E-01,  1.0
 1.683627779009009E-02, 7.963636363636366E-01, -1.0
-1.272727272727262E-02, 7.545454545454547E-01,  1.0
 7.272727272727384E-03, 7.927272727272729E-01, -1.0
 1.272727272727274E-01, 8.593564152889449E-01,  1.0
-1.272727272727262E-02, 8.229094388602842E-01, -1.0
 1.251990152652005E-01, 8.477175113734409E-01,  1.0
-1.272727272727262E-02, 8.254545454545457E-01, -1.0
 5.997387905718238E-02, 8.636363636363639E-01,  1.0
-1.272727272727262E-02, 8.818181818181821E-01, -1.0
 4.727272727272739E-02, 8.800000000000002E-01,  1.0
-3.454545454545444E-02,-9.000000000000000E-01,  1.0
 7.989517570239686E-02,-8.618181818181818E-01, -1.0
-3.454545454545444E-02,-8.836363636363637E-01,  1.0
 8.545454545454556E-02,-8.454545454545455E-01, -1.0
 4.007935463826421E-02,-8.072727272727273E-01,  1.0
 8.545454545454556E-02,-8.490909090909091E-01, -1.0
-3.804593370359992E-02,-7.909090909090909E-01,  1.0
 1.054545454545456E-01,-8.127272727272727E-01, -1.0
 2.545454545454556E-02,-7.345454545454545E-01,  1.0
 1.054545454545456E-01,-8.000797133969350E-01, -1.0
 1.227430923981786E-01,-6.845828851633502E-01,  1.0
 4.545454545454557E-02,-7.000000000000000E-01, -1.0
 8.592671630927688E-02,-7.018181818181818E-01,  1.0
 4.545454545454557E-02,-6.881897127901945E-01, -1.0
 9.509048426252591E-02,-7.046703086474895E-01,  1.0
 9.343736795580206E-02,-6.072727272727272E-01, -1.0
 4.545454545454557E-02,-5.890909090909091E-01,  1.0
 2.545454545454556E-02,-6.071748339988491E-01, -1.0
 4.545454545454557E-02,-5.863071281846307E-01,  1.0
 5.454545454545563E-03,-5.145454545454545E-01, -1.0
 8.470014877043391E-02,-4.845802238348460E-01,  1.0
-1.454545454545444E-02,-5.134126600696240E-01, -1.0
 8.545454545454556E-02,-4.962267464505810E-01,  1.0
-2.065243652839816E-02,-5.018181818181817E-01, -1.0
 5.454545454545563E-03,-4.036363636363636E-01,  1.0
-8.782172270000293E-03,-5.054545454545455E-01, -1.0
 1.944369135472020E-03,-3.954114290899217E-01,  1.0
 5.454545454545563E-03,-5.009328070068989E-01, -1.0
 5.454545454545563E-03,-4.109090909090909E-01,  1.0
 6.345032221756891E-02,-3.527272727272727E-01, -1.0
 5.454545454545563E-03,-3.945454545454545E-01,  1.0
 6.545454545454557E-02,-3.563636363636363E-01, -1.0
 1.682222359358154E-02,-2.781818181818181E-01,  1.0
 6.545454545454557E-02,-3.400000000000000E-01, -1.0
 2.545454545454556E-02,-2.677974789365949E-01,  1.0
 6.071756755523073E-02,-3.442886839062911E-01, -1.0
 4.392453417253427E-02,-1.906118548597401E-01,  1.0
-1.798338101882660E-02,-2.128655280289602E-01, -1.0
 4.545454545454557E-02,-1.797532378451365E-01,  1.0
 2.006745040734430E-03,-1.312777057395161E-01, -1.0
 5.875876177711038E-02,-1.727272727272726E-01,  1.0
-1.454545454545444E-02,-1.345454545454544E-01, -1.0
 7.035511001106011E-02,-1.563636363636363E-01,  1.0
-3.454545454545444E-02,-1.381818181818181E-01, -1.0
 6.545454545454557E-02,-1.599999999999999E-01,  1.0
 1.254545454545455E-01,-6.181818181818172E-02, -1.0
 2.545454545454556E-02,-5.611755149662325E-02,  1.0
 1.254545454545455E-01,-1.011889937731263E-02, -1.0
 4.545454545454557E-02,-4.727272727272717E-02,  1.0
-3.243192712746185E-02, 5.090909090909102E-02, -1.0
 3.374493846485239E-02,-5.809189967422900E-02,  1.0
 1.254545454545455E-01, 7.272727272727384E-03, -1.0
 2.422009748214728E-02,-4.597712004349817E-02,  1.0
 1.624197521896194E-02, 4.363636363636375E-02, -1.0
 6.309080776977424E-02, 1.218181818181819E-01,  1.0
-3.454545454545444E-02, 5.016144824714953E-02, -1.0
 6.545454545454557E-02, 1.181818181818183E-01,  1.0
-3.031015521694080E-02, 6.559060620033919E-02, -1.0
 2.545454545454556E-02, 1.578619592002052E-01,  1.0
 1.054545454545456E-01, 2.327272727272729E-01, -1.0
-1.454545454545444E-02, 1.709090909090910E-01,  1.0
 6.545454545454557E-02, 2.490909090909093E-01, -1.0
-1.454545454545444E-02, 1.672727272727274E-01,  1.0
 8.545454545454556E-02, 2.454545454545456E-01, -1.0
-1.454545454545444E-02, 1.836363636363637E-01,  1.0
 8.545454545454556E-02, 2.618181818181819E-01, -1.0
 5.454545454545563E-03, 3.092471707542129E-01,  1.0
-1.454545454545444E-02, 3.581818181818184E-01, -1.0
 5.454545454545563E-03, 3.163636363636365E-01,  1.0
 8.545454545454556E-02, 3.345454545454547E-01, -1.0
 4.055443955053955E-02, 3.927272727272729E-01,  1.0
 6.905619930397902E-02, 3.309090909090910E-01, -1.0
 2.545454545454556E-02, 3.923878480089058E-01,  1.0
 9.677356441038401E-02, 4.272727272727274E-01, -1.0
 5.454545454545563E-03, 5.054545454545456E-01,  1.0
 9.775820063012103E-02, 4.836363636363638E-01, -1.0
 5.454545454545563E-03, 5.018181818181819E-01,  1.0
 9.110510847253546E-02, 4.824242314549681E-01, -1.0
 5.454545454545563E-03, 5.114469608899680E-01,  1.0
 6.545454545454557E-02, 5.963636363636367E-01, -1.0
 5.454545454545563E-03, 4.980568893675610E-01,  1.0
 6.545454545454557E-02, 6.127272727272729E-01, -1.0
-4.724646195109003E-03, 5.340392578311471E-01,  1.0
 5.012078084359175E-02, 6.685605419301174E-01, -1.0
 5.454545454545563E-03, 5.472727272727274E-01,  1.0
 6.545454545454557E-02, 6.500683820991056E-01, -1.0
 1.254331767011745E-01, 5.836363636363637E-01,  1.0
 8.545454545454556E-02, 6.816119630982093E-01, -1.0
 1.559580008956246E-02, 7.400000000000002E-01,  1.0
 8.545454545454556E-02, 6.781818181818183E-01, -1.0
 5.454545454545563E-03, 7.563636363636366E-01,  1.0
-6.077620779268920E-03, 8.120530847647860E-01, -1.0
 1.078583522432715E-01, 8.327272727272730E-01,  1.0
 5.454545454545563E-03, 8.109090909090911E-01, -1.0
 1.254545454545455E-01, 8.298474279893884E-01,  1.0
-1.454545454545444E-02, 8.174739052352108E-01, -1.0
 1.254545454545455E-01, 8.454545454545457E-01,  1.0
 2.728539054310834E-02, 9.025145161924890E-01, -1.0
 1.254545454545455E-01, 8.418181818181820E-01,  1.0
-1.454545454545444E-02, 8.935370351479498E-01, -1.0
 8.363636363636374E-02,-8.600000000000000E-01, -1.0
-1.636363636363625E-02,-8.818181818181818E-01,  1.0
 8.363636363636374E-02,-8.550350158701048E-01, -1.0
 5.466031059846601E-02,-7.854545454545454E-01,  1.0
 8.363636363636374E-02,-8.472727272727273E-01, -1.0
 5.902980979199670E-02,-7.842055460607897E-01,  1.0
 1.036363636363637E-01,-8.453159994457839E-01, -1.0
-1.212588234383148E-02,-7.727272727272727E-01,  1.0
 8.669903581417743E-02,-7.817339082001985E-01, -1.0
 8.363636363636374E-02,-6.963636363636363E-01,  1.0
 1.149692907286359E-01,-7.781818181818182E-01, -1.0
 8.363636363636374E-02,-7.003665506125031E-01,  1.0
 4.363636363636375E-02,-6.818181818181818E-01, -1.0
 8.363636363636374E-02,-7.036363636363636E-01,  1.0
 9.826398843939614E-02,-5.968666889953806E-01, -1.0
 4.363636363636375E-02,-5.872727272727272E-01,  1.0
 1.036363636363637E-01,-6.227361043533262E-01, -1.0
 4.363636363636375E-02,-5.791735514580217E-01,  1.0
 1.036363636363637E-01,-6.127272727272728E-01, -1.0
 8.363636363636374E-02,-4.945454545454545E-01,  1.0
-1.636363636363625E-02,-4.998117913556716E-01, -1.0
 9.384010964952599E-02,-4.981818181818182E-01,  1.0
-1.636363636363625E-02,-5.157437109355754E-01, -1.0
 6.744011834252864E-02,-4.818181818181817E-01,  1.0
-1.636363636363625E-02,-5.036363636363637E-01, -1.0
 8.363636363636374E-02,-4.854545454545455E-01,  1.0
 1.436363636363637E-01,-3.872727272727272E-01, -1.0
 8.363636363636374E-02,-4.890909090909091E-01,  1.0
 5.648821114552532E-02,-3.509090909090908E-01, -1.0
 4.363636363636375E-02,-4.377435831925542E-01,  1.0
 6.363636363636375E-02,-3.563593814287512E-01, -1.0
 3.636363636363747E-03,-2.779732004889928E-01,  1.0
 8.363636363636374E-02,-3.202228176651313E-01, -1.0
 1.236363636363637E-01,-3.038346904629332E-01,  1.0
 8.363636363636374E-02,-3.218181818181818E-01, -1.0
 4.363636363636375E-02,-2.091979696057806E-01,  1.0
 1.385824460550893E-01,-2.541317298683909E-01, -1.0
 4.363636363636375E-02,-1.672727272727272E-01,  1.0
 1.236363636363637E-01,-2.586868787325740E-01, -1.0
 5.934574513997459E-02,-1.835713019101979E-01,  1.0
-1.636363636363625E-02,-1.527272727272726E-01, -1.0
 6.363636363636375E-02,-1.545454545454545E-01,  1.0
 1.000100126571506E-01,-7.167097119230410E-02, -1.0
 6.363636363636375E-02,-1.422519561586003E-01,  1.0
 1.134168154679443E-01,-6.959987978335609E-02, -1.0
 3.663673493213559E-02,-4.181818181818172E-02,  1.0
 1.436363636363637E-01,-1.881054498024460E-02, -1.0
 3.410503236749806E-02,-4.545454545454536E-02,  1.0
 1.236363636363637E-01, 1.104569776181570E-02, -1.0
 2.363636363636375E-02,-4.909090909090899E-02,  1.0
 1.236363636363637E-01, 9.090909090909200E-03, -1.0
 2.363636363636375E-02,-5.272727272727262E-02,  1.0
 3.636363636363747E-03, 4.545454545454557E-02, -1.0
 6.363636363636375E-02, 1.236363636363637E-01,  1.0
 3.636363636363747E-03, 6.181818181818193E-02, -1.0
 7.213167594989427E-02, 1.196505996616343E-01,  1.0
-1.636363636363625E-02, 5.818181818181834E-02, -1.0
 6.363636363636375E-02, 1.203382582882103E-01,  1.0
-1.636363636363625E-02, 7.454545454545469E-02, -1.0
 3.636363636363747E-03, 1.527272727272729E-01,  1.0
 8.363636363636374E-02, 2.509090909090911E-01, -1.0
 1.860457812583381E-02, 1.490909090909092E-01,  1.0
 7.015981049646457E-02, 2.472727272727274E-01, -1.0
-1.636363636363625E-02, 1.854545454545455E-01,  1.0
 8.171318612612208E-02, 2.436363636363638E-01, -1.0
 3.636363636363747E-03, 3.218181818181820E-01,  1.0
 8.363636363636374E-02, 2.600000000000001E-01, -1.0
 8.817787750695293E-03, 3.129164065119531E-01,  1.0
 8.363636363636374E-02, 3.277575353868839E-01, -1.0
 1.436363636363637E-01, 3.545454545454547E-01,  1.0
 8.363636363636374E-02, 3.408702392708424E-01, -1.0
 2.363636363636375E-02, 3.909090909090911E-01,  1.0
 8.381082629244201E-02, 4.290909090909093E-01, -1.0
 2.363636363636375E-02, 4.072727272727274E-01,  1.0
 8.363636363636374E-02, 4.254545454545456E-01, -1.0
 2.363636363636375E-02, 4.985823423479962E-01,  1.0
 8.363636363636374E-02, 4.889334348863313E-01, -1.0
 3.636363636363747E-03, 4.991739460350990E-01,  1.0
 6.363636363636375E-02, 5.981818181818185E-01, -1.0
 3.636363636363747E-03, 4.963636363636366E-01,  1.0
 5.603381370463282E-02, 6.145454545454547E-01, -1.0
 3.636363636363747E-03, 5.527272727272728E-01,  1.0
 6.363636363636375E-02, 6.109090909090911E-01, -1.0
-1.636363636363625E-02, 5.690909090909092E-01,  1.0
 4.363636363636375E-02, 6.634594480910841E-01, -1.0
 1.231149265851387E-01, 5.736753564889937E-01,  1.0
 1.036363636363637E-01, 6.836363636363638E-01, -1.0
 3.636363636363747E-03, 7.418181818181820E-01,  1.0
 1.036363636363637E-01, 6.784865257649477E-01, -1.0
 3.636363636363747E-03, 7.581818181818184E-01,  1.0
 1.036363636363637E-01, 6.963636363636365E-01, -1.0
 8.946177053276173E-02, 8.145454545454548E-01,  1.0
 3.636363636363747E-03, 7.927272727272729E-01, -1.0
 1.236363636363637E-01, 8.309090909090912E-01,  1.0
 3.636363636363747E-03, 7.890909090909093E-01, -1.0
 1.236363636363637E-01, 8.472727272727275E-01,  1.0
 4.363636363636375E-02, 7.454545454545456E-01, -1.0
 1.457068042408401E-01, 8.436363636363639E-01,  1.0
 3.636363636363747E-03, 9.055173061552317E-01, -1.0
 1.478533026308553E-01, 8.449329543171502E-01,  1.0
 1.069915094983443E-01,-9.164634694473016E-01,  1.0
 8.153919205187049E-02,-8.618181818181818E-01, -1.0
 1.818181818181924E-03,-9.057848186552193E-01,  1.0
 6.976585102629576E-02,-8.454545454545455E-01, -1.0
 7.220310256316993E-02,-7.872727272727272E-01,  1.0
 1.218181818181819E-01,-8.065033594667352E-01, -1.0
 4.946886807344156E-02,-7.987160106279599E-01,  1.0
 1.241356471263750E-01,-7.980196521302786E-01, -1.0
 9.583184746819094E-02,-6.945454545454545E-01,  1.0
 1.129387616225876E-01,-7.763636363636364E-01, -1.0
 1.018181818181819E-01,-6.981818181818181E-01,  1.0
 4.181818181818193E-02,-6.799999999999999E-01, -1.0
 1.018181818181819E-01,-7.018181818181818E-01,  1.0
 1.086558392773812E-01,-6.236363636363635E-01, -1.0
 1.418181818181819E-01,-6.854545454545454E-01,  1.0
 1.070730847055173E-01,-6.072727272727272E-01, -1.0
 4.181818181818193E-02,-5.890909090909091E-01,  1.0
 1.018181818181819E-01,-6.122019423464949E-01, -1.0
 1.418181818181819E-01,-5.576908897781346E-01,  1.0
 1.018181818181819E-01,-6.107365024204415E-01, -1.0
 8.181818181818193E-02,-4.963636363636363E-01,  1.0
 1.218181818181819E-01,-5.134923807432601E-01, -1.0
 8.081186717483410E-02,-4.799999999999999E-01,  1.0
 1.218181818181819E-01,-5.150409758782901E-01, -1.0
 9.593478214992150E-02,-4.822686949824673E-01,  1.0
 2.358898498428851E-02,-4.854545454545455E-01, -1.0
 8.181818181818193E-02,-4.884727082118087E-01,  1.0
 4.956165911854124E-02,-3.490909090909090E-01, -1.0
 8.181818181818193E-02,-4.709090909090909E-01,  1.0
 5.870585274121228E-02,-3.527272727272727E-01, -1.0
 8.181818181818193E-02,-4.416245212483737E-01,  1.0
 6.181818181818193E-02,-3.563636363636363E-01, -1.0
 1.281316801398434E-01,-3.052478269725385E-01,  1.0
 6.355683265668335E-02,-3.400000000000000E-01, -1.0
 2.237245772513944E-02,-2.418181818181817E-01,  1.0
 1.218181818181819E-01,-2.636363636363636E-01, -1.0
 4.181818181818193E-02,-1.981730081763272E-01,  1.0
 1.578004269481718E-01,-2.472727272727272E-01, -1.0
 5.762739915600363E-02,-1.970012167208857E-01,  1.0
 1.218181818181819E-01,-2.494044852175693E-01, -1.0
 6.181818181818193E-02,-1.527272727272726E-01,  1.0
 1.818181818181924E-03,-1.345454545454544E-01, -1.0
 8.181818181818193E-02,-1.563636363636363E-01,  1.0
 1.218181818181819E-01,-7.818181818181812E-02, -1.0
 8.248203044232563E-02,-1.599999999999999E-01,  1.0
 1.618181818181819E-01,-7.118785385803469E-02, -1.0
 4.181818181818193E-02,-4.481944308224284E-02,  1.0
 1.077079357500999E-01,-8.385615884030470E-02, -1.0
 4.181818181818193E-02,-5.412012958913638E-02,  1.0
 1.267348020129422E-01, 1.090909090909102E-02, -1.0
 4.181818181818193E-02,-5.090909090909081E-02,  1.0
 1.061419499328167E-01, 7.272727272727384E-03, -1.0
 7.807100522168685E-02, 1.236015980796256E-01,  1.0
-1.600130915602626E-02, 5.625037876113794E-02, -1.0
 6.557924412736875E-02, 1.289936775846550E-01,  1.0
 2.181818181818192E-02, 4.000000000000013E-02, -1.0
 8.181818181818193E-02, 1.154653932704005E-01,  1.0
 1.502356585243874E-01, 3.636363636363651E-02, -1.0
 8.193180918911602E-02, 1.345454545454547E-01,  1.0
 1.018181818181819E-01, 2.327272727272729E-01, -1.0
 1.818181818181924E-03, 1.674564823476939E-01,  1.0
 7.742869170899613E-02, 2.490909090909093E-01, -1.0
 7.040467470649336E-02, 1.272727272727273E-01,  1.0
 8.312893434039860E-02, 2.454545454545456E-01, -1.0
 1.418181818181819E-01, 3.141747066598450E-01,  1.0
 8.181818181818193E-02, 2.618181818181819E-01, -1.0
 1.458711702235914E-02, 3.081366284934364E-01,  1.0
 8.181818181818193E-02, 3.381818181818184E-01, -1.0
 1.418181818181819E-01, 3.563636363636365E-01,  1.0
 8.177335337503906E-02, 3.549351460162299E-01, -1.0
 1.418181818181819E-01, 3.495158301066644E-01,  1.0
 8.294994392926057E-02, 4.109090909090911E-01, -1.0
 4.181818181818193E-02, 3.900649546455979E-01,  1.0
 8.181818181818193E-02, 4.272727272727274E-01, -1.0
 1.818181818181924E-03, 5.054545454545456E-01,  1.0
 8.181818181818193E-02, 4.436363636363638E-01, -1.0
 4.102593583407318E-02, 4.816863419419186E-01,  1.0
 8.181818181818193E-02, 4.968194781644928E-01, -1.0
 1.618181818181819E-01, 5.381818181818184E-01,  1.0
 5.937781602168831E-02, 5.963636363636367E-01, -1.0
 1.618181818181819E-01, 5.184586846644023E-01,  1.0
 6.181818181818193E-02, 6.011389091203274E-01, -1.0
 1.521963048240943E-01, 5.661373957677478E-01,  1.0
 6.181818181818193E-02, 6.690909090909093E-01, -1.0
 1.418181818181819E-01, 5.739395918730101E-01,  1.0
 6.181818181818193E-02, 6.654545454545456E-01, -1.0
 1.218181818181819E-01, 6.001600579410793E-01,  1.0
 9.123386750101706E-02, 6.818181818181820E-01, -1.0
 4.502165636260023E-03, 7.490370226694301E-01,  1.0
 9.938087833498410E-02, 6.781818181818183E-01, -1.0
 1.222289874033007E-01, 8.363636363636366E-01,  1.0
 1.018181818181819E-01, 6.945454545454547E-01, -1.0
 1.418181818181819E-01, 8.462698938478713E-01,  1.0
 9.960115230705432E-02, 7.109090909090910E-01, -1.0
 1.418181818181819E-01, 8.290909090909093E-01,  1.0
 5.952045519739513E-02, 7.488162068027879E-01, -1.0
 1.609065226771688E-01, 8.293553715371345E-01,  1.0
 2.181818181818192E-02, 9.036363636363639E-01, -1.0
 1.618181818181819E-01, 8.418181818181820E-01,  1.0
 1.117455592491223E-02, 9.131541262165427E-01, -1.0
 8.000000000000013E-02,-8.600000000000000E-01, -1.0
 1.000000000000001E-01,-9.139334224995493E-01,  1.0
 7.800124713030017E-02,-8.636363636363636E-01, -1.0
 1.086098640701943E-01,-9.254545454545455E-01,  1.0
 1.200000000000001E-01,-8.050782146184057E-01, -1.0
 4.000000000000013E-02,-7.890909090909091E-01,  1.0
 1.200000000000001E-01,-8.013325757463626E-01, -1.0
 2.000000000000002E-01,-7.084523106165095E-01,  1.0
 1.289986469163482E-01,-7.945454545454546E-01, -1.0
 8.460119527403352E-02,-7.116427713519490E-01,  1.0
 1.316146685835059E-01,-7.953324148143418E-01, -1.0
 9.038158714677537E-02,-7.000000000000000E-01,  1.0
 1.000000000000001E-01,-6.099110471942070E-01, -1.0
 1.400000000000001E-01,-6.962187784687313E-01,  1.0
 1.000000000000001E-01,-6.054545454545454E-01, -1.0
 2.615470091255116E-02,-5.872727272727272E-01,  1.0
 1.000000000000001E-01,-6.242165680759304E-01, -1.0
 1.562848046954838E-01,-5.593583802459587E-01,  1.0
 1.146295270001702E-01,-6.127272727272728E-01, -1.0
 1.708367885150484E-01,-5.745454545454546E-01,  1.0
 1.268831564278862E-01,-5.163636363636364E-01, -1.0
 8.000000000000013E-02,-4.981818181818182E-01,  1.0
 1.400000000000001E-01,-4.999999999999999E-01, -1.0
 8.000000000000013E-02,-4.818181818181818E-01,  1.0
 1.600000000000001E-01,-4.236363636363636E-01, -1.0
 9.431285567221562E-02,-4.854545454545455E-01,  1.0
 1.600000000000001E-01,-3.859325958232749E-01, -1.0
 9.759595382311602E-02,-4.690909090909091E-01,  1.0
 1.600000000000001E-01,-3.732752763974343E-01, -1.0
 1.342717127560030E-01,-3.127272727272726E-01,  1.0
 6.068178213432632E-02,-3.392431514194698E-01, -1.0
 1.200000000000001E-01,-3.163636363636363E-01,  1.0
 6.068019465363208E-02,-3.581818181818182E-01, -1.0
 1.200000000000001E-01,-3.200000000000000E-01,  1.0
 1.335521514157499E-01,-2.618181818181817E-01, -1.0
 4.000000000000013E-02,-2.036363636363635E-01,  1.0
 1.400000000000001E-01,-2.654545454545454E-01, -1.0
 4.000000000000013E-02,-2.072727272727272E-01,  1.0
 1.400000000000001E-01,-2.290909090909090E-01, -1.0
 8.000000000000013E-02,-1.709090909090908E-01,  1.0
 1.391544006435149E-01,-2.462805707594154E-01, -1.0
 8.000000000000013E-02,-1.545454545454545E-01,  1.0
 1.400000000000001E-01,-7.636363636363629E-02, -1.0
 6.914175696083631E-02,-1.581818181818181E-01,  1.0
 1.442603481025188E-01,-5.999999999999992E-02, -1.0
 4.000000000000013E-02,-4.490398502154666E-02,  1.0
 1.400000000000001E-01,-3.636363636363538E-03, -1.0
 3.848818932707481E-02,-4.545454545454536E-02,  1.0
 1.204307130181339E-01,-7.272727272727169E-03, -1.0
 3.565454609001575E-02,-3.932343161904702E-02,  1.0
 1.400000000000001E-01, 9.090909090909200E-03, -1.0
 8.000000000000013E-02, 8.637066730339714E-02,  1.0
 1.339655264950321E-01, 2.352257938786736E-03, -1.0
 7.076918648538480E-02, 1.277916066705949E-01,  1.0
 1.699915986675007E-01, 6.992153524042002E-02, -1.0
 8.000000000000013E-02, 1.200000000000001E-01,  1.0
 1.800000000000002E-01, 1.490615349317818E-01, -1.0
 8.000000000000013E-02, 1.227628960810191E-01,  1.0
 1.800000000000002E-01, 1.375729785558129E-01, -1.0
 8.000000000000013E-02, 1.327272727272728E-01,  1.0
 7.043043146564533E-02, 2.509090909090911E-01, -1.0
 6.000000000000013E-02, 1.290909090909091E-01,  1.0
 1.000000000000001E-01, 2.472727272727274E-01, -1.0
 1.399701447145024E-01, 3.049432346826318E-01,  1.0
 8.000000000000013E-02, 2.590668329424540E-01, -1.0
 1.400000000000001E-01, 3.018181818181820E-01,  1.0
 8.000000000000013E-02, 2.555547699400648E-01, -1.0
 1.400000000000001E-01, 2.981818181818183E-01,  1.0
 8.000000000000013E-02, 3.363636363636365E-01, -1.0
 2.423704297106838E-02, 3.762706857464981E-01,  1.0
 8.000000000000013E-02, 3.438153513943972E-01, -1.0
 3.094015853715357E-02, 3.884574809362345E-01,  1.0
 9.975715551335873E-02, 4.290909090909093E-01, -1.0
 1.400000000000001E-01, 3.672727272727274E-01,  1.0
 8.000000000000013E-02, 4.254545454545456E-01, -1.0
 4.000000000000013E-02, 4.636363636363638E-01,  1.0
 8.000000000000013E-02, 4.818181818181819E-01, -1.0
 1.600000000000001E-01, 5.200000000000002E-01,  1.0
 8.000000000000013E-02, 5.008085252542575E-01, -1.0
 1.728303236291786E-01, 5.381881435503770E-01,  1.0
 7.252630110963994E-02, 6.148775863354764E-01, -1.0
 1.600000000000001E-01, 5.327272727272728E-01,  1.0
 6.000000000000013E-02, 6.140686270002178E-01, -1.0
 1.600000000000001E-01, 5.490730552568214E-01,  1.0
 6.000000000000013E-02, 6.672727272727275E-01, -1.0
 1.400000000000001E-01, 6.007091154109495E-01,  1.0
 9.362858935200630E-02, 6.836363636363638E-01, -1.0
 1.400000000000001E-01, 5.818181818181819E-01,  1.0
 8.718034110837844E-02, 6.800000000000002E-01, -1.0
 1.800000000000002E-01, 7.937254771202676E-01,  1.0
 8.696120522887422E-02, 6.963636363636365E-01, -1.0
 1.602130446525504E-01, 8.345454545454548E-01,  1.0
 9.858928852534206E-02, 6.927272727272729E-01, -1.0
 1.600000000000001E-01, 8.309090909090912E-01,  1.0
 1.214306433183765E-16, 7.990357960770117E-01, -1.0
 1.600000000000001E-01, 8.272727272727275E-01,  1.0
 2.757072361448155E-02, 9.054545454545457E-01, -1.0
 1.598529339773474E-01, 8.436363636363639E-01,  1.0
 2.000000000000012E-02, 9.133487680132251E-01, -1.0
 1.590237293181088E-01, 8.400000000000002E-01,  1.0
 1.181818181818183E-01,-9.214370325414286E-01,  1.0
 1.981818181818184E-01,-8.618181818181818E-01, -1.0
 1.181818181818183E-01,-9.036363636363637E-01,  1.0
 7.818181818181832E-02,-8.454545454545455E-01, -1.0
 3.818181818181832E-02,-7.782576912878149E-01,  1.0
 1.821721294957061E-01,-8.490909090909091E-01, -1.0
 1.788160275870612E-01,-7.509090909090909E-01,  1.0
 1.181818181818183E-01,-7.941933391426200E-01, -1.0
 9.818181818181831E-02,-6.945454545454545E-01,  1.0
 1.181818181818183E-01,-7.963636363636364E-01, -1.0
 1.537541647328494E-01,-6.781818181818181E-01,  1.0
 1.182450995157147E-01,-7.800000000000000E-01, -1.0
 1.381818181818183E-01,-6.811442944582153E-01,  1.0
 9.818181818181831E-02,-6.036363636363635E-01, -1.0
 1.381818181818183E-01,-6.863420145177553E-01,  1.0
 1.122828667406955E-01,-5.989684783629314E-01, -1.0
 3.818181818181832E-02,-5.834495093907542E-01,  1.0
 9.818181818181833E-02,-6.109090909090910E-01, -1.0
 1.981818181818184E-01,-5.727272727272728E-01,  1.0
 9.562112852180803E-02,-6.145454545454546E-01, -1.0
 1.981818181818184E-01,-5.763636363636364E-01,  1.0
 1.381818181818183E-01,-5.107534475184066E-01, -1.0
 7.818181818181832E-02,-4.999999999999999E-01,  1.0
 1.688592358923653E-01,-4.418181818181817E-01, -1.0
 7.818181818181832E-02,-4.836363636363636E-01,  1.0
 1.681868325128885E-01,-4.254545454545454E-01, -1.0
 7.818181818181834E-02,-4.541193819001003E-01,  1.0
 1.581818181818183E-01,-3.864642593046368E-01, -1.0
 8.398154868454070E-02,-4.574883419498643E-01,  1.0
 1.581818181818183E-01,-3.885632014830657E-01, -1.0
 1.251515417445461E-01,-3.145454545454545E-01,  1.0
 1.381818181818183E-01,-3.763636363636363E-01, -1.0
 1.213193167658888E-01,-3.181818181818181E-01,  1.0
 1.181818181818183E-01,-2.599999999999999E-01, -1.0
 1.381818181818183E-01,-3.018181818181818E-01,  1.0
 1.381818181818183E-01,-2.274808434888641E-01, -1.0
 5.818181818181833E-02,-1.854545454545453E-01,  1.0
 1.390348382085420E-01,-2.472727272727272E-01, -1.0
 7.818181818181834E-02,-1.581293024549110E-01,  1.0
 1.454812471782827E-01,-2.309090909090909E-01, -1.0
 1.381818181818183E-01,-1.527272727272726E-01,  1.0
 1.581818181818183E-01,-2.345454545454545E-01, -1.0
 1.381818181818183E-01,-1.411492519389994E-01,  1.0
 1.581818181818183E-01,-5.818181818181812E-02, -1.0
 3.818181818181832E-02,-5.532463421711247E-02,  1.0
 1.750534087440589E-01,-6.181818181818172E-02, -1.0
 7.197420810846646E-02,-7.195020554482877E-02,  1.0
 1.396379089891212E-01,-5.454545454545354E-03, -1.0
 3.818181818181832E-02,-4.920154937616029E-02,  1.0
 1.381818181818183E-01, 1.090909090909102E-02, -1.0
 8.771261258648788E-02, 8.909090909090919E-02,  1.0
 1.381818181818183E-01,-6.562194284486103E-03, -1.0
 7.818181818181834E-02, 1.054545454545456E-01,  1.0
 1.381818181818183E-01, 2.363636363636375E-02, -1.0
 7.818181818181832E-02, 1.218181818181819E-01,  1.0
 1.781818181818184E-01, 8.000000000000013E-02, -1.0
 7.560201719226510E-02, 1.381818181818183E-01,  1.0
 1.781818181818184E-01, 1.499079936074479E-01, -1.0
 6.424520478712917E-02, 1.345454545454547E-01,  1.0
 1.781818181818184E-01, 1.527272727272729E-01, -1.0
 7.818181818181832E-02, 1.309090909090910E-01,  1.0
 9.818181818181833E-02, 2.490909090909093E-01, -1.0
 1.581818181818183E-01, 3.072727272727275E-01,  1.0
 9.818181818181833E-02, 2.385669700949713E-01, -1.0
 1.581818181818183E-01, 2.988858643521252E-01,  1.0
 1.088271542976990E-01, 2.418181818181819E-01, -1.0
 1.581818181818183E-01, 2.936789335853262E-01,  1.0
 7.818181818181832E-02, 3.402897107081113E-01, -1.0
 1.581818181818183E-01, 3.136083349034248E-01,  1.0
 7.818181818181832E-02, 3.391002455001584E-01, -1.0
 1.381818181818183E-01, 3.644514340898892E-01,  1.0
 1.476370591943447E-01, 3.754896391476419E-01, -1.0
 1.670643261687261E-01, 3.810787099120501E-01,  1.0
 9.955963798180949E-02, 4.181195590926440E-01, -1.0
 2.679429350607557E-02, 4.854545454545456E-01,  1.0
 9.818181818181831E-02, 4.949069057296778E-01, -1.0
 2.010633845523254E-01, 4.418181818181819E-01,  1.0
 9.818181818181831E-02, 4.847379922056966E-01, -1.0
 1.781818181818184E-01, 5.381818181818184E-01,  1.0
 5.818181818181834E-02, 5.963636363636367E-01, -1.0
 1.581818181818183E-01, 5.194852238498953E-01,  1.0
 8.429593208895821E-02, 6.148645362274059E-01, -1.0
 1.981818181818184E-01, 5.509090909090910E-01,  1.0
 8.245514404324121E-02, 6.941612604515511E-01, -1.0
 1.381818181818183E-01, 5.672727272727274E-01,  1.0
 9.818181818181833E-02, 6.854545454545456E-01, -1.0
 1.981818181818184E-01, 5.836363636363637E-01,  1.0
 1.014327170912508E-01, 6.835952477226792E-01, -1.0
 1.893333135688221E-01, 7.800000000000002E-01,  1.0
 9.818181818181831E-02, 6.781818181818183E-01, -1.0
 1.581818181818183E-01, 8.363636363636366E-01,  1.0
 9.818181818181833E-02, 6.945454545454547E-01, -1.0
 1.624996891792856E-01, 8.327272727272730E-01,  1.0
 9.818181818181831E-02, 6.909090909090910E-01, -1.0
 1.581818181818183E-01, 8.290909090909093E-01,  1.0
 5.818181818181834E-02, 7.641795175075434E-01, -1.0
 1.602621023318223E-01, 8.454545454545457E-01,  1.0
 3.818181818181832E-02, 9.211357015959245E-01, -1.0
 1.569671867543804E-01, 8.418181818181820E-01,  1.0
 1.818181818181832E-02, 9.400000000000003E-01, -1.0
 1.963636363636365E-01,-8.600000000000000E-01, -1.0
 1.163636363636365E-01,-9.218181818181819E-01,  1.0
 1.775630241435269E-01,-8.436363636363636E-01, -1.0
 1.163636363636365E-01,-9.049342899442157E-01,  1.0
 2.018349793722029E-01,-8.672727272727273E-01, -1.0
 1.682895432840664E-01,-7.290909090909090E-01,  1.0
 1.734914672077262E-01,-8.640867504281379E-01, -1.0
 1.806217235856487E-01,-7.327272727272727E-01,  1.0
 1.163636363636365E-01,-7.945454545454546E-01, -1.0
 1.363636363636365E-01,-6.963636363636363E-01,  1.0
 1.163636363636365E-01,-7.965112931574447E-01, -1.0
 1.363636363636365E-01,-6.799999999999999E-01,  1.0
 1.163636363636365E-01,-7.618181818181818E-01, -1.0
 1.563636363636365E-01,-6.836363636363636E-01,  1.0
 9.636363636363650E-02,-6.054545454545454E-01, -1.0
 1.563636363636365E-01,-6.872727272727273E-01,  1.0
 9.636363636363650E-02,-6.122777014858368E-01, -1.0
 1.563636363636365E-01,-5.634462770124392E-01,  1.0
 1.040528118999550E-01,-6.111030464109936E-01, -1.0
 1.586138789413947E-01,-5.712742512133768E-01,  1.0
 1.363636363636365E-01,-5.163636363636364E-01, -1.0
 1.963636363636365E-01,-5.581818181818182E-01,  1.0
 1.363636363636365E-01,-5.169268006088563E-01, -1.0
 7.636363636363651E-02,-5.018181818181817E-01,  1.0
 1.516160766466010E-01,-4.236363636363636E-01, -1.0
 8.191315193271127E-02,-4.800827318363987E-01,  1.0
 1.563636363636365E-01,-4.232880454183920E-01, -1.0
 9.177005249795686E-02,-4.596570213658630E-01,  1.0
 1.576945233778633E-01,-3.709090909090909E-01, -1.0
 9.636363636363650E-02,-4.527272727272728E-01,  1.0
 1.563636363636365E-01,-3.745454545454545E-01, -1.0
 1.363636363636365E-01,-3.163636363636363E-01,  1.0
 7.636363636363651E-02,-3.581818181818182E-01, -1.0
 1.363636363636365E-01,-3.200000000000000E-01,  1.0
 1.038937982165062E-01,-2.628640468332101E-01, -1.0
 2.209389955085270E-01,-2.987686010716892E-01,  1.0
 1.399925775344802E-01,-2.472898510748177E-01, -1.0
 7.636363636363651E-02,-1.672727272727272E-01,  1.0
 1.630906714027997E-01,-2.312970734251266E-01, -1.0
 5.636363636363651E-02,-1.593100410284963E-01,  1.0
 1.563636363636365E-01,-2.160003650713053E-01, -1.0
 1.363636363636365E-01,-1.545454545454545E-01,  1.0
 1.563636363636365E-01,-2.261276296886378E-01, -1.0
 1.379658074277154E-01,-1.381818181818181E-01,  1.0
 1.763636363636365E-01,-5.999999999999992E-02, -1.0
 7.496432004227430E-02,-8.181818181818172E-02,  1.0
 1.363636363636365E-01,-3.636363636363538E-03, -1.0
 2.210991809111561E-01,-5.454545454545354E-03,  1.0
 1.363636363636365E-01, 7.624682110999688E-03, -1.0
 7.636363636363651E-02, 9.090909090909101E-02,  1.0
 1.363636363636365E-01,-1.090909090909080E-02, -1.0
 7.636363636363651E-02, 1.261291314802055E-01,  1.0
 1.363636363636365E-01, 5.454545454545563E-03, -1.0
 2.163636363636366E-01, 3.636363636363747E-03,  1.0
 1.733361060235441E-01, 8.181818181818193E-02, -1.0
 7.636363636363651E-02, 1.200000000000001E-01,  1.0
 1.722772550709775E-01, 1.381818181818183E-01, -1.0
 6.759035584852052E-02, 1.163636363636365E-01,  1.0
 1.763636363636365E-01, 1.407954842594808E-01, -1.0
 7.636363636363651E-02, 1.323568693092798E-01,  1.0
 9.636363636363650E-02, 2.309090909090911E-01, -1.0
 1.563636363636365E-01, 2.078790310829195E-01,  1.0
 9.636363636363650E-02, 2.354863501180048E-01, -1.0
 1.563636363636365E-01, 3.054545454545456E-01,  1.0
 2.163636363636366E-01, 2.532017276653766E-01, -1.0
 1.563636363636365E-01, 3.018181818181820E-01,  1.0
 6.934581623779897E-02, 2.619510959207625E-01, -1.0
 1.486049279040608E-01, 3.047985610038607E-01,  1.0
 1.763636363636365E-01, 3.363636363636365E-01, -1.0
 1.481396425529102E-01, 3.675122463897329E-01,  1.0
 9.636363636363650E-02, 4.297465405099398E-01, -1.0
 1.285544689192950E-01, 3.509090909090911E-01,  1.0
 9.697915586682322E-02, 4.090909090909093E-01, -1.0
 1.963636363636365E-01, 4.472727272727274E-01,  1.0
 9.020528613731113E-02, 4.254545454545456E-01, -1.0
 1.963636363636365E-01, 4.436363636363638E-01,  1.0
 9.636363636363650E-02, 4.818181818181819E-01, -1.0
 1.914848816744391E-01, 5.412608611960049E-01,  1.0
 9.636363636363650E-02, 4.981818181818184E-01, -1.0
 1.963636363636365E-01, 5.363636363636366E-01,  1.0
 1.017810480845781E-01, 6.145454545454547E-01, -1.0
 1.942335190432334E-01, 5.527272727272728E-01,  1.0
 7.636363636363651E-02, 6.109090909090911E-01, -1.0
 1.960731058115464E-01, 5.490909090909092E-01,  1.0
 9.636363636363650E-02, 6.872727272727275E-01, -1.0
 1.363636363636365E-01, 5.854545454545456E-01,  1.0
 9.636363636363650E-02, 6.944097448807010E-01, -1.0
 2.104857324300790E-01, 5.818181818181819E-01,  1.0
 9.636363636363650E-02, 6.800000000000002E-01, -1.0
 1.739120621662986E-01, 7.981818181818184E-01,  1.0
 9.636363636363650E-02, 6.763636363636365E-01, -1.0
 1.563636363636365E-01, 8.337495090531390E-01,  1.0
 9.636363636363650E-02, 6.927272727272729E-01, -1.0
 1.669370048915258E-01, 8.436776935848895E-01,  1.0
 9.117450347812495E-02, 7.290909090909092E-01, -1.0
 1.563636363636365E-01, 8.272727272727275E-01,  1.0
 6.952343332764743E-02, 7.654545454545456E-01, -1.0
 1.563636363636365E-01, 8.436363636363639E-01,  1.0
 1.279283776922645E-01, 9.818181818181821E-01, -1.0
 1.563636363636365E-01, 8.400000000000002E-01,  1.0
 1.145454545454547E-01,-9.144089145257467E-01,  1.0
 1.945454545454547E-01,-8.618181818181818E-01, -1.0
 1.145454545454547E-01,-9.249769774561112E-01,  1.0
 1.769795024600015E-01,-8.454545454545455E-01, -1.0
 1.020023485970925E-01,-9.033804779444065E-01,  1.0
 1.945454545454547E-01,-8.459379480284994E-01, -1.0
 1.945454545454547E-01,-7.109090909090908E-01,  1.0
 1.945454545454547E-01,-8.527272727272728E-01, -1.0
 1.945454545454547E-01,-7.190099834645759E-01,  1.0
 1.227519999197378E-01,-7.963636363636364E-01, -1.0
 1.945454545454547E-01,-7.266241676453247E-01,  1.0
 1.483494782349931E-01,-7.188578771584775E-01, -1.0
 1.545454545454547E-01,-6.818181818181818E-01,  1.0
 2.145454545454547E-01,-6.547243524961418E-01, -1.0
 1.547916241671054E-01,-6.932298810211117E-01,  1.0
 1.145454545454547E-01,-6.140235739106971E-01, -1.0
 1.501523464252050E-01,-6.890909090909092E-01,  1.0
 8.961254263199633E-02,-6.109090909090910E-01, -1.0
 2.145454545454547E-01,-5.927272727272728E-01,  1.0
 1.145454545454547E-01,-5.945454545454546E-01, -1.0
 1.945454545454547E-01,-5.763636363636364E-01,  1.0
 1.345454545454547E-01,-4.981818181818182E-01, -1.0
 1.902667140954107E-01,-5.599999999999999E-01,  1.0
 1.545454545454547E-01,-4.318169577820480E-01, -1.0
 1.745454545454547E-01,-4.436363636363636E-01,  1.0
 1.545454545454547E-01,-4.284931931824084E-01, -1.0
 8.634207095728044E-02,-4.710638702529141E-01,  1.0
 1.472820173231649E-01,-3.728831443746050E-01, -1.0
 1.145454545454547E-01,-4.591856091367704E-01,  1.0
 1.545454545454547E-01,-3.927272727272727E-01, -1.0
 1.945454545454547E-01,-3.190093868119264E-01,  1.0
 1.545454545454547E-01,-3.763636363636363E-01, -1.0
 1.345454545454547E-01,-3.181818181818181E-01,  1.0
 1.207015177627023E-01,-2.792462149676275E-01, -1.0
 2.236806369374652E-01,-2.818181818181817E-01,  1.0
 1.345454545454547E-01,-2.436363636363635E-01, -1.0
 1.533821971696088E-01,-1.454545454545453E-01,  1.0
 1.545454545454547E-01,-2.272727272727272E-01, -1.0
 7.454545454545469E-02,-1.490909090909090E-01,  1.0
 1.647573147318761E-01,-2.294106129355936E-01, -1.0
 1.545454545454547E-01,-1.542290574280052E-01,  1.0
 1.545454545454547E-01,-2.345454545454545E-01, -1.0
 1.545454545454547E-01,-1.370510817368712E-01,  1.0
 1.745454545454547E-01,-5.818181818181812E-02, -1.0
 1.545454545454547E-01,-1.399999999999999E-01,  1.0
 1.733073050938355E-01,-5.688382047011500E-02, -1.0
 7.454545454545469E-02,-6.363636363636355E-02,  1.0
 1.345454545454547E-01, 2.877440918232044E-03, -1.0
 2.259888075467887E-01,-4.908263920524059E-03,  1.0
 1.369621200499056E-01,-9.090909090908985E-03, -1.0
 2.145454545454547E-01,-1.090909090909080E-02,  1.0
 1.545454545454547E-01, 7.272727272727384E-03, -1.0
 2.345454545454548E-01, 1.286545026128252E-02,  1.0
 1.545454545454547E-01, 2.363636363636375E-02, -1.0
 7.454545454545469E-02, 1.343338996251154E-01,  1.0
 1.762121722356449E-01, 1.400000000000001E-01, -1.0
 7.454545454545469E-02, 1.158373397478137E-01,  1.0
 1.655015463487051E-01, 1.540708041189085E-01, -1.0
 2.545454545454547E-01, 1.775304399724928E-01,  1.0
 1.745454545454547E-01, 1.527272727272729E-01, -1.0
 1.738078097777662E-01, 2.021018366805785E-01,  1.0
 1.145454545454547E-01, 2.490909090909093E-01, -1.0
 1.658128354293016E-01, 2.072727272727274E-01,  1.0
 1.945454545454547E-01, 2.576353326783960E-01, -1.0
 1.545454545454547E-01, 3.036363636363638E-01,  1.0
 1.145454545454547E-01, 2.418181818181819E-01, -1.0
 1.545454545454547E-01, 3.000000000000002E-01,  1.0
 2.070680165030289E-01, 3.381818181818184E-01, -1.0
 1.368090125643323E-01, 3.563636363636365E-01,  1.0
 1.798224794624280E-01, 3.398212661514296E-01, -1.0
 1.345454545454547E-01, 3.528265038425532E-01,  1.0
 1.345454545454547E-01, 3.909090909090911E-01, -1.0
 1.945454545454547E-01, 4.290909090909093E-01,  1.0
 1.145454545454547E-01, 4.272727272727274E-01, -1.0
 1.959875442871420E-01, 4.454545454545456E-01,  1.0
 9.454545454545468E-02, 4.836363636363638E-01, -1.0
 2.073104020534202E-01, 4.345707362421545E-01,  1.0
 1.183535578374668E-01, 4.600000000000002E-01, -1.0
 1.745454545454547E-01, 5.196284123529392E-01,  1.0
 9.454545454545468E-02, 5.963636363636367E-01, -1.0
 2.032243641094816E-01, 5.508467576812996E-01,  1.0
 9.454545454545468E-02, 6.127272727272729E-01, -1.0
 1.945454545454547E-01, 5.309090909090910E-01,  1.0
 9.454545454545468E-02, 6.890909090909093E-01, -1.0
 1.979665732356505E-01, 5.472727272727274E-01,  1.0
 1.027070235308374E-01, 6.854545454545456E-01, -1.0
 1.899270741090765E-01, 7.509787396569809E-01,  1.0
 9.454545454545468E-02, 6.856959115089353E-01, -1.0
 1.945454545454547E-01, 7.649492127839529E-01,  1.0
 9.454545454545468E-02, 6.843765825843980E-01, -1.0
 1.745454545454547E-01, 8.363636363636366E-01,  1.0
 9.454545454545468E-02, 6.945454545454547E-01, -1.0
 1.657509969939527E-01, 8.327272727272730E-01,  1.0
 1.345454545454547E-01, 7.109090909090910E-01, -1.0
 1.545454545454547E-01, 8.275180243126452E-01,  1.0
 5.454545454545470E-02, 7.738103198679811E-01, -1.0
 1.728971507866292E-01, 8.454545454545457E-01,  1.0
 1.253179391829734E-01, 9.636363636363640E-01, -1.0
 1.720350653867844E-01, 8.395694895366228E-01,  1.0
 1.345454545454547E-01, 9.825971599613826E-01, -1.0
 2.127272727272729E-01,-8.600000000000000E-01, -1.0
 1.097345880133951E-01,-9.161268637047840E-01,  1.0
 2.121260626146986E-01,-8.636363636363636E-01, -1.0
 1.204192107432579E-01,-9.125492510157525E-01,  1.0
 1.927272727272729E-01,-8.447968876271130E-01, -1.0
 1.727272727272729E-01,-7.290909090909090E-01,  1.0
 1.828370342118399E-01,-8.509090909090909E-01, -1.0
 1.927272727272729E-01,-7.136921676332970E-01,  1.0
 1.127272727272728E-01,-7.945454545454546E-01, -1.0
 1.927272727272729E-01,-7.184327130156932E-01,  1.0
 1.327272727272728E-01,-7.781818181818182E-01, -1.0
 1.927272727272729E-01,-7.200000000000000E-01,  1.0
 1.727272727272729E-01,-7.049736330981692E-01, -1.0
 1.527272727272729E-01,-6.836363636363636E-01,  1.0
 2.127272727272729E-01,-6.448850521385440E-01, -1.0
 1.392141425339961E-01,-6.872727272727273E-01,  1.0
 9.272727272727285E-02,-6.090909090909091E-01, -1.0
 2.106971632016831E-01,-5.892950713941614E-01,  1.0
 1.127272727272728E-01,-6.171403765784346E-01, -1.0
 1.794174873041166E-01,-5.745454545454546E-01,  1.0
 1.541519286520313E-01,-4.840725552779148E-01, -1.0
 1.927272727272729E-01,-5.781818181818182E-01,  1.0
 2.143862036002470E-01,-4.863517061340691E-01, -1.0
 1.927272727272729E-01,-4.618181818181817E-01,  1.0
 1.727272727272729E-01,-4.137968077805607E-01, -1.0
 1.919214056556191E-01,-4.654545454545455E-01,  1.0
 2.007826402093892E-01,-4.072727272727272E-01, -1.0
 1.927272727272729E-01,-4.490909090909091E-01,  1.0
 1.927272727272729E-01,-3.996593702385448E-01, -1.0
 2.010436450367190E-01,-3.181426404314681E-01,  1.0
 1.527272727272729E-01,-3.745454545454545E-01, -1.0
 2.144497118397043E-01,-3.088905736508427E-01,  1.0
 1.678796892310163E-01,-2.981818181818181E-01, -1.0
 1.222558291844528E-01,-3.084056849096180E-01,  1.0
 1.527272727272729E-01,-3.179332456716429E-01, -1.0
 1.983375287232712E-01,-2.788922838111156E-01,  1.0
 1.527272727272729E-01,-2.454545454545454E-01, -1.0
 2.127272727272729E-01,-2.932142961084292E-01,  1.0
 1.527272727272729E-01,-2.290909090909090E-01, -1.0
 1.527272727272729E-01,-1.509090909090908E-01,  1.0
 1.527272727272729E-01,-2.127272727272727E-01, -1.0
 1.527272727272729E-01,-1.366025058701478E-01,  1.0
 1.710227462367223E-01,-7.636363636363629E-02, -1.0
 1.527272727272729E-01,-1.381818181818181E-01,  1.0
 1.577969243098333E-01,-5.999999999999992E-02, -1.0
 2.527272727272729E-01,-1.311819800394095E-01,  1.0
 1.595967029641250E-01,-6.363636363636355E-02, -1.0
 9.272727272727285E-02,-1.054545454545453E-01,  1.0
 1.503813617230649E-01,-7.272727272727169E-03, -1.0
 2.327272727272729E-01,-9.090909090908985E-03,  1.0
 1.463365697506780E-01,-1.090909090909080E-02, -1.0
 2.327272727272729E-01, 3.487785519796515E-03,  1.0
 1.727272727272729E-01, 6.278196826219351E-02, -1.0
 2.327272727272729E-01, 7.148577941147998E-03,  1.0
 2.127272727272729E-01, 1.018181818181819E-01, -1.0
 9.272727272727285E-02, 1.200000000000001E-01,  1.0
 2.127272727272729E-01, 1.006897953777709E-01, -1.0
 9.272727272727285E-02, 1.210058328287643E-01,  1.0
 1.816714904241367E-01, 1.345454545454547E-01, -1.0
 1.594869140213943E-01, 1.927272727272729E-01,  1.0
 1.812001137824093E-01, 1.525770592296169E-01, -1.0
 1.727272727272729E-01, 1.890909090909092E-01,  1.0
 2.011590432653338E-01, 2.472727272727274E-01, -1.0
 1.683421614762321E-01, 2.030092211689183E-01,  1.0
 2.127272727272729E-01, 2.589068688862060E-01, -1.0
 1.527272727272729E-01, 3.108277866078893E-01,  1.0
 1.942574091274261E-01, 3.400000000000002E-01, -1.0
 1.527272727272729E-01, 2.981818181818183E-01,  1.0
 1.727272727272729E-01, 3.363636363636365E-01, -1.0
 1.327272727272728E-01, 3.629112422644510E-01,  1.0
 1.527272727272729E-01, 3.927272727272729E-01, -1.0
 2.119484591478730E-01, 4.109090909090911E-01,  1.0
 1.327272727272728E-01, 3.890909090909093E-01, -1.0
 2.127272727272729E-01, 4.272727272727274E-01,  1.0
 9.272727272727285E-02, 4.254545454545456E-01, -1.0
 1.927272727272729E-01, 4.436363636363638E-01,  1.0
 1.127272727272728E-01, 4.617753062571889E-01, -1.0
 1.927272727272729E-01, 5.400000000000003E-01,  1.0
 1.433077464228387E-01, 4.581818181818184E-01, -1.0
 1.927272727272729E-01, 5.363636363636366E-01,  1.0
 9.272727272727285E-02, 5.945454545454547E-01, -1.0
 1.927272727272729E-01, 5.327272727272728E-01,  1.0
 8.940913585181723E-02, 6.872991389051557E-01, -1.0
 2.014730070876319E-01, 5.396372572778845E-01,  1.0
 9.668218936606778E-02, 6.863521217635867E-01, -1.0
 1.927272727272729E-01, 5.454545454545455E-01,  1.0
 1.127272727272728E-01, 6.836363636363638E-01, -1.0
 1.982943640635436E-01, 7.818181818181821E-01,  1.0
 1.310954686425570E-01, 6.842189517789675E-01, -1.0
 1.840371855644285E-01, 7.781818181818184E-01,  1.0
 1.527272727272729E-01, 6.971455150608872E-01, -1.0
 2.527272727272729E-01, 7.889854704598821E-01,  1.0
 1.619738604448628E-01, 6.927272727272729E-01, -1.0
 1.638782949668078E-01, 8.309090909090912E-01,  1.0
 1.527272727272729E-01, 7.090909090909092E-01, -1.0
 1.727272727272729E-01, 8.272727272727275E-01,  1.0
 1.250045986568471E-01, 9.454545454545458E-01, -1.0
 1.727272727272729E-01, 8.436363636363639E-01,  1.0
 1.327272727272728E-01, 9.618181818181821E-01, -1.0
 1.527272727272729E-01, 8.400000000000002E-01,  1.0
 9.090909090909099E-02,-9.900000000000000E-01,  1.0
 2.109090909090910E-01,-8.569548332638028E-01, -1.0
 1.022827699936781E-01,-9.236363636363637E-01,  1.0
 1.909090909090910E-01,-8.654545454545455E-01, -1.0
 2.046660169751479E-01,-7.272727272727272E-01,  1.0
 1.866881037826259E-01,-8.690909090909091E-01, -1.0
 1.909090909090910E-01,-7.090617035436916E-01,  1.0
 1.893640564742737E-01,-8.614920817611390E-01, -1.0
 2.072053262371620E-01,-7.278982788477907E-01,  1.0
 1.309090909090910E-01,-8.073640195021654E-01, -1.0
 1.909090909090910E-01,-7.269859335435389E-01,  1.0
 1.909090909090910E-01,-8.000000000000000E-01, -1.0
 1.953116667020588E-01,-7.205974483545481E-01,  1.0
 2.242159778198858E-01,-6.557548499203810E-01, -1.0
 1.226103966415851E-01,-6.854545454545454E-01,  1.0
 2.109090909090910E-01,-6.472727272727272E-01, -1.0
 2.109090909090910E-01,-5.890909090909091E-01,  1.0
 1.309090909090910E-01,-6.109090909090910E-01, -1.0
 2.168608942743754E-01,-5.927272727272728E-01,  1.0
 2.235540703093422E-01,-4.945454545454545E-01, -1.0
 1.950679034028941E-01,-5.632358855468089E-01,  1.0
 2.244175169597053E-01,-4.781818181818182E-01, -1.0
 2.127411747083882E-01,-5.843940531243669E-01,  1.0
 2.109090909090910E-01,-4.818181818181818E-01, -1.0
 1.944514103488610E-01,-4.436363636363636E-01,  1.0
 2.109090909090910E-01,-4.854545454545455E-01, -1.0
 1.904457138711965E-01,-4.522492416746722E-01,  1.0
 1.909090909090910E-01,-3.890909090909090E-01, -1.0
 2.172230749924129E-01,-3.140010699430854E-01,  1.0
 1.909090909090910E-01,-3.927272727272727E-01, -1.0
 2.109090909090910E-01,-3.145454545454545E-01,  1.0
 1.909090909090910E-01,-3.963636363636364E-01, -1.0
 2.109090909090910E-01,-3.181818181818181E-01,  1.0
 1.509090909090910E-01,-2.799999999999999E-01, -1.0
 2.109090909090910E-01,-2.818181818181817E-01,  1.0
 1.709090909090910E-01,-2.991975050770658E-01, -1.0
 2.265030860656022E-01,-2.840135553910700E-01,  1.0
 2.422531548576620E-01,-2.192321048688926E-01, -1.0
 1.509090909090910E-01,-1.484526877390939E-01,  1.0
 1.509090909090910E-01,-2.309090909090909E-01, -1.0
 1.334727365126897E-01,-1.502455790452158E-01,  1.0
 2.109090909090910E-01,-2.145454545454545E-01, -1.0
 1.509090909090910E-01,-1.363636363636363E-01,  1.0
 1.843997109451346E-01,-7.818181818181812E-02, -1.0
 2.509090909090911E-01,-1.173257482870977E-01,  1.0
 1.661363297770953E-01,-6.181818181818172E-02, -1.0
 2.330676223237226E-01, 1.024554188536118E-02,  1.0
 1.773100911454784E-01,-4.545454545454536E-02, -1.0
 2.309090909090911E-01,-3.685373122389330E-03,  1.0
 1.509090909090910E-01,-9.090909090908985E-03, -1.0
 2.509090909090911E-01,-9.766893827526553E-04,  1.0
 1.509090909090910E-01,-3.431725163108888E-03, -1.0
 2.273910566550090E-01, 5.454545454545563E-03,  1.0
 2.154290595821392E-01, 1.036363636363637E-01, -1.0
 2.309090909090911E-01, 2.181818181818192E-02,  1.0
 2.109090909090910E-01, 1.000000000000001E-01, -1.0
 1.109090909090910E-01, 1.381818181818183E-01,  1.0
 1.709090909090910E-01, 1.486637882550060E-01, -1.0
 2.509090909090911E-01, 1.745454545454547E-01,  1.0
 1.983022739365620E-01, 2.527272727272729E-01, -1.0
 2.509090909090911E-01, 1.709090909090910E-01,  1.0
 2.126577241775539E-01, 2.408962499598093E-01, -1.0
 1.709090909090910E-01, 2.072727272727274E-01,  1.0
 2.109090909090910E-01, 2.454545454545456E-01, -1.0
 1.466872857720230E-01, 3.036363636363638E-01,  1.0
 1.961096120443397E-01, 2.618181818181819E-01, -1.0
 1.426382538862792E-01, 3.000000000000002E-01,  1.0
 1.943729467500142E-01, 3.215896385633161E-01, -1.0
 1.509090909090910E-01, 3.163636363636365E-01,  1.0
 1.916718120451448E-01, 3.361458651147099E-01, -1.0
 2.309090909090911E-01, 4.011842214355104E-01,  1.0
 1.855760958926944E-01, 3.309090909090910E-01, -1.0
 2.109090909090910E-01, 4.446348830980333E-01,  1.0
 1.309090909090910E-01, 4.072727272727274E-01, -1.0
 2.109090909090910E-01, 4.254545454545456E-01,  1.0
 1.309090909090910E-01, 4.636363636363638E-01, -1.0
 2.109090909090910E-01, 4.418181818181819E-01,  1.0
 1.309090909090910E-01, 4.800000000000002E-01, -1.0
 1.909090909090910E-01, 5.381818181818184E-01,  1.0
 2.672599136763524E-01, 4.763636363636365E-01, -1.0
 1.909090909090910E-01, 5.345454545454547E-01,  1.0
 2.043868006214117E-01, 6.248362110501753E-01, -1.0
 1.909090909090910E-01, 5.493704863484438E-01,  1.0
 9.090909090909099E-02, 6.690909090909093E-01, -1.0
 1.909090909090910E-01, 5.472727272727274E-01,  1.0
 1.577502557005437E-01, 6.948265551524088E-01, -1.0
 1.959961639551891E-01, 5.696613185027206E-01,  1.0
 1.102031940493641E-01, 6.898550174828060E-01, -1.0
 1.830464677705993E-01, 8.000000000000003E-01,  1.0
 1.709090909090910E-01, 6.981818181818183E-01, -1.0
 2.509090909090911E-01, 7.763636363636366E-01,  1.0
 1.509090909090910E-01, 6.945454545454547E-01, -1.0
 1.709090909090910E-01, 8.286021474634993E-01,  1.0
 1.908503262581816E-01, 7.109090909090910E-01, -1.0
 1.709090909090910E-01, 8.363585789339002E-01,  1.0
 2.690482579465375E-01, 8.459313539332207E-01, -1.0
 1.667129814672587E-01, 8.345038262195655E-01,  1.0
 2.909090909090911E-01, 8.781252905335444E-01, -1.0
 1.709090909090910E-01, 8.418181818181820E-01,  1.0
 1.421469881328032E-01, 9.800000000000003E-01, -1.0
 2.022478072250206E-01,-8.600000000000000E-01, -1.0
 2.690909090909093E-01,-7.818181818181817E-01,  1.0
 2.002384115959585E-01,-8.636363636363636E-01, -1.0
 2.566805748815632E-01,-7.780760099647024E-01,  1.0
 2.097084713599312E-01,-8.661964029290931E-01, -1.0
 1.950051537108828E-01,-7.290909090909090E-01,  1.0
 1.875753827790596E-01,-8.509090909090909E-01, -1.0
 2.039728623446299E-01,-7.127272727272727E-01,  1.0
 1.890909090909092E-01,-8.545454545454546E-01, -1.0
 1.969751154204083E-01,-7.163636363636363E-01,  1.0
 1.831041146392915E-01,-8.181818181818182E-01, -1.0
 2.111743052866300E-01,-7.200000000000000E-01,  1.0
 2.890909090909093E-01,-6.818181818181818E-01, -1.0
 2.090909090909092E-01,-7.236363636363636E-01,  1.0
 2.090909090909092E-01,-6.454545454545454E-01, -1.0
 2.070543061332642E-01,-5.872727272727272E-01,  1.0
 2.090909090909092E-01,-6.490909090909092E-01, -1.0
 2.090909090909092E-01,-5.909090909090909E-01,  1.0
 1.090909090909092E-01,-6.097750282476977E-01, -1.0
 2.090909090909092E-01,-5.745454545454546E-01,  1.0
 2.090909090909092E-01,-4.810823033416176E-01, -1.0
 2.090909090909092E-01,-5.781818181818182E-01,  1.0
 2.290909090909092E-01,-4.674975954890481E-01, -1.0
 2.890909090909093E-01,-4.288050776652150E-01,  1.0
 2.290909090909092E-01,-4.836363636363636E-01, -1.0
 2.016843336464745E-01,-4.524415528219700E-01,  1.0
 2.007278308381846E-01,-3.884187855118847E-01, -1.0
 1.890909090909092E-01,-4.494288347024466E-01,  1.0
 2.090909090909092E-01,-4.063855122412602E-01, -1.0
 2.290909090909092E-01,-3.126209776658687E-01,  1.0
 1.986598484039738E-01,-4.026539597300266E-01, -1.0
 2.090909090909092E-01,-3.163636363636363E-01,  1.0
 1.697455834832086E-01,-2.981818181818181E-01, -1.0
 2.199299811006794E-01,-2.799999999999999E-01,  1.0
 1.691019939461456E-01,-2.818181818181817E-01, -1.0
 2.090909090909092E-01,-2.892184689755882E-01,  1.0
 1.538214140428428E-01,-2.208248210906624E-01, -1.0
 2.184237914472095E-01,-2.872727272727272E-01,  1.0
 2.290909090909092E-01,-2.090909090909090E-01, -1.0
 2.490909090909093E-01,-1.309090909090908E-01,  1.0
 2.290909090909092E-01,-2.130975010211366E-01, -1.0
 2.490909090909093E-01,-1.145454545454545E-01,  1.0
 2.193722350316337E-01,-2.163636363636363E-01, -1.0
 1.690909090909092E-01,-1.381818181818181E-01,  1.0
 1.744666364995039E-01,-6.119291971070349E-02, -1.0
 2.490909090909093E-01,-1.327835471773840E-01,  1.0
 1.690909090909092E-01,-5.809304521093153E-02, -1.0
 2.623149938579513E-01,-3.213832648387591E-02,  1.0
 1.490909090909092E-01,-7.272727272727169E-03, -1.0
 2.490909090909093E-01,-9.090909090908985E-03,  1.0
 1.556478361702678E-01,-1.090909090909080E-02, -1.0
 2.290909090909092E-01,-1.103437717531842E-02,  1.0
 2.490909090909093E-01, 8.545454545454556E-02, -1.0
 2.290909090909092E-01, 5.454625090286509E-03,  1.0
 2.277816562986451E-01, 1.018181818181819E-01, -1.0
 2.290909090909092E-01, 2.000000000000012E-02,  1.0
 2.090909090909092E-01, 8.366329182191383E-02, -1.0
 2.490909090909093E-01, 1.763636363636365E-01,  1.0
 1.690909090909092E-01, 1.352178937405461E-01, -1.0
 2.470969235333356E-01, 1.775030352812427E-01,  1.0
 1.690909090909092E-01, 1.522627837539192E-01, -1.0
 2.490909090909093E-01, 1.587861463333743E-01,  1.0
 2.090909090909092E-01, 2.472727272727274E-01, -1.0
 1.690909090909092E-01, 2.054545454545456E-01,  1.0
 1.980620403283196E-01, 2.436363636363638E-01, -1.0
 1.490909090909092E-01, 3.018181818181820E-01,  1.0
 2.090909090909092E-01, 2.513178235163429E-01, -1.0
 1.490909090909092E-01, 3.151116188629852E-01,  1.0
 1.890909090909092E-01, 3.363636363636365E-01, -1.0
 2.134816970082966E-01, 4.005086122701031E-01,  1.0
 1.890909090909092E-01, 3.527272727272729E-01, -1.0
 2.204328010078601E-01, 3.909090909090911E-01,  1.0
 3.090909090909093E-01, 4.090909090909093E-01, -1.0
 2.281923381661285E-01, 4.065180661429644E-01,  1.0
 3.090909090909093E-01, 4.254545454545456E-01, -1.0
 2.090909090909092E-01, 4.349618489702511E-01,  1.0
 1.290909090909091E-01, 4.818181818181819E-01, -1.0
 2.090909090909092E-01, 5.400000000000003E-01,  1.0
 2.490909090909093E-01, 4.711260557899652E-01, -1.0
 2.090909090909092E-01, 5.447263620831676E-01,  1.0
 1.883995952752688E-01, 6.264553080281317E-01, -1.0
 2.090909090909092E-01, 5.527272727272728E-01,  1.0
 1.953657949167429E-01, 6.630529124572130E-01, -1.0
 1.890909090909092E-01, 5.490909090909092E-01,  1.0
 1.477047234286928E-01, 6.872727272727275E-01, -1.0
 1.890909090909092E-01, 5.454545454545455E-01,  1.0
 1.563835347558815E-01, 6.836363636363638E-01, -1.0
 2.690909090909093E-01, 6.974330560592347E-01,  1.0
 1.591536278351625E-01, 6.974853771529517E-01, -1.0
 2.750804248200194E-01, 6.893101064256012E-01,  1.0
 1.857112921942782E-01, 6.963636363636365E-01, -1.0
 2.490909090909093E-01, 7.745454545454548E-01,  1.0
 1.453043967729745E-01, 6.927272727272729E-01, -1.0
 1.690909090909092E-01, 8.309090909090912E-01,  1.0
 1.690909090909092E-01, 7.090909090909092E-01, -1.0
 1.690909090909092E-01, 8.272727272727275E-01,  1.0
 2.690909090909093E-01, 8.454545454545457E-01, -1.0
 1.690909090909092E-01, 8.636363636363639E-01,  1.0
 2.690909090909093E-01, 8.799873564033240E-01, -1.0
 2.218819678651081E-01, 9.176226168920759E-01,  1.0
 2.672727272727274E-01,-9.466933463907717E-01,  1.0
 2.072727272727274E-01,-8.618181818181818E-01, -1.0
 2.672727272727274E-01,-7.836363636363636E-01,  1.0
 1.971937809707328E-01,-8.654545454545455E-01, -1.0
 2.672727272727274E-01,-7.872727272727272E-01,  1.0
 1.915204434795462E-01,-8.490909090909091E-01, -1.0
 2.072727272727274E-01,-7.105596846476748E-01,  1.0
 1.872727272727274E-01,-8.527272727272728E-01, -1.0
 2.472727272727274E-01,-7.464670631479184E-01,  1.0
 1.872727272727274E-01,-8.363636363636364E-01, -1.0
 1.990605849529996E-01,-7.181818181818181E-01,  1.0
 3.271347249737007E-01,-7.021087762386178E-01, -1.0
 2.072727272727274E-01,-7.083657884276120E-01,  1.0
 2.272727272727274E-01,-6.636363636363636E-01, -1.0
 2.472727272727274E-01,-6.054545454545454E-01,  1.0
 2.767787893792910E-01,-6.672727272727272E-01, -1.0
 2.072727272727274E-01,-5.890909090909091E-01,  1.0
 2.272727272727274E-01,-6.509090909090910E-01, -1.0
 2.272727272727274E-01,-5.927272727272728E-01,  1.0
 2.272727272727274E-01,-4.945454545454545E-01, -1.0
 2.180520610904962E-01,-5.763636363636364E-01,  1.0
 2.272727272727274E-01,-4.981818181818182E-01, -1.0
 2.798123734997472E-01,-4.302900870229563E-01,  1.0
 2.231167587947971E-01,-4.675671704429386E-01, -1.0
 2.780215895432321E-01,-4.432262168446998E-01,  1.0
 2.194411397914144E-01,-4.854545454545455E-01, -1.0
 1.872727272727274E-01,-4.472727272727273E-01,  1.0
 2.103675279770188E-01,-3.890909090909090E-01, -1.0
 2.975315484064164E-01,-3.562557762576172E-01,  1.0
 2.072727272727274E-01,-3.927272727272727E-01, -1.0
 2.872727272727275E-01,-3.545454545454545E-01,  1.0
 2.072727272727274E-01,-3.963636363636364E-01, -1.0
 2.872727272727275E-01,-3.503400629256153E-01,  1.0
 1.672727272727274E-01,-2.918269675073623E-01, -1.0
 2.196427002266543E-01,-2.947125988255906E-01,  1.0
 3.021854613609497E-01,-2.482631033868846E-01, -1.0
 2.272727272727274E-01,-2.854545454545454E-01,  1.0
 2.272727272727274E-01,-2.272727272727272E-01, -1.0
 2.672727272727274E-01,-1.290909090909090E-01,  1.0
 2.272727272727274E-01,-2.109090909090909E-01, -1.0
 2.610985218377150E-01,-1.482425900078470E-01,  1.0
 2.246231856580973E-01,-2.145454545454545E-01, -1.0
 2.595338991072383E-01,-1.163636363636363E-01,  1.0
 2.272727272727274E-01,-2.181818181818182E-01, -1.0
 2.481100169479619E-01,-1.182181806366491E-01,  1.0
 1.672727272727274E-01,-6.181818181818172E-02, -1.0
 2.472727272727274E-01,-1.236363636363635E-01,  1.0
 1.699536172299908E-01,-6.217843604935377E-02, -1.0
 2.472727272727274E-01,-2.727272727272717E-02,  1.0
 1.529682500555495E-01,-4.227827816139021E-04, -1.0
 2.340535159468689E-01, 3.613498788431774E-03,  1.0
 2.120984720306924E-01, 8.727272727272738E-02, -1.0
 2.308224028476764E-01, 5.454545454545563E-03,  1.0
 2.283992319002685E-01, 8.363636363636374E-02, -1.0
 2.345497620771105E-01, 2.181818181818192E-02,  1.0
 2.272727272727274E-01, 1.000000000000001E-01, -1.0
 2.672727272727274E-01, 1.581818181818183E-01,  1.0
 2.272727272727274E-01, 9.886841516936508E-02, -1.0
 2.472727272727274E-01, 1.586466815190173E-01,  1.0
 2.149417236769492E-01, 9.272727272727285E-02, -1.0
 2.472727272727274E-01, 1.647713876689454E-01,  1.0
 2.072727272727274E-01, 2.490909090909093E-01, -1.0
 2.472727272727274E-01, 1.672727272727274E-01,  1.0
 2.041417130342351E-01, 2.559685446021266E-01, -1.0
 2.872727272727275E-01, 2.436363636363638E-01,  1.0
 2.472727272727274E-01, 2.818181818181820E-01, -1.0
 1.472727272727273E-01, 3.113333362428565E-01,  1.0
 2.472727272727274E-01, 2.981818181818183E-01, -1.0
 2.072727272727274E-01, 3.963636363636366E-01,  1.0
 2.472727272727274E-01, 3.049078881131717E-01, -1.0
 2.272727272727274E-01, 4.034673015157674E-01,  1.0
 2.026079794190177E-01, 3.480186944250913E-01, -1.0
 2.272727272727274E-01, 3.966292053652826E-01,  1.0
 3.072727272727275E-01, 4.272727272727274E-01, -1.0
 2.072727272727274E-01, 4.489046986832998E-01,  1.0
 2.549260878827369E-01, 4.636363636363638E-01, -1.0
 2.272727272727274E-01, 5.018181818181819E-01,  1.0
 2.672727272727274E-01, 4.656750576182309E-01, -1.0
 1.970502521252095E-01, 5.381818181818184E-01,  1.0
 2.672727272727274E-01, 4.563636363636365E-01, -1.0
 2.072727272727274E-01, 5.391262295570951E-01,  1.0
 1.872727272727274E-01, 6.527272727272729E-01, -1.0
 2.260898321145595E-01, 5.509090909090910E-01,  1.0
 1.990699699204941E-01, 6.490909090909093E-01, -1.0
 2.858370017590292E-01, 6.872727272727275E-01,  1.0
 1.672727272727274E-01, 6.854545454545456E-01, -1.0
 2.872727272727275E-01, 6.961471103545326E-01,  1.0
 1.672727272727274E-01, 7.018181818181820E-01, -1.0
 2.872727272727275E-01, 6.800000000000002E-01,  1.0
 1.672727272727274E-01, 6.981818181818183E-01, -1.0
 2.472727272727274E-01, 7.763636363636366E-01,  1.0
 1.672727272727274E-01, 6.966574299910984E-01, -1.0
 2.448377034399785E-01, 7.727272727272729E-01,  1.0
 2.672727272727274E-01, 8.319043374760461E-01, -1.0
 1.647709814366854E-01, 8.332167955310703E-01,  1.0
 2.567869046645193E-01, 8.472727272727275E-01, -1.0
 1.672727272727274E-01, 8.454545454545457E-01,  1.0
 2.872727272727275E-01, 8.836363636363639E-01, -1.0
 1.672727272727274E-01, 8.342628377562538E-01,  1.0
 2.872727272727275E-01, 8.800000000000002E-01, -1.0
 2.054545454545456E-01,-8.725909681650196E-01, -1.0
 2.654545454545456E-01,-9.618181818181819E-01,  1.0
 1.956137540273569E-01,-8.721764881293467E-01, -1.0
 2.654545454545456E-01,-7.654545454545454E-01,  1.0
 2.220687490383806E-01,-8.672727272727273E-01, -1.0
 2.454545454545456E-01,-7.490909090909090E-01,  1.0
 2.054545454545456E-01,-8.509090909090909E-01, -1.0
 2.454545454545456E-01,-7.527272727272727E-01,  1.0
 3.054545454545456E-01,-6.971081383769256E-01, -1.0
 2.414450122966738E-01,-7.375291939335414E-01,  1.0
 3.254545454545457E-01,-6.981818181818181E-01, -1.0
 1.954321297293349E-01,-7.154918195569904E-01,  1.0
 3.254545454545457E-01,-7.018181818181818E-01, -1.0
 2.054545454545456E-01,-7.236363636363636E-01,  1.0
 2.139492667148409E-01,-6.609366660995339E-01, -1.0
 2.254545454545456E-01,-5.823717306199442E-01,  1.0
 2.254545454545456E-01,-6.490909090909092E-01, -1.0
 2.254545454545456E-01,-5.909090909090909E-01,  1.0
 3.254545454545457E-01,-5.679394930428828E-01, -1.0
 2.254545454545456E-01,-5.745454545454546E-01,  1.0
 2.146273827921288E-01,-4.763636363636363E-01, -1.0
 2.854545454545456E-01,-5.052374657693717E-01,  1.0
 2.273669284319382E-01,-4.799999999999999E-01, -1.0
 2.654545454545456E-01,-5.018181818181817E-01,  1.0
 2.254545454545456E-01,-4.836363636363636E-01, -1.0
 2.854545454545456E-01,-4.380373643217537E-01,  1.0
 2.054545454545456E-01,-3.872727272727272E-01, -1.0
 2.817099650292063E-01,-4.351557107762737E-01,  1.0
 1.994093256954223E-01,-3.909090909090909E-01, -1.0
 2.854545454545456E-01,-3.527272727272727E-01,  1.0
 2.054545454545456E-01,-3.945454545454545E-01, -1.0
 2.854545454545456E-01,-3.537808339264335E-01,  1.0
 2.054545454545456E-01,-3.981818181818182E-01, -1.0
 2.194107849473957E-01,-2.799999999999999E-01,  1.0
 2.859044799956613E-01,-2.618181818181817E-01, -1.0
 2.121534683519908E-01,-2.836363636363636E-01,  1.0
 2.393877189509319E-01,-2.254545454545454E-01, -1.0
 2.254545454545456E-01,-2.872727272727272E-01,  1.0
 2.254545454545456E-01,-2.090909090909090E-01, -1.0
 2.654545454545456E-01,-1.309090909090908E-01,  1.0
 2.254545454545456E-01,-2.130692939776359E-01, -1.0
 2.654545454545456E-01,-1.145454545454545E-01,  1.0
 2.226114797779196E-01,-2.163636363636363E-01, -1.0
 2.654545454545456E-01,-1.181818181818181E-01,  1.0
 1.854545454545455E-01,-5.999999999999992E-02, -1.0
 2.533769255220192E-01,-1.157826355580887E-01,  1.0
 1.654545454545455E-01,-6.363636363636355E-02, -1.0
 2.579505512570748E-01,-1.254545454545453E-01,  1.0
 1.840955060149862E-01,-6.727272727272718E-02, -1.0
 2.654545454545456E-01,-2.592423956710986E-02,  1.0
 1.454545454545455E-01,-1.090909090909080E-02, -1.0
 2.454545454545456E-01,-9.332219558776928E-03,  1.0
 2.456516210636536E-01, 8.073273825769002E-02, -1.0
 2.254545454545456E-01, 3.636363636363747E-03,  1.0
 2.454545454545456E-01, 8.781461498560104E-02, -1.0
 2.126010838595636E-01, 2.000000000000012E-02,  1.0
 2.454545454545456E-01, 9.818181818181831E-02, -1.0
 2.639093082680171E-01, 1.563636363636365E-01,  1.0
 2.254545454545456E-01, 9.454545454545468E-02, -1.0
 2.674439393158454E-01, 1.727272727272729E-01,  1.0
 3.254545454545457E-01, 1.856283100357371E-01, -1.0
 2.603800446009834E-01, 1.616650806492386E-01,  1.0
 2.454545454545456E-01, 2.872727272727275E-01, -1.0
 2.854545454545456E-01, 2.490052769207543E-01,  1.0
 2.459648049680668E-01, 2.954905936939803E-01, -1.0
 2.966505837135468E-01, 2.598537575400546E-01,  1.0
 2.454545454545456E-01, 3.000000000000002E-01, -1.0
 2.254545454545456E-01, 3.981818181818184E-01,  1.0
 2.654545454545456E-01, 2.946105419556447E-01, -1.0
 2.254545454545456E-01, 4.145454545454548E-01,  1.0
 2.454545454545456E-01, 3.127272727272729E-01, -1.0
 2.189228562678747E-01, 4.024911934135023E-01,  1.0
 3.305385806751322E-01, 3.890909090909093E-01, -1.0
 2.254545454545456E-01, 4.072727272727274E-01,  1.0
 3.254545454545457E-01, 4.054545454545456E-01, -1.0
 1.987506047664102E-01, 4.436363636363638E-01,  1.0
 2.854545454545456E-01, 4.510086758627561E-01, -1.0
 2.254545454545456E-01, 5.076099778492631E-01,  1.0
 2.854545454545456E-01, 5.097152243554185E-01, -1.0
 2.254545454545456E-01, 5.163636363636366E-01,  1.0
 2.854545454545456E-01, 5.004203703512606E-01, -1.0
 2.254545454545456E-01, 5.543272624265037E-01,  1.0
 2.060985863826413E-01, 6.509090909090911E-01, -1.0
 2.909170842884236E-01, 6.890909090909093E-01,  1.0
 2.026180276928370E-01, 6.472727272727274E-01, -1.0
 2.254545454545456E-01, 5.454545454545455E-01,  1.0
 1.854545454545455E-01, 6.676962900724496E-01, -1.0
 2.854545454545456E-01, 6.818181818181820E-01,  1.0
 1.654545454545455E-01, 6.949055857620764E-01, -1.0
 2.870171434491701E-01, 6.981818181818183E-01,  1.0
 2.054545454545456E-01, 7.162401460683636E-01, -1.0
 2.651949290423373E-01, 7.745454545454548E-01,  1.0
 2.650688024019134E-01, 8.337443319774797E-01, -1.0
 2.504266845296135E-01, 7.909090909090911E-01,  1.0
 2.759716684328472E-01, 8.377564345506228E-01, -1.0
 1.654545454545455E-01, 8.272727272727275E-01,  1.0
 2.854545454545456E-01, 8.654545454545457E-01, -1.0
 1.654545454545455E-01, 8.436363636363639E-01,  1.0
 3.054545454545456E-01, 8.707309376021554E-01, -1.0
 2.152528390754778E-01, 9.200000000000003E-01,  1.0
 3.045521201383926E-01,-9.800000000000001E-01,  1.0
 2.036363636363637E-01,-8.618181818181818E-01, -1.0
 2.751435944588600E-01,-9.495862447025550E-01,  1.0
 2.036363636363637E-01,-8.654545454545455E-01, -1.0
 2.554160132173540E-01,-7.472727272727272E-01,  1.0
 2.236363636363637E-01,-8.490909090909091E-01, -1.0
 2.436363636363638E-01,-7.509090909090909E-01,  1.0
 2.436363636363638E-01,-8.527272727272728E-01, -1.0
 2.436363636363638E-01,-7.345454545454545E-01,  1.0
 3.296652183258429E-01,-6.963636363636363E-01, -1.0
 2.036363636363637E-01,-7.181818181818181E-01,  1.0
 3.236363636363638E-01,-7.000000000000000E-01, -1.0
 2.436363636363638E-01,-6.218181818181817E-01,  1.0
 3.236363636363638E-01,-6.836363636363636E-01, -1.0
 2.436363636363638E-01,-6.054545454545454E-01,  1.0
 2.236363636363637E-01,-6.672727272727272E-01, -1.0
 2.484617690707480E-01,-5.956630674028162E-01,  1.0
 3.410822827540571E-01,-5.652424414400949E-01, -1.0
 2.836363636363638E-01,-5.096902564224587E-01,  1.0
 3.436363636363639E-01,-5.716682370063727E-01, -1.0
 2.836363636363638E-01,-5.163636363636364E-01,  1.0
 2.236363636363637E-01,-4.784010186463866E-01, -1.0
 2.836363636363638E-01,-4.999999999999999E-01,  1.0
 2.163512379666544E-01,-4.818181818181817E-01, -1.0
 2.836363636363638E-01,-5.036363636363637E-01,  1.0
 2.236363636363637E-01,-4.805014510677509E-01, -1.0
 2.836363636363638E-01,-4.202779791457257E-01,  1.0
 2.036363636363637E-01,-4.037982636915066E-01, -1.0
 2.836363636363638E-01,-3.509090909090908E-01,  1.0
 2.036363636363637E-01,-3.927272727272727E-01, -1.0
 2.836363636363638E-01,-3.545454545454545E-01,  1.0
 1.754062617202207E-01,-3.863959676872511E-01, -1.0
 2.836363636363638E-01,-3.581818181818182E-01,  1.0
 2.880084558850405E-01,-2.607369583551943E-01, -1.0
 2.236363636363637E-01,-2.965179268859763E-01,  1.0
 2.836363636363638E-01,-2.636363636363636E-01, -1.0
 3.236363636363638E-01,-1.894779329598325E-01,  1.0
 2.436363636363638E-01,-2.272727272727272E-01, -1.0
 2.520597627470950E-01,-1.290909090909090E-01,  1.0
 2.236363636363637E-01,-2.158683764513840E-01, -1.0
 2.544391149328089E-01,-1.327272727272726E-01,  1.0
 3.436363636363639E-01,-1.945454545454545E-01, -1.0
 2.636363636363638E-01,-1.163636363636363E-01,  1.0
 3.234219368179598E-01,-7.818181818181812E-02, -1.0
 2.669882532518243E-01,-1.150252562048091E-01,  1.0
 3.236363636363638E-01,-6.181818181818172E-02, -1.0
 2.618398397769508E-01,-1.208370341762752E-01,  1.0
 1.823072502423233E-01,-5.122662281759843E-02, -1.0
 2.458290292717344E-01,-1.214020308420669E-02,  1.0
 3.236363636363638E-01, 3.090909090909102E-02, -1.0
 2.368716963517444E-01,-1.090909090909080E-02,  1.0
 2.636363636363638E-01, 8.727272727272738E-02, -1.0
 2.489261712464743E-01, 5.454545454545563E-03,  1.0
 2.322577592817363E-01, 8.108041847356059E-02, -1.0
 2.668373162921781E-01, 1.618181818181819E-01,  1.0
 2.269780225577861E-01, 1.000000000000001E-01, -1.0
 2.681867323336422E-01, 1.581818181818183E-01,  1.0
 2.236363636363637E-01, 9.636363636363650E-02, -1.0
 2.614630696378928E-01, 1.548393165945831E-01,  1.0
 3.436363636363639E-01, 1.727272727272729E-01, -1.0
 2.636363636363638E-01, 1.709090909090910E-01,  1.0
 3.436363636363639E-01, 1.890909090909092E-01, -1.0
 2.636363636363638E-01, 1.672727272727274E-01,  1.0
 2.436363636363638E-01, 2.862805341732365E-01, -1.0
 2.836363636363638E-01, 2.482575497735382E-01,  1.0
 2.436363636363638E-01, 2.818181818181820E-01, -1.0
 2.436363636363638E-01, 3.800000000000002E-01,  1.0
 2.636363636363638E-01, 2.981818181818183E-01, -1.0
 2.126624162083967E-01, 4.096646042021664E-01,  1.0
 2.636363636363638E-01, 3.106523228548502E-01, -1.0
 2.236363636363637E-01, 3.980008170734602E-01,  1.0
 3.436363636363639E-01, 3.709090909090911E-01, -1.0
 2.204345687932285E-01, 4.090909090909093E-01,  1.0
 3.302986318938299E-01, 3.958291712828181E-01, -1.0
 2.036363636363637E-01, 4.449864436522259E-01,  1.0
 2.844272407409874E-01, 4.368384962257557E-01, -1.0
 2.372222679581287E-01, 5.018181818181819E-01,  1.0
 2.836363636363638E-01, 5.200000000000002E-01, -1.0
 2.436363636363638E-01, 5.351067816201839E-01,  1.0
 2.836363636363638E-01, 5.163636363636366E-01, -1.0
 2.269981294735420E-01, 5.345454545454547E-01,  1.0
 3.236363636363638E-01, 6.172787704084942E-01, -1.0
 2.236363636363637E-01, 5.533830363657574E-01,  1.0
 2.036363636363637E-01, 6.490909090909093E-01, -1.0
 2.927557739817975E-01, 6.872727272727275E-01,  1.0
 2.036363636363637E-01, 6.561062932077424E-01, -1.0
 2.836363636363638E-01, 6.836363636363638E-01,  1.0
 1.773477365141490E-01, 6.818181818181820E-01, -1.0
 2.849835101176671E-01, 6.800000000000002E-01,  1.0
 2.036363636363637E-01, 6.781818181818183E-01, -1.0
 2.636363636363638E-01, 7.763636363636366E-01,  1.0
 2.237983598805159E-01, 6.945454545454547E-01, -1.0
 2.636363636363638E-01, 7.727272727272729E-01,  1.0
 2.668101750805027E-01, 8.470943608087855E-01, -1.0
 2.636363636363638E-01, 7.890909090909093E-01,  1.0
 2.745293729580635E-01, 8.472727272727275E-01, -1.0
 2.636363636363638E-01, 7.854545454545456E-01,  1.0
 3.236363636363638E-01, 8.739173709093497E-01, -1.0
 2.646023203237771E-01, 7.818181818181820E-01,  1.0
 3.159949272145959E-01, 8.652748969900470E-01, -1.0
 2.789771358440049E-01,-8.963149562215279E-01, -1.0
 2.671589626645031E-01,-9.618181818181819E-01,  1.0
 2.818181818181820E-01,-8.836363636363637E-01, -1.0
 3.674052745573564E-01,-8.776244694719547E-01,  1.0
 2.418181818181819E-01,-8.580622294434882E-01, -1.0
 2.418181818181819E-01,-7.490909090909090E-01,  1.0
 2.618181818181819E-01,-8.709090909090910E-01, -1.0
 2.583853261007456E-01,-7.327272727272727E-01,  1.0
 3.215557628225338E-01,-7.145454545454545E-01, -1.0
 2.561566366978706E-01,-7.415641805642066E-01,  1.0
 3.218181818181820E-01,-6.981818181818181E-01, -1.0
 2.618181818181819E-01,-6.199999999999999E-01,  1.0
 3.318282458836215E-01,-7.018181818181818E-01, -1.0
 2.621395067107490E-01,-6.036363636363635E-01,  1.0
 3.218181818181820E-01,-6.948289789081923E-01, -1.0
 2.418181818181819E-01,-6.072727272727272E-01,  1.0
 3.722448001156501E-01,-5.736015830198927E-01, -1.0
 2.418181818181819E-01,-6.109090909090910E-01,  1.0
 3.218181818181820E-01,-5.727272727272728E-01, -1.0
 2.818181818181820E-01,-5.145454545454545E-01,  1.0
 2.218181818181819E-01,-4.886785799912956E-01, -1.0
 2.818181818181820E-01,-4.983398548536414E-01,  1.0
 3.818181818181821E-01,-4.999999999999999E-01, -1.0
 2.818181818181820E-01,-5.018181818181817E-01,  1.0
 3.818181818181821E-01,-4.838851257886582E-01, -1.0
 2.707782585139653E-01,-4.408087281270855E-01,  1.0
 3.818181818181821E-01,-4.807543390696377E-01, -1.0
 3.018181818181820E-01,-3.504008649368019E-01,  1.0
 2.018181818181819E-01,-3.909090909090909E-01, -1.0
 2.818181818181820E-01,-3.527272727272727E-01,  1.0
 3.418181818181820E-01,-4.268987464595401E-01, -1.0
 2.818181818181820E-01,-3.444164566808213E-01,  1.0
 2.818181818181820E-01,-2.581818181818181E-01, -1.0
 3.018181818181820E-01,-3.400000000000000E-01,  1.0
 2.903354179381282E-01,-2.618181818181817E-01, -1.0
 3.218181818181820E-01,-2.036363636363635E-01,  1.0
 3.018181818181820E-01,-2.654545454545454E-01, -1.0
 3.018181818181820E-01,-1.758316375255963E-01,  1.0
 2.393635692099261E-01,-2.090909090909090E-01, -1.0
 2.618181818181819E-01,-1.313310827794830E-01,  1.0
 2.773000401895515E-01,-2.127272727272727E-01, -1.0
 2.618181818181819E-01,-1.345454545454544E-01,  1.0
 3.418181818181820E-01,-9.636363636363628E-02, -1.0
 2.618181818181819E-01,-1.303040686084584E-01,  1.0
 3.418181818181820E-01,-7.999999999999992E-02, -1.0
 2.618181818181819E-01,-1.018181818181817E-01,  1.0
 3.418181818181820E-01,-7.320376776301729E-02, -1.0
 2.736643103022485E-01,-2.545454545454535E-02,  1.0
 2.018181818181819E-01,-6.727272727272718E-02, -1.0
 2.210616403526328E-01, 1.710235970895448E-03,  1.0
 3.018181818181820E-01, 4.909090909090921E-02, -1.0
 2.618181818181819E-01,-1.272727272727262E-02,  1.0
 3.218181818181820E-01, 4.545454545454557E-02, -1.0
 2.418181818181819E-01, 3.636363636363747E-03,  1.0
 3.018181818181820E-01, 4.207343241884511E-02, -1.0
 2.618181818181819E-01, 1.733167927400668E-01,  1.0
 2.418181818181819E-01, 7.818181818181834E-02, -1.0
 2.618181818181819E-01, 1.563636363636365E-01,  1.0
 3.470832261019887E-01, 1.945454545454547E-01, -1.0
 2.622586201692828E-01, 1.727272727272729E-01,  1.0
 3.418181818181820E-01, 1.909090909090910E-01, -1.0
 2.818181818181820E-01, 2.490909090909093E-01,  1.0
 3.500947836771429E-01, 1.872727272727274E-01, -1.0
 3.018181818181820E-01, 2.454545454545456E-01,  1.0
 2.535918788617713E-01, 2.836363636363638E-01, -1.0
 2.818181818181820E-01, 2.495599391550667E-01,  1.0
 2.618181818181819E-01, 3.000000000000002E-01, -1.0
 2.818181818181820E-01, 2.581818181818183E-01,  1.0
 3.418181818181820E-01, 3.563636363636365E-01, -1.0
 2.218181818181819E-01, 4.069541513630330E-01,  1.0
 3.418181818181820E-01, 3.527272727272729E-01, -1.0
 2.218181818181819E-01, 3.909090909090911E-01,  1.0
 3.418181818181820E-01, 3.639549106364957E-01, -1.0
 2.092037221953535E-01, 4.072727272727274E-01,  1.0
 3.218181818181820E-01, 3.854545454545455E-01, -1.0
 2.418181818181819E-01, 4.974480743463885E-01,  1.0
 2.982522124543476E-01, 5.018181818181819E-01, -1.0
 2.579684131641710E-01, 5.200000000000002E-01,  1.0
 3.018181818181820E-01, 5.181818181818184E-01, -1.0
 2.418181818181819E-01, 5.163636363636366E-01,  1.0
 3.018181818181820E-01, 5.345454545454547E-01, -1.0
 2.423338851569284E-01, 5.365004150837100E-01,  1.0
 3.272871834858046E-01, 6.109090909090911E-01, -1.0
 3.280907045998903E-01, 5.444948061169032E-01,  1.0
 3.218181818181820E-01, 6.272727272727274E-01, -1.0
 2.818181818181820E-01, 6.905248120008838E-01,  1.0
 3.248124827587278E-01, 6.236363636363638E-01, -1.0
 2.818181818181820E-01, 6.818181818181820E-01,  1.0
 3.618181818181820E-01, 7.295237830664230E-01, -1.0
 2.715438185205329E-01, 6.781818181818183E-01,  1.0
 2.146391720151868E-01, 6.972578578919036E-01, -1.0
 2.485190398195102E-01, 7.745454545454548E-01,  1.0
 3.544625201274831E-01, 7.327272727272729E-01, -1.0
 2.618181818181819E-01, 7.909090909090911E-01,  1.0
 3.523950031926159E-01, 7.490909090909093E-01, -1.0
 2.818181818181820E-01, 7.809285770482203E-01,  1.0
 3.018181818181820E-01, 8.854545454545457E-01, -1.0
 2.218181818181819E-01, 9.236363636363639E-01,  1.0
 3.248611768960392E-01, 8.618181818181820E-01, -1.0
 2.309776995838511E-01, 9.400000000000003E-01,  1.0
 2.800000000000001E-01,-9.655125163618118E-01,  1.0
 2.957248855801249E-01,-8.818181818181818E-01, -1.0
 3.400000000000002E-01,-8.636363636363636E-01,  1.0
 2.389091821854747E-01,-8.654545454545455E-01, -1.0
 3.600000000000002E-01,-8.454344874965544E-01,  1.0
 2.800000000000001E-01,-8.701425257626610E-01, -1.0
 2.400000000000001E-01,-7.509090909090909E-01,  1.0
 3.400000000000002E-01,-7.327272727272727E-01, -1.0
 2.479458093616163E-01,-7.476410488232346E-01,  1.0
 3.200000000000002E-01,-6.987672632808934E-01, -1.0
 2.200000000000001E-01,-7.227196812124301E-01,  1.0
 3.200000000000002E-01,-7.000000000000000E-01, -1.0
 2.400000000000001E-01,-7.418181818181818E-01,  1.0
 3.326416524449526E-01,-6.836363636363636E-01, -1.0
 2.548881210061248E-01,-6.084223102620960E-01,  1.0
 3.578296803611387E-01,-6.008887400038017E-01, -1.0
 2.600000000000001E-01,-6.090909090909091E-01,  1.0
 3.600000000000002E-01,-5.709090909090909E-01, -1.0
 2.439516673038348E-01,-6.127272727272728E-01,  1.0
 3.600000000000002E-01,-5.545454545454546E-01, -1.0
 2.800000000000001E-01,-5.163636363636364E-01,  1.0
 3.800000000000002E-01,-4.846161501825540E-01, -1.0
 2.800000000000001E-01,-4.999999999999999E-01,  1.0
 3.800000000000002E-01,-4.999648106358405E-01, -1.0
 2.800000000000001E-01,-4.836363636363636E-01,  1.0
 3.800000000000002E-01,-4.975753914910209E-01, -1.0
 2.708717475136460E-01,-4.310530286092287E-01,  1.0
 2.000000000000001E-01,-3.964752233059072E-01, -1.0
 2.927882289580964E-01,-3.509090909090908E-01,  1.0
 3.562692740747179E-01,-4.527272727272728E-01, -1.0
 3.000000000000002E-01,-3.545454545454545E-01,  1.0
 3.400000000000002E-01,-4.363636363636364E-01, -1.0
 3.000000000000002E-01,-3.381818181818181E-01,  1.0
 3.000000000000002E-01,-2.599999999999999E-01, -1.0
 2.855226285532641E-01,-3.418181818181818E-01,  1.0
 2.956261850588501E-01,-2.636363636363636E-01, -1.0
 3.363147423492333E-01,-2.054545454545453E-01,  1.0
 3.400000000000002E-01,-1.872727272727272E-01, -1.0
 3.310751919787874E-01,-1.958209208528129E-01,  1.0
 2.453300330499444E-01,-2.309090909090909E-01, -1.0
 2.641885461772144E-01,-1.327272727272726E-01,  1.0
 2.642894763092211E-01,-2.145454545454545E-01, -1.0
 2.600000000000001E-01,-1.163636363636363E-01,  1.0
 3.400000000000002E-01,-7.818181818181812E-02, -1.0
 2.600000000000001E-01,-1.199999999999999E-01,  1.0
 3.200000000000002E-01,-6.874435483097237E-02, -1.0
 2.600000000000001E-01,-1.819889392347755E-02,  1.0
 3.400000000000002E-01,-6.545454545454536E-02, -1.0
 2.800000000000001E-01,-2.727272727272717E-02,  1.0
 3.200000000000002E-01, 3.090909090909102E-02, -1.0
 2.600000000000001E-01,-3.090909090909080E-02,  1.0
 3.200000000000002E-01, 5.899437841633189E-02, -1.0
 2.608849471749471E-01, 1.429980198628039E-01,  1.0
 3.200000000000002E-01, 4.363636363636375E-02, -1.0
 2.600000000000001E-01, 1.618181818181819E-01,  1.0
 3.200000000000002E-01, 6.000000000000013E-02, -1.0
 2.600000000000001E-01, 1.736734456674980E-01,  1.0
 3.095857840269709E-01, 6.734654034830703E-02, -1.0
 2.600000000000001E-01, 1.545454545454547E-01,  1.0
 3.400000000000002E-01, 1.927272727272729E-01, -1.0
 2.600000000000001E-01, 1.709090909090910E-01,  1.0
 3.496769686478373E-01, 1.853576058183767E-01, -1.0
 2.957336631966427E-01, 2.472727272727274E-01,  1.0
 3.400000000000002E-01, 1.884606291031859E-01, -1.0
 2.906727129973524E-01, 2.574698432344177E-01,  1.0
 2.600000000000001E-01, 2.818181818181820E-01, -1.0
 3.000000000000002E-01, 2.490739583861757E-01,  1.0
 3.400000000000002E-01, 3.381818181818184E-01, -1.0
 2.954172319965672E-01, 2.763636363636365E-01,  1.0
 3.421615194711015E-01, 3.545454545454547E-01, -1.0
 2.200000000000001E-01, 4.007527478029866E-01,  1.0
 3.400000000000002E-01, 3.520808497497301E-01, -1.0
 2.400000000000001E-01, 4.290909090909093E-01,  1.0
 3.396344893471704E-01, 3.884234565583050E-01, -1.0
 2.519485576792110E-01, 5.054545454545456E-01,  1.0
 3.400000000000002E-01, 3.690312104112876E-01, -1.0
 2.400000000000001E-01, 5.018181818181819E-01,  1.0
 2.928914513648546E-01, 5.041834001947144E-01, -1.0
 3.200000000000002E-01, 5.381818181818184E-01,  1.0
 3.000000000000002E-01, 5.163636363636366E-01, -1.0
 3.200000000000002E-01, 5.382893624374141E-01,  1.0
 3.220214232216783E-01, 6.255955727385188E-01, -1.0
 3.200000000000002E-01, 5.509090909090910E-01,  1.0
 3.395650923781614E-01, 6.290909090909093E-01, -1.0
 2.101846635863729E-01, 5.472727272727274E-01,  1.0
 3.200000000000002E-01, 6.135419488370197E-01, -1.0
 2.791483469382732E-01, 6.925506239344577E-01,  1.0
 3.286011904945392E-01, 6.281949476280171E-01, -1.0
 2.800000000000001E-01, 6.881941879384708E-01,  1.0
 3.600000000000002E-01, 7.473696404408282E-01, -1.0
 2.800000000000001E-01, 6.963636363636365E-01,  1.0
 3.524063069184108E-01, 7.345454545454547E-01, -1.0
 2.800000000000001E-01, 7.727272727272729E-01,  1.0
 3.572963863867689E-01, 7.341580032732782E-01, -1.0
 2.808107075584643E-01, 7.890909090909093E-01,  1.0
 2.700798451947606E-01, 8.302428408905297E-01, -1.0
 2.800000000000001E-01, 7.854545454545456E-01,  1.0
 3.714847113236679E-01, 8.549458832116260E-01, -1.0
 3.224061534315613E-01, 9.418181818181821E-01,  1.0
 3.401390690930649E-01, 8.600000000000002E-01, -1.0
 2.981818181818183E-01,-8.800000000000000E-01, -1.0
 3.751736838914975E-01,-9.818181818181819E-01,  1.0
 2.981818181818183E-01,-8.995889238256023E-01, -1.0
 3.571858256580299E-01,-8.636070024908457E-01,  1.0
 3.581818181818184E-01,-7.672727272727272E-01, -1.0
 2.581818181818183E-01,-7.690909090909090E-01,  1.0
 2.491439563103204E-01,-8.608239085204449E-01, -1.0
 2.694307055961171E-01,-7.527272727272727E-01,  1.0
 3.503108355750277E-01,-7.545454545454545E-01, -1.0
 2.581818181818183E-01,-7.485979842090648E-01,  1.0
 3.381818181818184E-01,-6.993038806756637E-01, -1.0
 2.381818181818183E-01,-7.400000000000000E-01,  1.0
 3.181818181818183E-01,-7.018181818181818E-01, -1.0
 2.581818181818183E-01,-7.499074812537936E-01,  1.0
 3.181818181818183E-01,-6.854545454545454E-01, -1.0
 2.524909734202699E-01,-6.072727272727272E-01,  1.0
 3.581818181818184E-01,-5.944930708384433E-01, -1.0
 2.581818181818183E-01,-6.227302089457378E-01,  1.0
 3.581818181818184E-01,-5.727272727272728E-01, -1.0
 2.781818181818183E-01,-5.145454545454545E-01,  1.0
 3.781818181818184E-01,-4.937191200626274E-01, -1.0
 2.781818181818183E-01,-4.981818181818182E-01,  1.0
 3.781818181818184E-01,-4.830499876777529E-01, -1.0
 2.981818181818183E-01,-5.018181818181817E-01,  1.0
 3.781818181818184E-01,-4.955430556802736E-01, -1.0
 2.789174964702188E-01,-4.254545454545454E-01,  1.0
 3.581818181818184E-01,-4.703390891851115E-01, -1.0
 2.981818181818183E-01,-3.490909090909090E-01,  1.0
 3.524296295578174E-01,-4.509090909090909E-01, -1.0
 3.981818181818184E-01,-3.365506028156585E-01,  1.0
 3.381818181818184E-01,-4.345454545454546E-01, -1.0
 2.998074907400203E-01,-3.563636363636363E-01,  1.0
 3.015400952122956E-01,-2.581818181818181E-01, -1.0
 2.844372532307105E-01,-3.400000000000000E-01,  1.0
 2.981818181818183E-01,-2.618181818181817E-01, -1.0
 2.947112746091782E-01,-3.436363636363636E-01,  1.0
 2.952547220272198E-01,-2.709158406156691E-01, -1.0
 3.320907487042169E-01,-2.072727272727272E-01,  1.0
 2.981818181818183E-01,-2.690909090909090E-01, -1.0
 3.215342189907384E-01,-1.951965625548462E-01,  1.0
 2.581818181818183E-01,-2.327272727272727E-01, -1.0
 2.781818181818183E-01,-1.249126165414853E-01,  1.0
 3.381818181818184E-01,-8.723814644770825E-02, -1.0
 2.581818181818183E-01,-1.276441435676556E-01,  1.0
 3.381818181818184E-01,-7.999999999999992E-02, -1.0
 2.781818181818183E-01,-4.181818181818172E-02,  1.0
 3.381818181818184E-01,-6.861425428697435E-02, -1.0
 2.752966355297304E-01,-4.168214413688354E-02,  1.0
 3.181818181818183E-01, 3.272727272727283E-02, -1.0
 2.781818181818183E-01,-2.909090909090899E-02,  1.0
 3.215195230536907E-01, 4.909090909090921E-02, -1.0
 2.381818181818183E-01, 7.272727272727377E-03,  1.0
 3.181818181818183E-01, 2.789266174848582E-02, -1.0
 3.981818181818184E-01, 1.036363636363637E-01,  1.0
 3.181818181818183E-01, 4.181818181818193E-02, -1.0
 3.981818181818184E-01, 1.000000000000001E-01,  1.0
 2.977488619992907E-01, 7.818181818181832E-02, -1.0
 2.581818181818183E-01, 1.679935608661572E-01,  1.0
 3.381818181818184E-01, 1.783425742839184E-01, -1.0
 2.848639078207341E-01, 2.527272727272729E-01,  1.0
 3.409484224995318E-01, 1.909090909090910E-01, -1.0
 2.981818181818183E-01, 2.490909090909093E-01,  1.0
 3.581818181818184E-01, 1.872727272727274E-01, -1.0
 2.910488366309347E-01, 2.454545454545456E-01,  1.0
 3.528504571207013E-01, 3.436363636363639E-01, -1.0
 2.981818181818183E-01, 2.418181818181819E-01,  1.0
 3.381818181818184E-01, 3.400000000000002E-01, -1.0
 2.981818181818183E-01, 2.581818181818183E-01,  1.0
 3.381818181818184E-01, 3.563636363636365E-01, -1.0
 2.228013918643947E-01, 4.053256234183734E-01,  1.0
 3.381818181818184E-01, 3.527272727272729E-01, -1.0
 4.181818181818184E-01, 4.413464736158433E-01,  1.0
 3.217101969950675E-01, 3.690909090909092E-01, -1.0
 4.181818181818184E-01, 4.335468100119669E-01,  1.0
 2.981818181818183E-01, 4.254545454545456E-01, -1.0
 3.981818181818184E-01, 4.636363636363638E-01,  1.0
 3.181818181818183E-01, 4.172047434540957E-01, -1.0
 3.181818181818183E-01, 5.488765129033676E-01,  1.0
 3.581818181818184E-01, 4.981818181818184E-01, -1.0
 3.181818181818183E-01, 5.563636363636366E-01,  1.0
 3.381818181818184E-01, 6.145454545454547E-01, -1.0
 3.181818181818183E-01, 5.395225464817978E-01,  1.0
 3.381818181818184E-01, 6.145974694605644E-01, -1.0
 3.065515004484658E-01, 5.490909090909092E-01,  1.0
 3.415747013459349E-01, 6.263421973775818E-01, -1.0
 2.781818181818183E-01, 6.832145304967161E-01,  1.0
 3.285439886237354E-01, 6.236363636363638E-01, -1.0
 2.781818181818183E-01, 7.023126036231597E-01,  1.0
 3.981818181818184E-01, 7.200000000000002E-01, -1.0
 2.735213653403238E-01, 6.949480188876599E-01,  1.0
 3.783398937432637E-01, 7.250989926408113E-01, -1.0
 2.981818181818183E-01, 7.745454545454548E-01,  1.0
 3.494108769243293E-01, 7.308476041191133E-01, -1.0
 2.864303974536472E-01, 7.909090909090911E-01,  1.0
 3.714713846441691E-01, 8.490909090909093E-01, -1.0
 2.781818181818183E-01, 7.824951772577099E-01,  1.0
 3.779645693080061E-01, 8.454545454545457E-01, -1.0
 2.282818414766887E-01, 9.236363636363639E-01,  1.0
 3.581818181818184E-01, 8.618181818181820E-01, -1.0
 3.213772068709713E-01, 9.576790255502777E-01,  1.0
 3.763636363636366E-01,-8.871296267833566E-01,  1.0
 2.902707474005020E-01,-8.937656960338193E-01, -1.0
 3.763636363636366E-01,-8.836363636363637E-01,  1.0
 3.697819643996044E-01,-7.730672439055515E-01, -1.0
 3.746383945730668E-01,-8.681956342445828E-01,  1.0
 3.632788756122773E-01,-7.690909090909090E-01, -1.0
 2.476168179501528E-01,-7.379166602537003E-01,  1.0
 3.712010548172659E-01,-8.043631755251510E-01, -1.0
 2.566834660847846E-01,-7.514000013435650E-01,  1.0
 3.563636363636365E-01,-7.563636363636363E-01, -1.0
 3.865372623552944E-01,-6.981818181818181E-01,  1.0
 3.339636900614067E-01,-7.000000000000000E-01, -1.0
 3.763636363636366E-01,-6.901782587283181E-01,  1.0
 3.202266063029390E-01,-6.836363636363636E-01, -1.0
 3.963636363636366E-01,-6.854545454545454E-01,  1.0
 3.563636363636365E-01,-6.072727272727272E-01, -1.0
 2.563636363636365E-01,-6.090909090909091E-01,  1.0
 3.563636363636365E-01,-5.709090909090909E-01, -1.0
 2.464949657948892E-01,-6.189624062245276E-01,  1.0
 3.561193838162789E-01,-5.700320258360614E-01, -1.0
 4.119444765800268E-01,-5.563636363636364E-01,  1.0
 3.763636363636366E-01,-4.881335213696986E-01, -1.0
 2.963636363636365E-01,-4.999999999999999E-01,  1.0
 3.763636363636366E-01,-4.818181818181817E-01, -1.0
 2.763636363636365E-01,-4.334064772997298E-01,  1.0
 3.695231123261081E-01,-4.833041504006083E-01, -1.0
 4.033925998114474E-01,-3.472727272727272E-01,  1.0
 3.763636363636366E-01,-4.890909090909091E-01, -1.0
 3.963636363636366E-01,-3.509090909090908E-01,  1.0
 3.472232084188174E-01,-4.527272727272728E-01, -1.0
 2.963636363636365E-01,-3.507151357424299E-01,  1.0
 2.963636363636365E-01,-2.563636363636362E-01, -1.0
 3.963636363636366E-01,-3.463008313073710E-01,  1.0
 2.963636363636365E-01,-2.599999999999999E-01, -1.0
 4.163636363636366E-01,-2.218181818181817E-01,  1.0
 2.963636363636365E-01,-2.752960349321823E-01, -1.0
 4.060360091613984E-01,-2.128366513579437E-01,  1.0
 3.047661749261456E-01,-2.672727272727272E-01, -1.0
 3.363636363636365E-01,-2.090909090909090E-01,  1.0
 2.751825671070298E-01,-2.190033916944715E-01, -1.0
 2.823578208745948E-01,-1.327272727272726E-01,  1.0
 3.563636363636365E-01,-1.912479963928842E-01, -1.0
 2.834196541744910E-01,-1.385263224050652E-01,  1.0
 3.279489415422433E-01,-7.818181818181812E-02, -1.0
 3.963636363636366E-01,-1.199999999999999E-01,  1.0
 3.406211404582500E-01,-6.181818181818172E-02, -1.0
 2.763636363636365E-01,-3.125110269034223E-02,  1.0
 3.363636363636365E-01,-6.287590479215342E-02, -1.0
 2.763636363636365E-01,-2.727272727272717E-02,  1.0
 3.363636363636365E-01,-6.909090909090899E-02, -1.0
 2.963636363636365E-01,-2.543859725353809E-02,  1.0
 3.323057100156442E-01, 4.727272727272739E-02, -1.0
 4.163636363636366E-01, 8.545454545454556E-02,  1.0
 3.133726588972002E-01, 4.790796218378082E-02, -1.0
 4.069609185945156E-01, 1.018181818181819E-01,  1.0
 3.163636363636365E-01, 7.136903948709659E-02, -1.0
 2.763636363636365E-01, 1.671068490752941E-01,  1.0
 3.439938447225614E-01, 1.963636363636365E-01, -1.0
 2.590115942627257E-01, 1.545454545454547E-01,  1.0
 3.563636363636365E-01, 1.927272727272729E-01, -1.0
 2.947561939958721E-01, 2.407784986862077E-01,  1.0
 3.563636363636365E-01, 1.978626048321431E-01, -1.0
 2.963636363636365E-01, 2.483059930973180E-01,  1.0
 3.563636363636365E-01, 1.790719341334911E-01, -1.0
 2.963636363636365E-01, 2.436363636363638E-01,  1.0
 3.638808861975552E-01, 3.418181818181820E-01, -1.0
 2.942598219185156E-01, 2.600000000000001E-01,  1.0
 3.553477653453078E-01, 3.561045430620955E-01, -1.0
 2.763636363636365E-01, 3.163636363636365E-01,  1.0
 3.363636363636365E-01, 3.545454545454547E-01, -1.0
 4.363636363636366E-01, 4.327272727272730E-01,  1.0
 3.363636363636365E-01, 3.709090909090911E-01, -1.0
 4.163636363636366E-01, 4.490909090909093E-01,  1.0
 3.354490709314701E-01, 3.570410035624687E-01, -1.0
 3.963636363636366E-01, 4.454545454545456E-01,  1.0
 3.163636363636365E-01, 4.077166721154915E-01, -1.0
 3.163636363636365E-01, 5.418181818181820E-01,  1.0
 3.493067270895198E-01, 4.800000000000002E-01, -1.0
 3.205150069442113E-01, 5.393664943276646E-01,  1.0
 3.363636363636365E-01, 4.946076641565754E-01, -1.0
 3.163636363636365E-01, 5.545454545454547E-01,  1.0
 3.392417429021638E-01, 6.327272727272729E-01, -1.0
 3.163636363636365E-01, 5.509090909090910E-01,  1.0
 3.363636363636365E-01, 6.290909090909093E-01, -1.0
 2.963636363636365E-01, 6.872727272727275E-01,  1.0
 3.395358401921693E-01, 6.254545454545456E-01, -1.0
 2.963636363636365E-01, 7.036363636363638E-01,  1.0
 4.163636363636366E-01, 7.218181818181820E-01, -1.0
 2.784209863007668E-01, 6.862522614057216E-01,  1.0
 4.163636363636366E-01, 7.181818181818184E-01, -1.0
 2.810320723054422E-01, 6.963636363636365E-01,  1.0
 4.026225940587967E-01, 7.345454545454547E-01, -1.0
 3.163636363636365E-01, 7.787434171324153E-01,  1.0
 3.693731487393574E-01, 7.309090909090911E-01, -1.0
 3.060697355404398E-01, 7.911458930074433E-01,  1.0
 3.758678308305403E-01, 8.472727272727275E-01, -1.0
 2.901581550418999E-01, 7.770692784307255E-01,  1.0
 3.628998862709109E-01, 8.436363636363639E-01, -1.0
 3.163636363636365E-01, 9.418181818181821E-01,  1.0
 3.654489398078161E-01, 8.560799779273601E-01, -1.0
 3.045031000831835E-01,-8.792154702000050E-01, -1.0
 3.745454545454547E-01,-9.018181818181819E-01,  1.0
 2.895691311362990E-01,-8.836363636363637E-01, -1.0
 3.745454545454547E-01,-8.938169952013726E-01,  1.0
 3.545454545454547E-01,-7.872727272727272E-01, -1.0
 3.745454545454547E-01,-8.690909090909091E-01,  1.0
 3.550394072977254E-01,-7.860870905517210E-01, -1.0
 2.545454545454546E-01,-7.527272727272727E-01,  1.0
 3.545454545454547E-01,-7.745454545454545E-01, -1.0
 3.945454545454548E-01,-6.963636363636363E-01,  1.0
 3.345454545454547E-01,-7.381818181818182E-01, -1.0
 3.745454545454547E-01,-6.799999999999999E-01,  1.0
 3.145454545454547E-01,-7.018181818181818E-01, -1.0
 3.893827178919188E-01,-6.836363636363636E-01,  1.0
 3.480616842342399E-01,-6.054545454545454E-01, -1.0
 3.745454545454547E-01,-6.472727272727272E-01,  1.0
 3.745454545454547E-01,-5.690909090909091E-01, -1.0
 3.763833022305716E-01,-6.642416214522486E-01,  1.0
 3.603272256261878E-01,-5.527272727272727E-01, -1.0
 4.145454545454548E-01,-5.734761896878440E-01,  1.0
 3.545454545454547E-01,-5.563636363636364E-01, -1.0
 4.228963848747779E-01,-5.672548857624766E-01,  1.0
 3.848159077833387E-01,-4.858274086040602E-01, -1.0
 2.953909518659122E-01,-3.818181818181817E-01,  1.0
 3.880470900932835E-01,-4.836363636363636E-01, -1.0
 3.945454545454548E-01,-3.454545454545453E-01,  1.0
 3.945454545454548E-01,-4.872727272727273E-01, -1.0
 3.945454545454548E-01,-3.490909090909090E-01,  1.0
 3.595700187506024E-01,-4.602323312952480E-01, -1.0
 3.945454545454548E-01,-3.527272727272727E-01,  1.0
 3.345454545454547E-01,-4.145454545454546E-01, -1.0
 3.945454545454548E-01,-3.563636363636363E-01,  1.0
 3.145454545454547E-01,-2.581818181818181E-01, -1.0
 3.945454545454548E-01,-3.400000000000000E-01,  1.0
 2.945454545454547E-01,-2.631493835748834E-01, -1.0
 4.345454545454548E-01,-2.320854702734971E-01,  1.0
 2.945454545454547E-01,-2.635206135375088E-01, -1.0
 4.248494626085269E-01,-2.098460874700640E-01,  1.0
 3.145454545454547E-01,-2.690909090909090E-01, -1.0
 3.184769452623684E-01,-2.096884832982477E-01,  1.0
 3.545454545454547E-01,-1.727272727272726E-01, -1.0
 3.945454545454548E-01,-1.231837617918036E-01,  1.0
 3.374575518079466E-01,-1.715785522261021E-01, -1.0
 2.945454545454547E-01,-1.381818181818181E-01,  1.0
 3.345454545454547E-01,-7.999999999999992E-02, -1.0
 4.008812740846612E-01,-1.122828609008913E-01,  1.0
 3.345454545454547E-01,-6.363636363636355E-02, -1.0
 2.587985177760395E-01,-3.996075081554593E-02,  1.0
 3.345454545454547E-01,-6.488975532826892E-02, -1.0
 2.705724266985700E-01,-3.906375058054607E-02,  1.0
 3.145454545454547E-01, 2.909090909090920E-02, -1.0
 4.145454545454548E-01, 8.727272727272738E-02,  1.0
 3.180276631443447E-01, 4.545454545454557E-02, -1.0
 4.345454545454548E-01, 1.036363636363637E-01,  1.0
 3.145454545454547E-01, 4.181818181818193E-02, -1.0
 4.545454545454548E-01, 1.062436624811653E-01,  1.0
 3.545454545454547E-01, 1.981818181818184E-01, -1.0
 4.334769727507027E-01, 9.636363636363650E-02,  1.0
 3.545454545454547E-01, 1.945454545454547E-01, -1.0
 4.345454545454548E-01, 1.127272727272728E-01,  1.0
 3.545454545454547E-01, 1.909090909090910E-01, -1.0
 2.945454545454547E-01, 2.490909090909093E-01,  1.0
 3.480877421035228E-01, 1.880028191415799E-01, -1.0
 4.545454545454548E-01, 2.479519915087983E-01,  1.0
 3.523356370208769E-01, 2.036363636363637E-01, -1.0
 4.145454545454548E-01, 2.622154070815461E-01,  1.0
 3.545454545454547E-01, 3.400000000000002E-01, -1.0
 2.936889436754799E-01, 2.942193399051691E-01,  1.0
 3.545454545454547E-01, 3.363636363636365E-01, -1.0
 2.945454545454547E-01, 2.545454545454546E-01,  1.0
 3.545454545454547E-01, 3.360868659005544E-01, -1.0
 4.345454545454548E-01, 4.342383959350279E-01,  1.0
 3.345454545454547E-01, 3.654180361120293E-01, -1.0
 4.145454545454548E-01, 4.472727272727274E-01,  1.0
 3.474033283024886E-01, 3.654545454545455E-01, -1.0
 4.198005609686591E-01, 4.436363636363638E-01,  1.0
 3.345454545454547E-01, 4.818181818181820E-01, -1.0
 4.322906289535353E-01, 4.404058404277738E-01,  1.0
 3.464072986210064E-01, 5.127859669447254E-01, -1.0
 4.145454545454548E-01, 5.363636363636366E-01,  1.0
 3.345454545454547E-01, 6.145454545454547E-01, -1.0
 3.275613829365863E-01, 5.495916854959549E-01,  1.0
 3.345454545454547E-01, 6.109090909090911E-01, -1.0
 3.345454545454547E-01, 5.364607138559417E-01,  1.0
 3.345454545454547E-01, 6.272727272727274E-01, -1.0
 2.945454545454547E-01, 6.854545454545456E-01,  1.0
 4.345454545454548E-01, 7.199339888108983E-01, -1.0
 2.854750183864938E-01, 6.818181818181820E-01,  1.0
 4.345454545454548E-01, 7.142315424567739E-01, -1.0
 3.145454545454547E-01, 6.981818181818183E-01,  1.0
 4.021406418786822E-01, 7.163636363636365E-01, -1.0
 3.145454545454547E-01, 7.745454545454548E-01,  1.0
 4.345454545454548E-01, 7.335578624495329E-01, -1.0
 3.123823566917592E-01, 7.709090909090911E-01,  1.0
 4.145454545454548E-01, 7.690909090909093E-01, -1.0
 2.987013466184975E-01, 7.872727272727275E-01,  1.0
 3.745454545454547E-01, 8.488712132862036E-01, -1.0
 2.745454545454546E-01, 7.836363636363638E-01,  1.0
 3.745454545454547E-01, 8.418181818181820E-01, -1.0
 3.145454545454547E-01, 9.600000000000003E-01,  1.0
 3.927272727272729E-01,-9.000000000000000E-01,  1.0
 2.927272727272728E-01,-8.937244791819263E-01, -1.0
 3.895243194428642E-01,-8.831996690745667E-01,  1.0
 3.527272727272729E-01,-7.854545454545454E-01, -1.0
 3.736308198435543E-01,-8.872727272727273E-01,  1.0
 3.727272727272729E-01,-7.890909090909091E-01, -1.0
 4.035762185672893E-01,-8.403228930631603E-01,  1.0
 3.563455988399398E-01,-7.727272727272727E-01, -1.0
 3.785414854970462E-01,-6.945454545454545E-01,  1.0
 3.645851354350818E-01,-7.763636363636364E-01, -1.0
 3.927272727272729E-01,-6.981818181818181E-01,  1.0
 4.527272727272730E-01,-6.399999999999999E-01, -1.0
 3.927272727272729E-01,-6.818181818181818E-01,  1.0
 4.327272727272730E-01,-6.328312599347331E-01, -1.0
 3.927272727272729E-01,-6.654545454545454E-01,  1.0
 3.527272727272729E-01,-5.990235090699286E-01, -1.0
 3.727272727272729E-01,-6.516810056135967E-01,  1.0
 3.501972933195894E-01,-5.709090909090909E-01, -1.0
 4.327272727272730E-01,-5.727272727272728E-01,  1.0
 3.527272727272729E-01,-5.545454545454546E-01, -1.0
 2.927272727272728E-01,-4.977674226848917E-01,  1.0
 3.775609077899079E-01,-4.981818181818182E-01, -1.0
 4.527272727272730E-01,-5.471564592833396E-01,  1.0
 3.927272727272729E-01,-4.818181818181817E-01, -1.0
 4.019356923785824E-01,-3.636363636363635E-01,  1.0
 3.739848095420189E-01,-4.854545454545455E-01, -1.0
 3.852611350162625E-01,-3.472727272727272E-01,  1.0
 3.927272727272729E-01,-4.890909090909091E-01, -1.0
 3.927272727272729E-01,-3.509090909090908E-01,  1.0
 3.727272727272729E-01,-4.658863305129378E-01, -1.0
 3.912801670536108E-01,-3.466268974997518E-01,  1.0
 3.017983707483357E-01,-2.578397368588576E-01, -1.0
 3.927272727272729E-01,-3.442590764529440E-01,  1.0
 3.072733993660461E-01,-2.599999999999999E-01, -1.0
 3.925671277007675E-01,-3.418181818181818E-01,  1.0
 3.127272727272729E-01,-2.636363636363636E-01, -1.0
 4.327272727272730E-01,-2.171336104670135E-01,  1.0
 3.527272727272729E-01,-1.872727272727272E-01, -1.0
 4.386391524724278E-01,-2.112664906542904E-01,  1.0
 3.527272727272729E-01,-1.709090909090908E-01, -1.0
 4.327272727272730E-01,-2.122657243097491E-01,  1.0
 3.527272727272729E-01,-1.738287258183802E-01, -1.0
 3.927272727272729E-01,-1.115648056298047E-01,  1.0
 3.327272727272729E-01,-7.818181818181812E-02, -1.0
 3.927272727272729E-01,-1.301709196462860E-01,  1.0
 3.327272727272729E-01,-6.181818181818172E-02, -1.0
 4.127272727272729E-01,-2.363636363636354E-02,  1.0
 3.327272727272729E-01,-8.032893039428443E-02, -1.0
 4.127272727272729E-01,-4.988910167197957E-02,  1.0
 3.132418029830890E-01, 4.319044912008638E-02, -1.0
 4.127272727272729E-01,-3.090909090909080E-02,  1.0
 3.252513823144046E-01, 3.649473018722520E-02, -1.0
 4.505291503637593E-01, 1.075460082023775E-01,  1.0
 3.213732679660269E-01, 3.892737725592922E-02, -1.0
 4.527272727272730E-01, 1.124805381757871E-01,  1.0
 3.527272727272729E-01, 1.800000000000002E-01, -1.0
 4.527272727272730E-01, 1.181818181818183E-01,  1.0
 3.527272727272729E-01, 1.899923888607990E-01, -1.0
 4.527272727272730E-01, 1.145454545454547E-01,  1.0
 3.527272727272729E-01, 1.927272727272729E-01, -1.0
 4.527272727272730E-01, 1.109090909090910E-01,  1.0
 3.527272727272729E-01, 1.890909090909092E-01, -1.0
 4.527272727272730E-01, 2.672727272727274E-01,  1.0
 3.527272727272729E-01, 3.254545454545457E-01, -1.0
 4.527272727272730E-01, 2.636363636363638E-01,  1.0
 3.563150561788704E-01, 3.413803226375451E-01, -1.0
 4.527272727272730E-01, 2.600000000000001E-01,  1.0
 3.527272727272729E-01, 3.381818181818184E-01, -1.0
 4.327272727272730E-01, 4.363636363636366E-01,  1.0
 3.536473285145966E-01, 3.545454545454547E-01, -1.0
 4.274345313336202E-01, 4.327272727272730E-01,  1.0
 3.327272727272729E-01, 3.547196368832178E-01, -1.0
 4.036114611442596E-01, 4.490909090909093E-01,  1.0
 3.478643949930353E-01, 3.514872271955363E-01, -1.0
 4.327272727272730E-01, 4.254545454545456E-01,  1.0
 3.210604002789493E-01, 4.455790314158951E-01, -1.0
 4.327272727272730E-01, 4.418181818181819E-01,  1.0
 3.527272727272729E-01, 4.968877977643277E-01, -1.0
 4.318319242650947E-01, 5.381818181818184E-01,  1.0
 3.491431524354748E-01, 4.963636363636366E-01, -1.0
 4.327272727272730E-01, 5.345454545454547E-01,  1.0
 3.226323435870911E-01, 6.127272727272729E-01, -1.0
 4.384156008061005E-01, 6.014229409695283E-01,  1.0
 3.327272727272729E-01, 6.228264468740687E-01, -1.0
 4.327272727272730E-01, 5.878127795211484E-01,  1.0
 3.327272727272729E-01, 6.254545454545456E-01, -1.0
 3.127272727272729E-01, 6.836363636363638E-01,  1.0
 4.327272727272730E-01, 7.218181818181820E-01, -1.0
 3.127272727272729E-01, 6.800000000000002E-01,  1.0
 4.127272727272729E-01, 7.270108556195215E-01, -1.0
 3.127272727272729E-01, 7.763636363636366E-01,  1.0
 4.327272727272730E-01, 7.199569306575134E-01, -1.0
 3.154863474901056E-01, 7.927272727272729E-01,  1.0
 3.973231779104556E-01, 7.847685570177708E-01, -1.0
 2.931376906709250E-01, 7.890909090909093E-01,  1.0
 3.727272727272729E-01, 8.472727272727275E-01, -1.0
 4.727272727272730E-01, 8.854545454545457E-01,  1.0
 3.809918354337982E-01, 8.436363636363639E-01, -1.0
 4.727272727272730E-01, 8.709293330102315E-01,  1.0
 3.727272727272729E-01, 8.600000000000002E-01, -1.0
 2.909090909090910E-01,-8.772730300892636E-01, -1.0
 3.909090909090911E-01,-9.018181818181819E-01,  1.0
 4.509090909090911E-01,-8.539468783007554E-01, -1.0
 3.803049627218014E-01,-8.854545454545455E-01,  1.0
 3.709090909090911E-01,-7.872727272727272E-01, -1.0
 3.737702497090095E-01,-8.690909090909091E-01,  1.0
 3.709090909090911E-01,-7.709090909090909E-01, -1.0
 3.909090909090911E-01,-6.927272727272726E-01,  1.0
 4.309090909090911E-01,-7.545454545454545E-01, -1.0
 3.909090909090911E-01,-6.929837923122324E-01,  1.0
 4.292635779529238E-01,-7.609845603200166E-01, -1.0
 3.909090909090911E-01,-7.000000000000000E-01,  1.0
 4.509090909090911E-01,-6.418181818181817E-01, -1.0
 3.806121836063953E-01,-6.984335204104931E-01,  1.0
 4.509090909090911E-01,-6.454545454545454E-01, -1.0
 3.795699443607057E-01,-6.859787542420548E-01,  1.0
 3.651708883515340E-01,-5.634699286495154E-01, -1.0
 3.901333089912930E-01,-6.509090909090910E-01,  1.0
 3.709090909090911E-01,-5.624886718976483E-01, -1.0
 3.979053470953238E-01,-5.545454545454546E-01,  1.0
 3.709090909090911E-01,-5.563636363636364E-01, -1.0
 4.328921670436884E-01,-5.611596232399256E-01,  1.0
 3.909090909090911E-01,-4.999999999999999E-01, -1.0
 3.821391258055935E-01,-3.818181818181817E-01,  1.0
 3.909090909090911E-01,-4.852014336942042E-01, -1.0
 3.956344406499449E-01,-3.854545454545454E-01,  1.0
 3.965535834599646E-01,-4.983511873269399E-01, -1.0
 3.988125139145179E-01,-3.549703131573241E-01,  1.0
 3.842147448475263E-01,-4.909090909090910E-01, -1.0
 3.909090909090911E-01,-3.467609994622436E-01,  1.0
 4.509090909090911E-01,-2.945454545454544E-01, -1.0
 3.909090909090911E-01,-3.563636363636363E-01,  1.0
 3.109090909090910E-01,-2.581818181818181E-01, -1.0
 3.909090909090911E-01,-3.400000000000000E-01,  1.0
 4.509090909090911E-01,-3.018181818181818E-01, -1.0
 4.309090909090911E-01,-2.236363636363635E-01,  1.0
 3.109090909090910E-01,-2.623890287053849E-01, -1.0
 4.192795016093551E-01,-2.072727272727272E-01,  1.0
 3.509090909090911E-01,-1.890909090909090E-01, -1.0
 4.309090909090911E-01,-2.109090909090909E-01,  1.0
 3.509090909090911E-01,-1.727272727272726E-01, -1.0
 4.047820651570340E-01,-1.145454545454545E-01,  1.0
 3.546809585649428E-01,-1.763636363636363E-01, -1.0
 4.075767017452106E-01,-1.181818181818181E-01,  1.0
 3.279985161486887E-01,-5.999999999999992E-02, -1.0
 3.909090909090911E-01,-1.187866507998958E-01,  1.0
 3.309090909090910E-01,-6.363636363636355E-02, -1.0
 4.249747685512965E-01,-3.032891823332901E-02,  1.0
 3.309090909090910E-01, 3.272727272727283E-02, -1.0
 3.942409271343835E-01,-4.909090909090899E-02,  1.0
 3.309090909090910E-01, 2.576683044778480E-02, -1.0
 4.309090909090911E-01, 8.727272727272738E-02,  1.0
 3.309090909090910E-01, 4.312588916474142E-02, -1.0
 4.153688842797070E-01, 1.036363636363637E-01,  1.0
 3.309090909090910E-01, 4.181818181818193E-02, -1.0
 4.509090909090911E-01, 1.200000000000001E-01,  1.0
 3.378275256998757E-01, 1.981818181818184E-01, -1.0
 4.509090909090911E-01, 1.193552144051544E-01,  1.0
 3.590430534858100E-01, 1.968766778455610E-01, -1.0
 4.509090909090911E-01, 1.002769491508343E-01,  1.0
 3.509090909090911E-01, 1.909090909090910E-01, -1.0
 4.709090909090912E-01, 2.490909090909093E-01,  1.0
 3.509090909090911E-01, 1.917506639921344E-01, -1.0
 4.709090909090912E-01, 2.654545454545456E-01,  1.0
 3.499952890771776E-01, 3.305914978947873E-01, -1.0
 4.642444976339946E-01, 2.618181818181819E-01,  1.0
 3.517012800252426E-01, 3.400000000000002E-01, -1.0
 4.509090909090911E-01, 2.779862913322939E-01,  1.0
 3.509090909090911E-01, 3.363636363636365E-01, -1.0
 4.395033493296225E-01, 4.345454545454548E-01,  1.0
 3.509090909090911E-01, 3.327272727272729E-01, -1.0
 4.309090909090911E-01, 4.309090909090911E-01,  1.0
 3.456912367541288E-01, 3.490909090909092E-01, -1.0
 4.309090909090911E-01, 4.272727272727274E-01,  1.0
 3.509090909090911E-01, 3.654545454545455E-01, -1.0
 4.237903993223451E-01, 4.436363636363638E-01,  1.0
 4.909090909090912E-01, 5.218181818181820E-01, -1.0
 4.309090909090911E-01, 4.400000000000002E-01,  1.0
 3.309090909090910E-01, 4.989732557760701E-01, -1.0
 4.429942954765451E-01, 5.363636363636366E-01,  1.0
 3.309090909090910E-01, 6.145454545454547E-01, -1.0
 4.309090909090911E-01, 5.527272727272728E-01,  1.0
 3.309090909090910E-01, 6.309090909090911E-01, -1.0
 4.109090909090911E-01, 5.690909090909092E-01,  1.0
 4.309090909090911E-01, 7.272727272727275E-01, -1.0
 4.417479806750568E-01, 5.854545454545456E-01,  1.0
 4.437777245993180E-01, 7.236363636363639E-01, -1.0
 2.909090909090910E-01, 6.818181818181820E-01,  1.0
 4.309090909090911E-01, 7.083018162101816E-01, -1.0
 3.309090909090910E-01, 7.781818181818184E-01,  1.0
 4.392013685838453E-01, 7.163636363636365E-01, -1.0
 3.309090909090910E-01, 7.745454545454548E-01,  1.0
 4.326933747640814E-01, 7.527272727272729E-01, -1.0
 3.309090909090910E-01, 7.909090909090911E-01,  1.0
 4.109090909090911E-01, 7.890909090909093E-01, -1.0
 4.709090909090912E-01, 8.646954369227663E-01,  1.0
 3.709090909090911E-01, 8.330559308940642E-01, -1.0
 4.709090909090912E-01, 8.836363636363639E-01,  1.0
 3.709090909090911E-01, 8.618181818181820E-01, -1.0
 4.826627046777688E-01, 8.714079799137745E-01,  1.0
 3.890909090909093E-01,-8.923283291988403E-01,  1.0
 4.490909090909093E-01,-8.418181818181818E-01, -1.0
 3.842549477826591E-01,-8.901318285163646E-01,  1.0
 4.490909090909093E-01,-8.364892153459219E-01, -1.0
 4.042653475295982E-01,-8.072727272727273E-01,  1.0
 3.690909090909092E-01,-7.690129815662853E-01, -1.0
 3.890909090909093E-01,-8.309090909090909E-01,  1.0
 4.290909090909093E-01,-7.486741683444367E-01, -1.0
 4.053695477296732E-01,-8.042850996441886E-01,  1.0
 4.290909090909093E-01,-7.563636363636363E-01, -1.0
 3.890909090909093E-01,-6.862322377919059E-01,  1.0
 4.451436566121221E-01,-7.600000000000000E-01, -1.0
 3.890909090909093E-01,-6.818181818181818E-01,  1.0
 4.490909090909093E-01,-6.490515503475009E-01, -1.0
 3.890909090909093E-01,-6.654545454545454E-01,  1.0
 4.519932369754870E-01,-6.514956692913806E-01, -1.0
 3.734159142260534E-01,-6.487380874910111E-01,  1.0
 3.690909090909092E-01,-5.709090909090909E-01, -1.0
 4.423224056178289E-01,-5.527272727272727E-01,  1.0
 3.690909090909092E-01,-5.545454545454546E-01, -1.0
 4.290909090909093E-01,-5.563636363636364E-01,  1.0
 3.890909090909093E-01,-4.981818181818182E-01, -1.0
 4.490909090909093E-01,-5.399999999999999E-01,  1.0
 3.734875079946027E-01,-4.818181818181818E-01, -1.0
 4.090909090909093E-01,-3.701969836664947E-01,  1.0
 3.890909090909093E-01,-4.854545454545455E-01, -1.0
 3.890909090909093E-01,-3.472727272727272E-01,  1.0
 3.890909090909093E-01,-4.737577700004530E-01, -1.0
 4.115698710224672E-01,-3.509090909090908E-01,  1.0
 3.951385652307420E-01,-4.727272727272728E-01, -1.0
 3.931594774780554E-01,-3.545454545454545E-01,  1.0
 4.290909090909093E-01,-2.963636363636363E-01, -1.0
 4.090909090909093E-01,-3.381818181818181E-01,  1.0
 4.290909090909093E-01,-2.766852078290712E-01, -1.0
 3.890909090909093E-01,-3.418181818181818E-01,  1.0
 4.313328337371026E-01,-2.836363636363636E-01, -1.0
 4.290909090909093E-01,-2.238543282990192E-01,  1.0
 3.490909090909092E-01,-1.872727272727272E-01, -1.0
 4.235070965960286E-01,-1.978969471267767E-01,  1.0
 3.490909090909092E-01,-1.838210785760049E-01, -1.0
 4.381086981230869E-01,-2.075595535094130E-01,  1.0
 3.438263785445260E-01,-1.758426224434065E-01, -1.0
 4.090909090909093E-01,-1.200547300089688E-01,  1.0
 4.490909090909093E-01,-1.381818181818181E-01, -1.0
 4.090909090909093E-01,-1.147103430295841E-01,  1.0
 4.290909090909093E-01,-6.181818181818172E-02, -1.0
 4.045862724909319E-01,-1.236363636363635E-01,  1.0
 3.290909090909092E-01, 3.454545454545465E-02, -1.0
 4.290909090909093E-01,-2.727272727272717E-02,  1.0
 3.290909090909092E-01, 3.090909090909102E-02, -1.0
 4.290909090909093E-01, 8.909090909090919E-02,  1.0
 3.290909090909092E-01, 4.126240746951227E-02, -1.0
 4.290909090909093E-01, 8.545454545454556E-02,  1.0
 3.290909090909092E-01, 2.363636363636375E-02, -1.0
 4.490909090909093E-01, 1.029949009824896E-01,  1.0
 3.490909090909092E-01, 1.850451726550491E-01, -1.0
 4.890909090909094E-01, 1.981818181818184E-01,  1.0
 3.490909090909092E-01, 1.763636363636365E-01, -1.0
 4.490909090909093E-01, 1.030388004554538E-01,  1.0
 3.490909090909092E-01, 1.927272727272729E-01, -1.0
 4.890909090909094E-01, 1.909090909090910E-01,  1.0
 3.550062973683042E-01, 1.860818761783030E-01, -1.0
 4.665651594342343E-01, 2.672727272727274E-01,  1.0
 3.616101639428663E-01, 2.054545454545456E-01, -1.0
 4.490909090909093E-01, 2.636363636363638E-01,  1.0
 3.510143660932623E-01, 3.452479034033246E-01, -1.0
 4.690909090909093E-01, 2.600000000000001E-01,  1.0
 3.712672329292775E-01, 3.202657203877996E-01, -1.0
 4.690909090909093E-01, 2.763636363636365E-01,  1.0
 3.490909090909092E-01, 3.457675567857097E-01, -1.0
 4.254287637848710E-01, 4.327272727272730E-01,  1.0
 3.490909090909092E-01, 3.569365120444133E-01, -1.0
 4.290909090909093E-01, 4.380145059640429E-01,  1.0
 3.490909090909092E-01, 3.472727272727273E-01, -1.0
 4.290909090909093E-01, 4.324013262666441E-01,  1.0
 3.490909090909092E-01, 5.040544257642775E-01, -1.0
 4.290909090909093E-01, 4.418181818181819E-01,  1.0
 3.558791481354603E-01, 5.000000000000002E-01, -1.0
 4.290909090909093E-01, 5.381818181818184E-01,  1.0
 3.690909090909092E-01, 4.963636363636366E-01, -1.0
 4.290909090909093E-01, 5.345454545454547E-01,  1.0
 3.320878619929369E-01, 6.127272727272729E-01, -1.0
 4.148711228624149E-01, 5.526951102115590E-01,  1.0
 4.264540864134744E-01, 7.090909090909093E-01, -1.0
 4.290909090909093E-01, 5.872727272727274E-01,  1.0
 4.290909090909093E-01, 7.296747879776339E-01, -1.0
 4.290909090909093E-01, 6.036363636363637E-01,  1.0
 4.261574901068843E-01, 7.324566304126915E-01, -1.0
 4.410611960737478E-01, 6.015042505201020E-01,  1.0
 4.290909090909093E-01, 7.181818181818184E-01, -1.0
 3.290909090909092E-01, 7.763636363636366E-01,  1.0
 4.290909090909093E-01, 7.254872374938512E-01, -1.0
 3.290909090909092E-01, 7.927272727272729E-01,  1.0
 4.290909090909093E-01, 7.309090909090911E-01, -1.0
 3.127265234142850E-01, 7.890909090909093E-01,  1.0
 4.365551847901221E-01, 7.272727272727274E-01, -1.0
 4.690909090909093E-01, 8.756950212526958E-01,  1.0
 3.690909090909092E-01, 8.436363636363639E-01, -1.0
 4.688733821145205E-01, 8.818181818181821E-01,  1.0
 3.531348496756844E-01, 8.600000000000002E-01, -1.0
 4.472727272727274E-01,-8.400000000000000E-01, -1.0
 4.046426424656136E-01,-9.018181818181819E-01,  1.0
 4.472727272727274E-01,-8.436363636363636E-01, -1.0
 3.872727272727274E-01,-8.422885385621913E-01,  1.0
 4.472727272727274E-01,-8.472727272727273E-01, -1.0
 4.072727272727274E-01,-8.090909090909091E-01,  1.0
 4.335110777601415E-01,-7.544914892761084E-01, -1.0
 4.072727272727274E-01,-8.136178593750328E-01,  1.0
 4.441174231447709E-01,-7.545454545454545E-01, -1.0
 3.848625930547952E-01,-6.963636363636363E-01,  1.0
 4.472727272727274E-01,-7.581818181818182E-01, -1.0
 3.872727272727274E-01,-6.799999999999999E-01,  1.0
 4.472727272727274E-01,-6.418181818181817E-01, -1.0
 3.872727272727274E-01,-6.836363636363636E-01,  1.0
 4.472727272727274E-01,-6.422007346439882E-01, -1.0
 3.872727272727274E-01,-6.592512953741962E-01,  1.0
 4.472727272727274E-01,-6.290909090909091E-01, -1.0
 4.272727272727274E-01,-5.709090909090909E-01,  1.0
 3.672727272727274E-01,-5.527028867569925E-01, -1.0
 4.472727272727274E-01,-5.540777790916265E-01,  1.0
 3.872727272727274E-01,-4.963636363636363E-01, -1.0
 4.472727272727274E-01,-5.581818181818182E-01,  1.0
 3.872727272727274E-01,-4.799999999999999E-01, -1.0
 5.122383039254794E-01,-4.324226181360758E-01,  1.0
 3.872727272727274E-01,-4.836363636363636E-01, -1.0
 5.072727272727274E-01,-4.254545454545454E-01,  1.0
 3.872727272727274E-01,-4.872727272727273E-01, -1.0
 3.872727272727274E-01,-3.490909090909090E-01,  1.0
 4.730273215419138E-01,-4.193650072630626E-01, -1.0
 4.072727272727274E-01,-3.434797603749562E-01,  1.0
 4.472727272727274E-01,-2.945454545454544E-01, -1.0
 4.103958510225584E-01,-3.563636363636363E-01,  1.0
 4.472727272727274E-01,-2.781818181818181E-01, -1.0
 3.982603782645979E-01,-3.432656650905433E-01,  1.0
 4.472727272727274E-01,-2.873514444795842E-01, -1.0
 4.472727272727274E-01,-2.396869936164958E-01,  1.0
 3.472727272727273E-01,-2.654545454545454E-01, -1.0
 4.272727272727274E-01,-2.272727272727272E-01,  1.0
 4.872727272727275E-01,-1.690909090909090E-01, -1.0
 4.272727272727274E-01,-2.109090909090909E-01,  1.0
 4.521669365359901E-01,-1.527272727272726E-01, -1.0
 4.272727272727274E-01,-1.924956141898102E-01,  1.0
 4.472727272727274E-01,-1.563636363636363E-01, -1.0
 4.072727272727274E-01,-1.181818181818181E-01,  1.0
 4.272727272727274E-01,-7.999999999999992E-02, -1.0
 4.272727272727274E-01,-1.927876723201375E-02,  1.0
 4.472727272727274E-01,-6.363636363636355E-02, -1.0
 4.153326446714466E-01,-1.963997078059385E-02,  1.0
 3.472727272727273E-01, 4.428930745396664E-02, -1.0
 4.272727272727274E-01,-2.909090909090899E-02,  1.0
 4.592262443299542E-01,-5.090909090909081E-02, -1.0
 4.332749334082532E-01, 8.727272727272738E-02,  1.0
 4.872727272727275E-01, 4.545454545454557E-02, -1.0
 4.272727272727274E-01, 9.907255576897071E-02,  1.0
 3.716573848099022E-01, 4.181818181818193E-02, -1.0
 4.272727272727274E-01, 8.228667456240546E-02,  1.0
 3.550470114029594E-01, 2.615467633361651E-02, -1.0
 4.424417962979711E-01, 1.053558878907055E-01,  1.0
 3.472727272727273E-01, 1.951271969254884E-01, -1.0
 5.072727272727274E-01, 2.037959421790254E-01,  1.0
 3.672727272727274E-01, 1.892249528036540E-01, -1.0
 4.926669922853072E-01, 2.090909090909092E-01,  1.0
 3.472727272727273E-01, 2.072727272727274E-01, -1.0
 4.672727272727275E-01, 2.654545454545456E-01,  1.0
 3.672727272727274E-01, 2.036363636363637E-01, -1.0
 4.672727272727275E-01, 2.628598062091504E-01,  1.0
 3.472727272727273E-01, 3.339615637236503E-01, -1.0
 4.672727272727275E-01, 2.581818181818183E-01,  1.0
 3.672727272727274E-01, 3.339442603528464E-01, -1.0
 4.272727272727274E-01, 4.290772738093767E-01,  1.0
 3.482542617498730E-01, 3.527272727272729E-01, -1.0
 4.272727272727274E-01, 4.408805854944982E-01,  1.0
 4.872727272727275E-01, 3.690909090909092E-01, -1.0
 4.258493031611228E-01, 4.472727272727274E-01,  1.0
 4.872727272727275E-01, 5.054545454545456E-01, -1.0
 4.272727272727274E-01, 4.293411168023523E-01,  1.0
 4.872727272727275E-01, 5.232296266679914E-01, -1.0
 4.138928476383954E-01, 5.400000000000003E-01,  1.0
 3.472727272727273E-01, 5.072699010429658E-01, -1.0
 4.272727272727274E-01, 5.363636363636366E-01,  1.0
 3.846763497613246E-01, 5.945454545454547E-01, -1.0
 4.354176478545858E-01, 5.870933183465165E-01,  1.0
 3.789990349430575E-01, 6.109090909090911E-01, -1.0
 4.472727272727274E-01, 5.690909090909092E-01,  1.0
 3.672727272727274E-01, 6.272727272727274E-01, -1.0
 4.360824398947016E-01, 6.054545454545456E-01,  1.0
 4.296528021127304E-01, 7.236363636363639E-01, -1.0
 4.284197243244057E-01, 5.948258859102717E-01,  1.0
 4.419875812077115E-01, 7.200000000000002E-01, -1.0
 3.272727272727273E-01, 6.781818181818183E-01,  1.0
 4.272727272727274E-01, 7.197633035688533E-01, -1.0
 3.272727272727273E-01, 7.745454545454548E-01,  1.0
 4.272727272727274E-01, 7.269671003949361E-01, -1.0
 4.784572577988486E-01, 8.729697108849565E-01,  1.0
 4.225348884668653E-01, 7.490909090909093E-01, -1.0
 4.672727272727275E-01, 8.684648468718176E-01,  1.0
 4.272727272727274E-01, 7.654545454545456E-01, -1.0
 4.672727272727275E-01, 8.836363636363639E-01,  1.0
 4.160121689039007E-01, 7.818181818181820E-01, -1.0
 4.724695202114328E-01, 8.800000000000002E-01,  1.0
 3.773174843694271E-01,-8.827414256670374E-01,  1.0
 4.654545454545456E-01,-8.391993961461992E-01, -1.0
 3.854545454545455E-01,-9.018018283748823E-01,  1.0
 4.654545454545456E-01,-8.437106462457747E-01, -1.0
 5.120664926065844E-01,-8.272727272727273E-01,  1.0
 4.454545454545456E-01,-8.490909090909091E-01, -1.0
 4.054545454545456E-01,-8.237147194433235E-01,  1.0
 4.454545454545456E-01,-7.444658367096399E-01, -1.0
 4.254545454545456E-01,-7.012803900771918E-01,  1.0
 4.454545454545456E-01,-7.563636363636363E-01, -1.0
 3.854545454545455E-01,-6.981818181818181E-01,  1.0
 4.654545454545456E-01,-6.599999999999999E-01, -1.0
 3.854545454545455E-01,-6.818181818181818E-01,  1.0
 4.454545454545456E-01,-6.436363636363636E-01, -1.0
 3.854545454545455E-01,-6.854545454545454E-01,  1.0
 4.454545454545456E-01,-6.472727272727272E-01, -1.0
 4.413338100177876E-01,-5.690909090909091E-01,  1.0
 3.835672628868621E-01,-4.909090909090909E-01, -1.0
 4.405423203235792E-01,-5.727272727272728E-01,  1.0
 3.654545454545455E-01,-5.545454545454546E-01, -1.0
 5.054545454545456E-01,-4.963636363636363E-01,  1.0
 3.932619162893147E-01,-4.781818181818182E-01, -1.0
 4.861508949616661E-01,-5.187916459434964E-01,  1.0
 3.854545454545455E-01,-4.818181818181818E-01, -1.0
 5.254545454545456E-01,-4.236363636363636E-01,  1.0
 4.054545454545456E-01,-4.854545454545455E-01, -1.0
 3.998275354462008E-01,-3.373137975221034E-01,  1.0
 4.054545454545456E-01,-4.869174437013373E-01, -1.0
 4.059331743967763E-01,-3.509090909090908E-01,  1.0
 4.654545454545456E-01,-4.127272727272727E-01, -1.0
 4.054545454545456E-01,-3.545454545454545E-01,  1.0
 4.402524785119441E-01,-2.963636363636363E-01, -1.0
 3.960661611691960E-01,-3.381818181818181E-01,  1.0
 4.454545454545456E-01,-2.937397805463630E-01, -1.0
 4.647664269851951E-01,-2.418181818181817E-01,  1.0
 4.345119909458940E-01,-2.852037411050296E-01, -1.0
 4.654545454545456E-01,-2.598298517634556E-01,  1.0
 5.036284666079288E-01,-2.371216951547860E-01, -1.0
 4.254545454545456E-01,-2.290909090909090E-01,  1.0
 5.054545454545456E-01,-1.709090909090908E-01, -1.0
 4.207444246228254E-01,-2.127272727272727E-01,  1.0
 4.454545454545456E-01,-1.545454545454545E-01, -1.0
 4.054545454545456E-01,-1.163636363636363E-01,  1.0
 4.454545454545456E-01,-7.969232120681367E-02, -1.0
 4.854545454545456E-01,-9.999999999999991E-02,  1.0
 4.454545454545456E-01,-6.181818181818172E-02, -1.0
 4.254545454545456E-01,-2.363636363636354E-02,  1.0
 4.598274825499316E-01,-6.545454545454536E-02, -1.0
 4.254545454545456E-01,-5.715771660500130E-03,  1.0
 4.591394827693454E-01,-4.909090909090899E-02, -1.0
 4.454545454545456E-01, 8.909090909090919E-02,  1.0
 4.854545454545456E-01, 4.727272727272738E-02, -1.0
 4.454545454545456E-01, 9.878257678260903E-02,  1.0
 3.854545454545455E-01, 4.363636363636375E-02, -1.0
 4.454545454545456E-01, 8.181818181818193E-02,  1.0
 3.854545454545455E-01, 6.000000000000013E-02, -1.0
 4.416184135085801E-01, 1.051783405942931E-01,  1.0
 3.654545454545455E-01, 1.963636363636365E-01, -1.0
 4.454545454545456E-01, 1.145454545454547E-01,  1.0
 3.654545454545455E-01, 1.927272727272729E-01, -1.0
 5.054545454545456E-01, 2.199291642370314E-01,  1.0
 3.558786646235795E-01, 1.890909090909092E-01, -1.0
 4.687670082355112E-01, 2.672727272727274E-01,  1.0
 3.454545454545455E-01, 2.054545454545456E-01, -1.0
 4.654545454545456E-01, 2.636363636363638E-01,  1.0
 3.454545454545455E-01, 3.418181818181820E-01, -1.0
 4.809534465007665E-01, 2.600000000000001E-01,  1.0
 3.473585756909558E-01, 3.384071975019565E-01, -1.0
 4.654545454545456E-01, 2.608171784124423E-01,  1.0
 3.654545454545455E-01, 3.488695581368574E-01, -1.0
 4.393971817915223E-01, 4.327272727272730E-01,  1.0
 4.854545454545456E-01, 3.709090909090911E-01, -1.0
 4.254545454545456E-01, 4.290909090909093E-01,  1.0
 3.454545454545455E-01, 3.484334425008405E-01, -1.0
 4.254545454545456E-01, 4.406696936568739E-01,  1.0
 4.996624939247793E-01, 5.028483520849657E-01, -1.0
 4.254545454545456E-01, 4.418181818181819E-01,  1.0
 5.054545454545456E-01, 5.200000000000002E-01, -1.0
 4.254545454545456E-01, 5.381818181818184E-01,  1.0
 5.054545454545456E-01, 5.163636363636366E-01, -1.0
 4.254545454545456E-01, 5.545454545454547E-01,  1.0
 5.054545454545456E-01, 5.127272727272728E-01, -1.0
 4.451768649745474E-01, 5.536152789604507E-01,  1.0
 3.854545454545455E-01, 6.106184150701101E-01, -1.0
 4.440002000997723E-01, 5.872727272727274E-01,  1.0
 4.257157204907533E-01, 7.254545454545457E-01, -1.0
 4.254545454545456E-01, 6.036363636363637E-01,  1.0
 4.254545454545456E-01, 7.218181818181820E-01, -1.0
 4.358788201884968E-01, 6.000000000000001E-01,  1.0
 4.391512902749299E-01, 7.210967698359936E-01, -1.0
 5.454545454545456E-01, 7.963636363636366E-01,  1.0
 4.254545454545456E-01, 7.345454545454547E-01, -1.0
 5.454545454545456E-01, 8.127272727272730E-01,  1.0
 4.304273471407937E-01, 7.309090909090911E-01, -1.0
 4.654545454545456E-01, 8.690909090909094E-01,  1.0
 4.454545454545456E-01, 7.272727272727274E-01, -1.0
 4.671589724176991E-01, 8.854545454545457E-01,  1.0
 4.054545454545456E-01, 7.836363636363638E-01, -1.0
 4.654545454545456E-01, 8.818181818181821E-01,  1.0
 4.146893593608392E-01, 9.669499828757609E-01, -1.0
 4.636363636363638E-01,-8.400000000000000E-01, -1.0
 5.436363636363638E-01,-9.427307760342517E-01,  1.0
 4.642612916740406E-01,-8.492305601033182E-01, -1.0
 5.036363636363638E-01,-8.254545454545454E-01,  1.0
 4.477699251256553E-01,-8.472727272727273E-01, -1.0
 4.079432831040978E-01,-8.290909090909091E-01,  1.0
 4.636363636363638E-01,-8.309090909090909E-01, -1.0
 4.553339530253963E-01,-7.327272727272727E-01,  1.0
 4.296607062918951E-01,-7.419710336741910E-01, -1.0
 4.436363636363638E-01,-7.233977257933445E-01,  1.0
 4.429545941637937E-01,-7.581818181818182E-01, -1.0
 3.836363636363637E-01,-6.799999999999999E-01,  1.0
 5.036363636363638E-01,-7.022622095049283E-01, -1.0
 5.348455734643718E-01,-6.436363636363636E-01,  1.0
 4.628411035219479E-01,-6.440797508972896E-01, -1.0
 5.163132643094251E-01,-6.272727272727272E-01,  1.0
 4.836363636363638E-01,-6.090909090909091E-01, -1.0
 4.436363636363638E-01,-5.709090909090909E-01,  1.0
 5.384669602193786E-01,-5.927272727272728E-01, -1.0
 4.320672868088364E-01,-5.637997740939487E-01,  1.0
 4.836363636363638E-01,-5.677803592189580E-01, -1.0
 5.036363636363638E-01,-4.934083269940938E-01,  1.0
 4.036363636363637E-01,-4.822268195679129E-01, -1.0
 5.236363636363638E-01,-4.618181818181817E-01,  1.0
 4.036363636363637E-01,-4.918188325312207E-01, -1.0
 5.436363636363638E-01,-4.368820999601944E-01,  1.0
 4.636363636363638E-01,-4.272727272727272E-01, -1.0
 4.036363636363637E-01,-3.490909090909090E-01,  1.0
 4.636363636363638E-01,-4.109090909090909E-01, -1.0
 3.918651446770664E-01,-3.371367961409967E-01,  1.0
 4.774080061696936E-01,-4.159122685088592E-01, -1.0
 4.036363636363637E-01,-3.363636363636363E-01,  1.0
 4.409398779084305E-01,-2.981818181818181E-01, -1.0
 4.636363636363638E-01,-2.599999999999999E-01,  1.0
 4.591457073036613E-01,-2.969006104590032E-01, -1.0
 4.436363636363638E-01,-2.280329885198728E-01,  1.0
 4.934682359590304E-01,-2.454545454545454E-01, -1.0
 4.236363636363638E-01,-2.051580808841638E-01,  1.0
 5.075523213198555E-01,-1.890909090909090E-01, -1.0
 4.236363636363638E-01,-2.109090909090909E-01,  1.0
 5.036363636363638E-01,-1.727272727272726E-01, -1.0
 4.389692848877032E-01,-1.945454545454545E-01,  1.0
 4.636363636363638E-01,-1.563636363636363E-01, -1.0
 4.856512810397226E-01,-1.155417419982515E-01,  1.0
 4.436363636363638E-01,-5.999999999999992E-02, -1.0
 4.946499050068195E-01,-1.018181818181817E-01,  1.0
 4.436363636363638E-01,-6.363636363636355E-02, -1.0
 4.832969015302462E-01,-5.454545454545354E-03,  1.0
 4.335884527552579E-01,-7.553204318073524E-02, -1.0
 4.836363636363638E-01,-9.090909090908986E-03,  1.0
 3.831396417869340E-01, 2.648796122531556E-02, -1.0
 5.003472472644328E-01, 7.272727272727384E-03,  1.0
 4.828795492981127E-01, 4.545454545454557E-02, -1.0
 4.436363636363638E-01, 1.044762578669993E-01,  1.0
 4.836363636363638E-01, 5.197537970984334E-02, -1.0
 4.650076053977121E-01, 1.000000000000001E-01,  1.0
 4.836363636363638E-01, 5.818181818181833E-02, -1.0
 4.367680206758935E-01, 1.163636363636365E-01,  1.0
 5.036363636363638E-01, 1.322721106949711E-01, -1.0
 5.036363636363638E-01, 2.127272727272729E-01,  1.0
 3.953691532765277E-01, 1.909090909090910E-01, -1.0
 5.036363636363638E-01, 2.163233250072931E-01,  1.0
 3.642403034597622E-01, 1.872727272727274E-01, -1.0
 4.672423469463539E-01, 2.654545454545456E-01,  1.0
 4.966331345689167E-01, 2.976229237405650E-01, -1.0
 4.636363636363638E-01, 2.618181818181819E-01,  1.0
 4.236363636363638E-01, 3.400000000000002E-01, -1.0
 4.549415605092451E-01, 2.660315231825202E-01,  1.0
 4.868502961196081E-01, 3.738055467041098E-01, -1.0
 4.236363636363638E-01, 4.345454545454548E-01,  1.0
 3.636363636363637E-01, 3.433981619548690E-01, -1.0
 4.277309062397965E-01, 4.362089164678282E-01,  1.0
 4.836363636363638E-01, 3.690909090909092E-01, -1.0
 4.236363636363638E-01, 4.272727272727274E-01,  1.0
 5.036363636363638E-01, 5.054545454545456E-01, -1.0
 4.236363636363638E-01, 4.436363636363638E-01,  1.0
 5.036363636363638E-01, 5.218181818181820E-01, -1.0
 4.236363636363638E-01, 5.400000000000003E-01,  1.0
 5.036363636363638E-01, 5.208473142920441E-01, -1.0
 4.236363636363638E-01, 5.476888844823301E-01,  1.0
 5.037067510509176E-01, 5.145454545454546E-01, -1.0
 4.436363636363638E-01, 5.722188014132139E-01,  1.0
 5.036363636363638E-01, 6.631292156068059E-01, -1.0
 4.307202714339134E-01, 5.690909090909092E-01,  1.0
 4.932223695894030E-01, 7.022443586530346E-01, -1.0
 4.236363636363638E-01, 6.054545454545456E-01,  1.0
 4.836363636363638E-01, 6.878343306131742E-01, -1.0
 4.291279658904838E-01, 6.018181818181819E-01,  1.0
 4.236363636363638E-01, 7.358604483346820E-01, -1.0
 5.236363636363638E-01, 7.917699651525181E-01,  1.0
 4.236363636363638E-01, 7.163636363636365E-01, -1.0
 5.636363636363638E-01, 7.945454545454548E-01,  1.0
 4.236363636363638E-01, 7.327272727272729E-01, -1.0
 4.836363636363638E-01, 8.709090909090912E-01,  1.0
 4.366404645268991E-01, 7.290909090909092E-01, -1.0
 4.836363636363638E-01, 8.872727272727275E-01,  1.0
 4.362604640852976E-01, 7.521868931312755E-01, -1.0
 4.820700787514187E-01, 8.750970006806722E-01,  1.0
 4.209323776719187E-01, 9.618181818181821E-01, -1.0
 4.818075170043792E-01, 8.871951288489294E-01,  1.0
 5.398175816183924E-01,-9.400000000000001E-01,  1.0
 4.507042774887208E-01,-8.418181818181818E-01, -1.0
 5.272770611855229E-01,-9.436363636363637E-01,  1.0
 4.618181818181820E-01,-8.432697188512014E-01, -1.0
 5.114911899145163E-01,-8.191702597331728E-01,  1.0
 5.073791797824825E-01,-7.290909090909090E-01, -1.0
 5.018181818181819E-01,-8.309090909090909E-01,  1.0
 5.161108552572800E-01,-7.127272727272727E-01, -1.0
 4.618181818181820E-01,-7.345454545454545E-01,  1.0
 5.018181818181819E-01,-7.272164344667053E-01, -1.0
 4.418181818181819E-01,-7.181818181818181E-01,  1.0
 5.045063721432478E-01,-7.177897162559309E-01, -1.0
 5.018181818181819E-01,-6.161864672627012E-01,  1.0
 5.120026295202412E-01,-7.323783412438628E-01, -1.0
 5.048757435381098E-01,-6.314059714365494E-01,  1.0
 4.618852193268734E-01,-6.672727272727272E-01, -1.0
 5.218181818181820E-01,-6.290909090909091E-01,  1.0
 5.018181818181819E-01,-6.109090909090910E-01, -1.0
 5.218181818181820E-01,-4.927272727272727E-01,  1.0
 4.889037488587825E-01,-5.745454545454546E-01, -1.0
 4.418181818181819E-01,-5.563636363636364E-01,  1.0
 4.818181818181820E-01,-5.781818181818182E-01, -1.0
 5.218181818181820E-01,-4.808057589740379E-01,  1.0
 4.140899057374310E-01,-4.818181818181818E-01, -1.0
 5.418181818181820E-01,-4.236363636363636E-01,  1.0
 4.618181818181819E-01,-3.994032965567977E-01, -1.0
 5.401504241778707E-01,-4.272727272727272E-01,  1.0
 4.618181818181820E-01,-4.154940961078957E-01, -1.0
 5.218181818181820E-01,-3.509090909090908E-01,  1.0
 4.618181818181820E-01,-4.127272727272727E-01, -1.0
 4.018181818181819E-01,-3.545454545454545E-01,  1.0
 4.618181818181819E-01,-3.963636363636364E-01, -1.0
 4.818181818181819E-01,-3.359929154545980E-01,  1.0
 4.418181818181819E-01,-2.882055343584503E-01, -1.0
 4.833575277779081E-01,-2.418181818181817E-01,  1.0
 5.062046346525829E-01,-2.436363636363635E-01, -1.0
 4.618181818181820E-01,-2.454545454545454E-01,  1.0
 5.046559382844439E-01,-2.272727272727272E-01, -1.0
 5.418181818181820E-01,-2.167688562978117E-01,  1.0
 5.018181818181819E-01,-1.709090909090908E-01, -1.0
 4.917529089906143E-01,-1.127272727272726E-01,  1.0
 5.018181818181819E-01,-1.759003176241513E-01, -1.0
 4.784502666833728E-01,-1.163636363636363E-01,  1.0
 4.345031507369562E-01,-5.818181818181812E-02, -1.0
 4.905662679333579E-01,-9.999999999999991E-02,  1.0
 4.506939200986413E-01,-6.181818181818172E-02, -1.0
 4.886813914811440E-01,-1.036363636363635E-01,  1.0
 4.418181818181819E-01,-4.545454545454536E-02, -1.0
 4.908349971751119E-01,-7.272727272727169E-03,  1.0
 4.999301263938459E-01, 5.090909090909102E-02, -1.0
 4.818181818181820E-01, 9.090909090909198E-03,  1.0
 4.818181818181819E-01, 4.727272727272738E-02, -1.0
 4.818181818181819E-01, 5.454545454545563E-03,  1.0
 4.818181818181819E-01, 4.564483779055209E-02, -1.0
 4.418181818181819E-01, 1.018181818181819E-01,  1.0
 4.818181818181819E-01, 6.000000000000013E-02, -1.0
 4.543102267702624E-01, 1.033466116986204E-01,  1.0
 5.218181818181820E-01, 1.248303350323365E-01, -1.0
 5.018181818181819E-01, 2.042467517121194E-01,  1.0
 5.218181818181820E-01, 1.127272727272728E-01, -1.0
 5.018181818181819E-01, 2.186296535139980E-01,  1.0
 4.160801359303704E-01, 1.845086385005184E-01, -1.0
 5.058642726047798E-01, 2.072727272727274E-01,  1.0
 5.018181818181819E-01, 2.854545454545456E-01, -1.0
 4.618181818181820E-01, 2.780117987496176E-01,  1.0
 4.929884133557821E-01, 2.946579157669739E-01, -1.0
 4.530002864369714E-01, 2.600000000000001E-01,  1.0
 4.130007952325548E-01, 3.353220749375844E-01, -1.0
 5.814782259796236E-01, 3.163636363636365E-01,  1.0
 4.818181818181819E-01, 3.745454545454547E-01, -1.0
 4.418181818181819E-01, 4.219271535007291E-01,  1.0
 4.876909449801152E-01, 3.709090909090911E-01, -1.0
 4.418181818181819E-01, 4.403663826838398E-01,  1.0
 4.818181818181819E-01, 3.672727272727274E-01, -1.0
 4.418181818181819E-01, 4.254545454545456E-01,  1.0
 5.018181818181819E-01, 5.236363636363638E-01, -1.0
 4.418181818181819E-01, 4.418181818181819E-01,  1.0
 5.018181818181819E-01, 5.222242173261957E-01, -1.0
 4.272233757655657E-01, 5.466413769347658E-01,  1.0
 5.018181818181819E-01, 5.163636363636366E-01, -1.0
 4.298362415320828E-01, 5.471958229582635E-01,  1.0
 5.018181818181819E-01, 6.727272727272730E-01, -1.0
 4.562747633617171E-01, 5.537766784858216E-01,  1.0
 5.323149564666095E-01, 6.534827044347072E-01, -1.0
 4.218181818181819E-01, 6.235913494197017E-01,  1.0
 4.818181818181819E-01, 6.987204285385503E-01, -1.0
 4.418181818181819E-01, 6.036363636363637E-01,  1.0
 4.268448341698420E-01, 7.209831543600251E-01, -1.0
 4.433500778385829E-01, 6.000000000000001E-01,  1.0
 4.271342793379532E-01, 7.381818181818184E-01, -1.0
 5.418181818181820E-01, 7.963636363636366E-01,  1.0
 4.418181818181819E-01, 7.328941233600357E-01, -1.0
 5.818181818181820E-01, 7.966595696664327E-01,  1.0
 4.316586880752302E-01, 7.265155500264240E-01, -1.0
 4.818181818181820E-01, 8.690909090909094E-01,  1.0
 4.418181818181819E-01, 7.472727272727274E-01, -1.0
 4.806458319045751E-01, 8.841829840929161E-01,  1.0
 4.618181818181819E-01, 7.636363636363638E-01, -1.0
 4.678490926129274E-01, 8.801650824424867E-01,  1.0
 5.548555392658889E-01, 9.224091444866575E-01, -1.0
 4.546326527546776E-01,-8.498318261991251E-01, -1.0
 5.130199444856138E-01,-9.140868553986908E-01,  1.0
 4.600000000000002E-01,-8.436363636363636E-01, -1.0
 5.200000000000002E-01,-9.132192783871048E-01,  1.0
 4.600000000000002E-01,-8.472727272727273E-01, -1.0
 5.000000000000002E-01,-8.290909090909091E-01,  1.0
 5.000000000000002E-01,-7.109090909090908E-01, -1.0
 5.145328830680577E-01,-8.117909162074803E-01,  1.0
 5.045088014499357E-01,-7.145454545454545E-01, -1.0
 4.600000000000002E-01,-7.363636363636363E-01,  1.0
 5.000000000000002E-01,-7.181818181818181E-01, -1.0
 4.400000000000002E-01,-7.200000000000000E-01,  1.0
 4.979350825249866E-01,-7.018181818181818E-01, -1.0
 5.200000000000002E-01,-6.236363636363635E-01,  1.0
 4.985642302386143E-01,-7.011203417144419E-01, -1.0
 5.266706619721889E-01,-6.355240064657723E-01,  1.0
 5.569756433139060E-01,-5.931555908908064E-01, -1.0
 4.400000000000002E-01,-5.709090909090909E-01,  1.0
 5.000000000000002E-01,-5.927272727272728E-01, -1.0
 5.300559525437630E-01,-4.752567358146048E-01,  1.0
 5.177141390011765E-01,-5.909101412805897E-01, -1.0
 5.400000000000003E-01,-4.581818181818181E-01,  1.0
 4.000000000000001E-01,-4.799999999999999E-01, -1.0
 5.410458967125427E-01,-4.609932175964760E-01,  1.0
 4.000000000000001E-01,-4.836363636363636E-01, -1.0
 5.400000000000003E-01,-4.254545454545454E-01,  1.0
 4.600000000000002E-01,-4.091186513403955E-01, -1.0
 5.489975471582034E-01,-4.128209159728979E-01,  1.0
 4.658268731666426E-01,-4.309090909090909E-01, -1.0
 4.849724759044428E-01,-3.327272727272726E-01,  1.0
 4.800000000000002E-01,-4.145454545454546E-01, -1.0
 4.940195479968662E-01,-3.458956440292335E-01,  1.0
 5.400000000000003E-01,-2.981818181818181E-01, -1.0
 4.800000000000002E-01,-3.460218818835931E-01,  1.0
 5.400000000000003E-01,-2.904292370499042E-01, -1.0
 4.590021383352093E-01,-2.555409934049467E-01,  1.0
 5.021092333688300E-01,-2.454545454545454E-01, -1.0
 5.400000000000003E-01,-2.072727272727272E-01,  1.0
 5.000000000000002E-01,-1.809707986178102E-01, -1.0
 4.200000000000002E-01,-2.109090909090909E-01,  1.0
 5.000000000000002E-01,-1.802422442822608E-01, -1.0
 4.959917995902481E-01,-1.135021827104466E-01,  1.0
 4.907798086957494E-01,-1.713026945472400E-01, -1.0
 4.800000000000002E-01,-9.818181818181811E-02,  1.0
 5.800000000000003E-01,-1.199999999999999E-01, -1.0
 4.800000000000002E-01,-9.958973172242419E-02,  1.0
 5.328587194209851E-01,-5.810712794193160E-02, -1.0
 4.800000000000002E-01, 7.150486703191971E-04,  1.0
 5.200000000000002E-01,-4.727272727272717E-02, -1.0
 5.000000000000002E-01,-8.131335603761019E-03,  1.0
 4.834640217718197E-01, 4.909090909090921E-02, -1.0
 4.892390747590006E-01, 7.272727272727384E-03,  1.0
 5.000000000000002E-01, 4.545454545454557E-02, -1.0
 4.600000000000002E-01, 1.036363636363637E-01,  1.0
 5.000000000000002E-01, 6.181818181818193E-02, -1.0
 4.455679203407271E-01, 1.000000000000001E-01,  1.0
 5.400000000000003E-01, 1.181818181818183E-01, -1.0
 4.600000000000002E-01, 1.163636363636365E-01,  1.0
 5.400000000000003E-01, 1.345454545454547E-01, -1.0
 5.000000000000002E-01, 2.131632812863438E-01,  1.0
 6.000000000000003E-01, 1.109090909090910E-01, -1.0
 5.030397456893576E-01, 2.090909090909092E-01,  1.0
 4.200000000000002E-01, 1.872727272727274E-01, -1.0
 4.996952050699789E-01, 2.254545454545456E-01,  1.0
 5.000000000000002E-01, 3.023266368737375E-01, -1.0
 5.600000000000003E-01, 2.818181818181820E-01,  1.0
 4.800000000000002E-01, 3.600000000000002E-01, -1.0
 5.686575246187469E-01, 2.935722631015612E-01,  1.0
 4.800000000000002E-01, 3.711871757961782E-01, -1.0
 4.400000000000002E-01, 4.101688324749656E-01,  1.0
 4.800000000000002E-01, 3.617196287096042E-01, -1.0
 6.000000000000003E-01, 3.974208443098204E-01,  1.0
 4.800000000000002E-01, 3.690909090909092E-01, -1.0
 5.881918066496221E-01, 4.253048098880988E-01,  1.0
 5.000000000000002E-01, 5.054545454545456E-01, -1.0
 5.767020141005459E-01, 4.436363636363638E-01,  1.0
 5.000000000000002E-01, 5.218181818181820E-01, -1.0
 5.600000000000003E-01, 4.372797096364255E-01,  1.0
 5.126994361872795E-01, 5.151667789862883E-01, -1.0
 4.519183139569621E-01, 5.563636363636366E-01,  1.0
 5.000000000000002E-01, 5.076354655470003E-01, -1.0
 4.400000000000002E-01, 5.727272727272729E-01,  1.0
 5.000000000000002E-01, 6.709032258402891E-01, -1.0
 5.000000000000002E-01, 5.770626657358369E-01,  1.0
 4.800000000000002E-01, 7.014519207455512E-01, -1.0
 5.000000000000002E-01, 5.854545454545456E-01,  1.0
 4.800000000000002E-01, 6.897429934735646E-01, -1.0
 5.778136820472144E-01, 7.494646208519969E-01,  1.0
 4.400000000000002E-01, 7.344427232734808E-01, -1.0
 5.800000000000003E-01, 7.619955843177756E-01,  1.0
 4.379641497379012E-01, 7.363636363636366E-01, -1.0
 5.600000000000003E-01, 7.945454545454548E-01,  1.0
 4.400000000000002E-01, 7.266287156612792E-01, -1.0
 5.946362765624539E-01, 7.766239972371765E-01,  1.0
 4.400000000000002E-01, 7.290909090909092E-01, -1.0
 4.800000000000002E-01, 8.672727272727275E-01,  1.0
 4.535178855965013E-01, 7.522897549383475E-01, -1.0
 4.800000000000002E-01, 8.696660332930627E-01,  1.0
 5.400000000000003E-01, 9.218181818181821E-01, -1.0
 4.776255310434167E-01, 8.751009123901848E-01,  1.0
 5.345583834068860E-01,-9.350299819276123E-01,  1.0
 4.581818181818184E-01,-8.378799713587026E-01, -1.0
 5.381818181818184E-01,-9.236363636363637E-01,  1.0
 5.611663845612438E-01,-8.054545454545454E-01, -1.0
 5.181818181818184E-01,-9.072727272727273E-01,  1.0
 5.581818181818184E-01,-8.090909090909091E-01, -1.0
 5.181818181818184E-01,-8.309090909090909E-01,  1.0
 5.181818181818184E-01,-7.305229703851003E-01, -1.0
 5.089282818873118E-01,-8.420901777374958E-01,  1.0
 5.097889774036579E-01,-7.163636363636363E-01, -1.0
 5.642447307822411E-01,-6.581818181818181E-01,  1.0
 4.981818181818184E-01,-7.200000000000000E-01, -1.0
 5.709198567216217E-01,-6.444070203122978E-01,  1.0
 4.981818181818184E-01,-6.836363636363636E-01, -1.0
 5.192139194071759E-01,-6.454545454545454E-01,  1.0
 5.163515919594936E-01,-6.072727272727272E-01, -1.0
 5.297017309230463E-01,-6.290909090909091E-01,  1.0
 5.278073719000299E-01,-6.034828535341288E-01, -1.0
 5.140374002261134E-01,-4.927272727272727E-01,  1.0
 5.981818181818185E-01,-5.745454545454546E-01, -1.0
 5.220009249210921E-01,-4.763636363636363E-01,  1.0
 5.935654640433937E-01,-5.781818181818182E-01, -1.0
 5.381818181818184E-01,-4.599999999999999E-01,  1.0
 4.703440958353704E-01,-4.818181818181818E-01, -1.0
 5.446665651204932E-01,-4.362529977773081E-01,  1.0
 4.668191042307197E-01,-4.975489474076230E-01, -1.0
 5.581818181818184E-01,-4.272727272727272E-01,  1.0
 4.781818181818184E-01,-4.090909090909091E-01, -1.0
 5.381818181818184E-01,-4.309090909090909E-01,  1.0
 5.381818181818184E-01,-2.927272727272726E-01, -1.0
 5.581818181818184E-01,-3.945454545454545E-01,  1.0
 4.726864612611175E-01,-4.163636363636364E-01, -1.0
 4.981818181818184E-01,-3.381818181818181E-01,  1.0
 5.381818181818184E-01,-2.999999999999999E-01, -1.0
 4.917585764802179E-01,-3.405359457119995E-01,  1.0
 5.441270377463712E-01,-3.036363636363636E-01, -1.0
 5.379627053949264E-01,-2.254545454545454E-01,  1.0
 5.181818181818184E-01,-2.570054553174063E-01, -1.0
 4.266318953511551E-01,-2.090909090909090E-01,  1.0
 4.908391268263932E-01,-1.874107073754105E-01, -1.0
 4.781818181818184E-01,-1.127272727272726E-01,  1.0
 5.855226563338956E-01,-1.104295540697525E-01, -1.0
 4.981818181818184E-01,-1.163636363636363E-01,  1.0
 5.981818181818185E-01,-1.181818181818181E-01, -1.0
 4.781818181818184E-01,-9.999999999999991E-02,  1.0
 5.181818181818184E-01,-6.181818181818172E-02, -1.0
 4.860881990550588E-01,-1.036363636363635E-01,  1.0
 5.181818181818184E-01,-4.583824717197459E-02, -1.0
 4.837895439404167E-01,-7.272727272727169E-03,  1.0
 6.047222021749898E-01,-2.909090909090899E-02, -1.0
 4.834667803903069E-01, 9.090909090909200E-03,  1.0
 4.981818181818184E-01, 4.591388217255035E-02, -1.0
 5.381818181818184E-01, 4.545454545454557E-02,  1.0
 4.981818181818184E-01, 6.363636363636375E-02, -1.0
 4.781818181818184E-01, 1.218181818181819E-01,  1.0
 5.581818181818184E-01, 1.000000000000001E-01, -1.0
 4.620490558344115E-01, 1.181818181818183E-01,  1.0
 5.981818181818185E-01, 9.636363636363650E-02, -1.0
 4.981818181818184E-01, 2.145454545454547E-01,  1.0
 5.181818181818184E-01, 1.127272727272728E-01, -1.0
 4.982844129065207E-01, 2.109090909090910E-01,  1.0
 5.981818181818185E-01, 1.890909090909092E-01, -1.0
 4.981818181818184E-01, 2.072727272727274E-01,  1.0
 4.981818181818184E-01, 2.854545454545456E-01, -1.0
 5.781818181818185E-01, 2.836363636363638E-01,  1.0
 4.981818181818184E-01, 2.818181818181820E-01, -1.0
 5.581818181818184E-01, 2.973454442413827E-01,  1.0
 4.912039281161666E-01, 3.581818181818184E-01, -1.0
 5.781818181818185E-01, 2.963636363636365E-01,  1.0
 4.837452560692487E-01, 3.672667844252323E-01, -1.0
 6.064852918419671E-01, 4.129969137653373E-01,  1.0
 4.981818181818184E-01, 3.705407198058410E-01, -1.0
 5.805261585047822E-01, 4.344632701648827E-01,  1.0
 4.981818181818184E-01, 3.672727272727274E-01, -1.0
 5.581818181818184E-01, 4.454545454545456E-01,  1.0
 5.181818181818184E-01, 5.036363636363638E-01, -1.0
 5.790024335457028E-01, 4.276812596950331E-01,  1.0
 5.181818181818184E-01, 5.200000000000002E-01, -1.0
 5.581818181818184E-01, 4.381818181818183E-01,  1.0
 5.010884376421786E-01, 5.163636363636366E-01, -1.0
 4.381818181818183E-01, 5.545454545454547E-01,  1.0
 5.181818181818184E-01, 6.651860912352011E-01, -1.0
 4.981818181818184E-01, 5.909090909090911E-01,  1.0
 4.887250132967644E-01, 6.890909090909093E-01, -1.0
 4.981818181818184E-01, 5.872727272727274E-01,  1.0
 4.981818181818184E-01, 6.874763091334851E-01, -1.0
 4.981818181818184E-01, 5.715060086877518E-01,  1.0
 4.981818181818184E-01, 7.018833671844988E-01, -1.0
 5.781818181818185E-01, 7.546992458089502E-01,  1.0
 4.981818181818184E-01, 6.872624400304665E-01, -1.0
 6.049731532543485E-01, 7.758395066971041E-01,  1.0
 4.781818181818184E-01, 6.945454545454547E-01, -1.0
 5.581818181818184E-01, 8.127272727272730E-01,  1.0
 4.781818181818184E-01, 7.309090909090911E-01, -1.0
 5.898776719264986E-01, 7.793002151090511E-01,  1.0
 4.517458823155502E-01, 7.472727272727274E-01, -1.0
 4.845210823091948E-01, 8.798804430201222E-01,  1.0
 4.482713086163959E-01, 7.662968109978382E-01, -1.0
 4.781818181818184E-01, 8.818181818181821E-01,  1.0
 5.381818181818184E-01, 9.380651182091457E-01, -1.0
 5.714806402723015E-01,-8.200000000000000E-01, -1.0
 5.363636363636366E-01,-9.401703384538243E-01,  1.0
 5.763636363636366E-01,-8.261501720835779E-01, -1.0
 5.363636363636366E-01,-9.054545454545455E-01,  1.0
 5.763636363636366E-01,-8.072727272727273E-01, -1.0
 5.036290886991326E-01,-8.149496328620889E-01,  1.0
 5.785048008146713E-01,-8.109090909090909E-01, -1.0
 5.168616739208761E-01,-8.236812225268332E-01,  1.0
 5.134490214737416E-01,-7.191165022513679E-01, -1.0
 5.563636363636366E-01,-6.563636363636363E-01,  1.0
 5.163636363636366E-01,-7.181818181818181E-01, -1.0
 5.563636363636366E-01,-6.599999999999999E-01,  1.0
 5.163636363636366E-01,-7.018181818181818E-01, -1.0
 5.516987313885102E-01,-6.636363636363636E-01,  1.0
 4.963636363636366E-01,-7.193156704682230E-01, -1.0
 5.363636363636366E-01,-6.272727272727272E-01,  1.0
 5.963636363636367E-01,-5.890909090909091E-01, -1.0
 5.163636363636366E-01,-5.109090909090909E-01,  1.0
 5.967190485719882E-01,-5.727272727272728E-01, -1.0
 5.163636363636366E-01,-4.940701101441489E-01,  1.0
 5.874140105955573E-01,-5.736502024840565E-01, -1.0
 5.563636363636366E-01,-4.472527798034954E-01,  1.0
 4.563636363636365E-01,-4.999999999999999E-01, -1.0
 5.403669673170296E-01,-4.496394427586392E-01,  1.0
 4.563636363636365E-01,-4.836363636363636E-01, -1.0
 5.573082355573377E-01,-4.254545454545454E-01,  1.0
 4.763636363636365E-01,-4.114534387227455E-01, -1.0
 5.471515794435255E-01,-4.290909090909091E-01,  1.0
 4.619078478160623E-01,-3.982423084132165E-01, -1.0
 5.563636363636366E-01,-4.096351174615118E-01,  1.0
 5.385466732332584E-01,-2.945454545454544E-01, -1.0
 4.963636363636366E-01,-3.437730884486421E-01,  1.0
 5.363636363636366E-01,-2.981818181818181E-01, -1.0
 5.963636363636367E-01,-3.400000000000000E-01,  1.0
 5.335378490647594E-01,-3.018181818181818E-01, -1.0
 5.335555586458126E-01,-2.236363636363635E-01,  1.0
 5.363636363636366E-01,-2.854545454545454E-01, -1.0
 5.423569766077774E-01,-2.163361440654490E-01,  1.0
 6.363636363636367E-01,-1.290909090909090E-01, -1.0
 5.525975385688074E-01,-2.304837831800083E-01,  1.0
 6.363636363636367E-01,-1.408024005105685E-01, -1.0
 5.469527024347907E-01,-2.145454545454545E-01,  1.0
 6.363636363636367E-01,-1.363636363636363E-01, -1.0
 4.826297540313994E-01,-9.818181818181811E-02,  1.0
 5.963636363636367E-01,-1.199999999999999E-01, -1.0
 4.763636363636365E-01,-1.096648609267604E-01,  1.0
 5.358671445361378E-01,-5.521047559350192E-02, -1.0
 5.363636363636366E-01,-4.545454545454536E-02,  1.0
 5.363636363636366E-01,-6.088473733056897E-02, -1.0
 5.181386766875383E-01,-1.812820935687799E-02,  1.0
 6.288020660683179E-01,-5.050025692869098E-02, -1.0
 5.385632261994773E-01, 4.727272727272739E-02,  1.0
 4.963636363636366E-01, 4.594000614118129E-02, -1.0
 5.363636363636366E-01, 4.363636363636375E-02,  1.0
 5.963636363636367E-01, 1.018181818181819E-01, -1.0
 4.604622505805021E-01, 1.000000000000001E-01,  1.0
 5.963636363636367E-01, 9.451464368486784E-02, -1.0
 5.163636363636366E-01, 1.963636363636365E-01,  1.0
 5.963636363636367E-01, 1.745454545454547E-01, -1.0
 5.163636363636366E-01, 2.127272727272729E-01,  1.0
 5.963636363636367E-01, 2.019979991021877E-01, -1.0
 5.163636363636366E-01, 2.090909090909092E-01,  1.0
 5.963636363636367E-01, 1.905740107324940E-01, -1.0
 5.763636363636366E-01, 2.910664599402700E-01,  1.0
 5.963636363636367E-01, 2.036363636363637E-01, -1.0
 5.763636363636366E-01, 2.881487816425758E-01,  1.0
 4.963636363636366E-01, 3.600000000000002E-01, -1.0
 5.563636363636366E-01, 2.781818181818183E-01,  1.0
 4.963636363636366E-01, 3.563636363636365E-01, -1.0
 6.163636363636367E-01, 4.145454545454548E-01,  1.0
 4.963636363636366E-01, 3.727272727272729E-01, -1.0
 6.063754110883267E-01, 4.309090909090911E-01,  1.0
 4.963636363636366E-01, 3.754475557399373E-01, -1.0
 6.144999742606542E-01, 4.272727272727274E-01,  1.0
 5.068603133850763E-01, 5.054545454545456E-01, -1.0
 6.163636363636367E-01, 4.436363636363638E-01,  1.0
 5.003624407757842E-01, 5.049702059062812E-01, -1.0
 6.163636363636367E-01, 4.274246212174118E-01,  1.0
 4.975179186352331E-01, 5.181818181818184E-01, -1.0
 4.363636363636365E-01, 5.670837693590394E-01,  1.0
 5.121504909141646E-01, 5.256298808624351E-01, -1.0
 5.023089479958851E-01, 5.813685376942271E-01,  1.0
 5.563636363636366E-01, 6.446579191529433E-01, -1.0
 5.163636363636366E-01, 5.890909090909092E-01,  1.0
 5.563636363636366E-01, 6.472727272727274E-01, -1.0
 5.145153081802065E-01, 6.254545454545456E-01,  1.0
 5.563636363636366E-01, 6.636363636363638E-01, -1.0
 5.963636363636367E-01, 7.418181818181820E-01,  1.0
 4.883538149226021E-01, 7.027013188108001E-01, -1.0
 6.160941570828350E-01, 7.818259041657015E-01,  1.0
 4.914864022273722E-01, 6.963636363636365E-01, -1.0
 5.963636363636367E-01, 7.745454545454548E-01,  1.0
 4.963636363636366E-01, 7.127272727272729E-01, -1.0
 5.862166565679977E-01, 7.909090909090911E-01,  1.0
 5.089728591872649E-01, 7.490909090909093E-01, -1.0
 5.763636363636366E-01, 7.941244454184040E-01,  1.0
 5.849622574238628E-01, 8.654545454545457E-01, -1.0
 4.707891570375647E-01, 8.836363636363639E-01,  1.0
 5.563636363636366E-01, 9.218181818181821E-01, -1.0
 6.213790595184376E-01, 9.200000000000003E-01,  1.0
 5.474074955158363E-01,-9.369259461493838E-01,  1.0
 5.745454545454547E-01,-8.218181818181818E-01, -1.0
 5.945454545454547E-01,-9.236363636363637E-01,  1.0
 5.745454545454547E-01,-8.054545454545454E-01, -1.0
 5.145454545454546E-01,-8.272727272727273E-01,  1.0
 5.745454545454547E-01,-8.090909090909091E-01, -1.0
 6.345454545454547E-01,-7.309090909090908E-01,  1.0
 5.745454545454547E-01,-7.927272727272727E-01, -1.0
 6.209567770120893E-01,-7.345454545454545E-01,  1.0
 5.124510965622830E-01,-7.163636363636363E-01, -1.0
 6.201759592070624E-01,-7.183863046364969E-01,  1.0
 5.103126931952233E-01,-7.200000000000000E-01, -1.0
 5.745454545454547E-01,-6.548899038561571E-01,  1.0
 5.945454545454547E-01,-6.436363636363636E-01, -1.0
 5.614404732192746E-01,-6.664113313961272E-01,  1.0
 4.945454545454546E-01,-6.872727272727273E-01, -1.0
 5.599719643317391E-01,-6.490909090909092E-01,  1.0
 5.860382737734454E-01,-5.854542210614619E-01, -1.0
 5.145454545454546E-01,-4.927272727272727E-01,  1.0
 6.044575255207473E-01,-5.745454545454546E-01, -1.0
 5.345454545454547E-01,-4.763636363636363E-01,  1.0
 6.039587150530015E-01,-5.781818181818182E-01, -1.0
 5.434571376528011E-01,-4.496850902607472E-01,  1.0
 4.745454545454546E-01,-5.018181818181817E-01, -1.0
 5.563312517063194E-01,-4.236363636363636E-01,  1.0
 4.745454545454546E-01,-4.854545454545455E-01, -1.0
 5.545454545454547E-01,-4.292011802438873E-01,  1.0
 6.345454545454547E-01,-4.090909090909091E-01, -1.0
 5.545454545454547E-01,-4.157208637833928E-01,  1.0
 5.346616365584175E-01,-2.927272727272726E-01, -1.0
 5.545454545454547E-01,-4.035297876311755E-01,  1.0
 5.345454545454547E-01,-2.971082539551714E-01, -1.0
 6.145454545454547E-01,-3.381818181818181E-01,  1.0
 5.345454545454547E-01,-2.990316709871402E-01, -1.0
 6.145454545454547E-01,-3.079883716226153E-01,  1.0
 5.345454545454547E-01,-2.975348588524697E-01, -1.0
 5.345454545454547E-01,-2.254545454545454E-01,  1.0
 5.495759289754598E-01,-2.872727272727272E-01, -1.0
 5.345454545454547E-01,-2.090909090909090E-01,  1.0
 6.545454545454548E-01,-1.472878566160181E-01, -1.0
 5.345454545454547E-01,-2.127272727272727E-01,  1.0
 6.195848958084124E-01,-1.214005395342250E-01, -1.0
 5.326046757043519E-01,-2.163636363636363E-01,  1.0
 6.465352990537898E-01,-1.381818181818181E-01, -1.0
 5.527247350972823E-01,-4.430734940769385E-02,  1.0
 6.145454545454547E-01,-1.218181818181817E-01, -1.0
 5.545454545454547E-01,-4.363636363636354E-02,  1.0
 5.345454545454547E-01,-6.545454545454536E-02, -1.0
 5.545454545454547E-01,-2.727272727272717E-02,  1.0
 5.945454545454547E-01,-2.909090909090899E-02, -1.0
 5.507784699932001E-01,-3.090909090909080E-02,  1.0
 6.095888920968461E-01,-4.233836695604925E-02, -1.0
 5.672701270614754E-01, 4.545454545454557E-02,  1.0
 5.945454545454547E-01, 1.036363636363637E-01, -1.0
 5.503480674292550E-01, 4.386483743703927E-02,  1.0
 6.092739705086193E-01, 1.000000000000001E-01, -1.0
 5.025927679639152E-01, 1.981818181818184E-01,  1.0
 6.062724058654372E-01, 9.636363636363650E-02, -1.0
 5.145454545454546E-01, 2.165575033512570E-01,  1.0
 5.984831910174256E-01, 1.007759280068750E-01, -1.0
 5.145454545454546E-01, 2.109090909090910E-01,  1.0
 5.945454545454547E-01, 1.890909090909092E-01, -1.0
 5.145454545454546E-01, 2.238635986198148E-01,  1.0
 5.970885240559015E-01, 1.854545454545455E-01, -1.0
 5.745454545454547E-01, 2.959577760798237E-01,  1.0
 5.988380093106229E-01, 2.018181818181819E-01, -1.0
 5.745454545454547E-01, 2.942043969956361E-01,  1.0
 4.925608097029370E-01, 3.633212451002004E-01, -1.0
 5.745454545454547E-01, 2.763636363636365E-01,  1.0
 4.945454545454546E-01, 3.745454545454547E-01, -1.0
 6.145454545454547E-01, 4.198487351392852E-01,  1.0
 4.945454545454546E-01, 3.644875178524400E-01, -1.0
 6.100335267967059E-01, 4.490909090909093E-01,  1.0
 4.912675601164559E-01, 3.745043414994999E-01, -1.0
 6.145454545454547E-01, 4.454545454545456E-01,  1.0
 5.053564476430961E-01, 5.152484489374055E-01, -1.0
 6.145454545454547E-01, 4.375843936324502E-01,  1.0
 5.145454545454546E-01, 5.200000000000002E-01, -1.0
 6.345454545454547E-01, 4.733344876764476E-01,  1.0
 4.945454545454546E-01, 5.163636363636366E-01, -1.0
 6.345454545454547E-01, 4.545454545454546E-01,  1.0
 5.545454545454547E-01, 6.214586028619659E-01, -1.0
 5.145454545454546E-01, 5.687524305163464E-01,  1.0
 5.545454545454547E-01, 6.626313217102829E-01, -1.0
 5.071702399369470E-01, 5.872727272727274E-01,  1.0
 5.545454545454547E-01, 6.454545454545456E-01, -1.0
 6.145454545454547E-01, 7.236363636363639E-01,  1.0
 5.545454545454547E-01, 6.618181818181820E-01, -1.0
 6.145454545454547E-01, 7.800000000000002E-01,  1.0
 4.945454545454546E-01, 6.864021102697668E-01, -1.0
 6.145454545454547E-01, 7.855391516893112E-01,  1.0
 4.775929267413436E-01, 6.945454545454547E-01, -1.0
 6.013434145567099E-01, 7.864245802590163E-01,  1.0
 5.061548141109384E-01, 7.578831436332100E-01, -1.0
 6.142186526842605E-01, 7.890909090909093E-01,  1.0
 5.875429634599099E-01, 8.672727272727275E-01, -1.0
 6.271324073924777E-01, 7.854545454545456E-01,  1.0
 5.716553295998580E-01, 8.744467803766650E-01, -1.0
 6.145454545454547E-01, 9.216802122261781E-01,  1.0
 5.745454545454547E-01, 8.800000000000002E-01, -1.0
 6.527272727272729E-01,-9.273124549964079E-01, -1.0
 5.989848261772047E-01,-9.152691399652383E-01,  1.0
 5.727272727272729E-01,-8.036363636363636E-01, -1.0
 5.927272727272729E-01,-8.854545454545455E-01,  1.0
 5.727272727272729E-01,-8.072727272727273E-01, -1.0
 5.330517809019819E-01,-7.690909090909090E-01,  1.0
 5.727272727272729E-01,-8.109090909090909E-01, -1.0
 6.327272727272729E-01,-7.192952020622345E-01,  1.0
 5.727272727272729E-01,-7.945454545454546E-01, -1.0
 6.591052823618384E-01,-7.130334902780928E-01,  1.0
 5.127272727272728E-01,-7.016523118001028E-01, -1.0
 5.527272727272728E-01,-6.599999999999999E-01,  1.0
 5.927272727272729E-01,-6.525936864591092E-01, -1.0
 5.664680511175819E-01,-6.607356961769743E-01,  1.0
 6.127272727272729E-01,-6.454545454545454E-01, -1.0
 5.712352523123968E-01,-6.472727272727272E-01,  1.0
 6.009783428920016E-01,-5.890909090909091E-01, -1.0
 5.654328266013208E-01,-6.509090909090910E-01,  1.0
 5.848849191065425E-01,-5.927272727272728E-01, -1.0
 5.327272727272728E-01,-4.867414760428580E-01,  1.0
 5.997402910242158E-01,-5.856868277077315E-01, -1.0
 5.527272727272728E-01,-4.381818181818181E-01,  1.0
 5.927272727272729E-01,-5.800000000000000E-01, -1.0
 5.397865780060342E-01,-4.382089363113442E-01,  1.0
 6.466720531912777E-01,-5.352241424519542E-01, -1.0
 5.527272727272728E-01,-4.264964726444913E-01,  1.0
 6.127272727272729E-01,-4.072727272727272E-01, -1.0
 5.587607208879231E-01,-4.218606129120969E-01,  1.0
 5.332696801489142E-01,-3.109090909090908E-01, -1.0
 5.527272727272728E-01,-4.327272727272727E-01,  1.0
 5.522525171584552E-01,-2.945454545454544E-01, -1.0
 6.237088524867520E-01,-3.244363396857333E-01,  1.0
 5.327272727272728E-01,-2.871736112491964E-01, -1.0
 6.327272727272729E-01,-3.200000000000000E-01,  1.0
 5.327272727272728E-01,-2.933630419215401E-01, -1.0
 5.927272727272729E-01,-3.221288171697508E-01,  1.0
 5.429875416692111E-01,-2.881783682990680E-01, -1.0
 5.436190887580185E-01,-2.296155915097215E-01,  1.0
 6.511010811342001E-01,-1.490909090909090E-01, -1.0
 5.327272727272728E-01,-2.109090909090909E-01,  1.0
 6.127272727272729E-01,-1.327272727272726E-01, -1.0
 5.439597257270981E-01,-2.145454545454545E-01,  1.0
 6.527272727272729E-01,-1.363636363636363E-01, -1.0
 4.974727215976094E-01,-9.818181818181811E-02,  1.0
 6.327272727272729E-01,-1.301689443742648E-01, -1.0
 5.527272727272728E-01,-3.008162551605248E-02,  1.0
 6.327617619744256E-01,-1.436363636363635E-01, -1.0
 5.327272727272728E-01,-3.145043373471105E-02,  1.0
 6.527272727272729E-01,-5.969368136385945E-02, -1.0
 5.327272727272728E-01, 5.090909090909102E-02,  1.0
 6.327272727272729E-01,-4.647627118041156E-02, -1.0
 5.510080345387592E-01, 4.727272727272738E-02,  1.0
 6.522855471261266E-01,-5.454545454545445E-02, -1.0
 5.327272727272728E-01, 4.363636363636375E-02,  1.0
 5.892419988951444E-01, 1.018181818181819E-01, -1.0
 5.327272727272728E-01, 6.000000000000013E-02,  1.0
 5.927272727272729E-01, 9.818181818181833E-02, -1.0
 5.127272727272728E-01, 2.163636363636366E-01,  1.0
 5.927272727272729E-01, 1.734332850057512E-01, -1.0
 5.017649689710953E-01, 2.127272727272729E-01,  1.0
 5.927272727272729E-01, 1.909090909090910E-01, -1.0
 5.129498984627698E-01, 2.090909090909092E-01,  1.0
 5.927272727272729E-01, 1.872727272727274E-01, -1.0
 5.630553636145377E-01, 2.854545454545456E-01,  1.0
 5.927272727272729E-01, 1.925131360962933E-01, -1.0
 5.727272727272729E-01, 2.818181818181820E-01,  1.0
 5.127272727272728E-01, 3.600000000000002E-01, -1.0
 5.727272727272729E-01, 2.781818181818183E-01,  1.0
 4.927272727272728E-01, 3.763636363636366E-01, -1.0
 6.095361276842443E-01, 4.244788256680525E-01,  1.0
 4.927272727272728E-01, 3.624262011758167E-01, -1.0
 6.127272727272729E-01, 4.309090909090911E-01,  1.0
 4.927272727272728E-01, 3.688205458954903E-01, -1.0
 6.127272727272729E-01, 4.390644761712132E-01,  1.0
 4.927272727272728E-01, 5.244873113858044E-01, -1.0
 6.127272727272729E-01, 4.398848476679126E-01,  1.0
 5.127272727272728E-01, 5.218181818181820E-01, -1.0
 6.327272727272729E-01, 4.600000000000002E-01,  1.0
 5.127272727272728E-01, 5.181818181818184E-01, -1.0
 6.327272727272729E-01, 4.660320815194591E-01,  1.0
 5.452534783648303E-01, 6.345454545454547E-01, -1.0
 6.317983763854100E-01, 4.927272727272728E-01,  1.0
 5.443658215283069E-01, 6.509090909090911E-01, -1.0
 6.727272727272730E-01, 6.419443792768638E-01,  1.0
 5.527272727272728E-01, 6.472727272727274E-01, -1.0
 5.127272727272728E-01, 6.054545454545456E-01,  1.0
 5.584362363673309E-01, 6.636363636363638E-01, -1.0
 6.159429803428363E-01, 7.618181818181821E-01,  1.0
 5.521621247996307E-01, 6.694206069610610E-01, -1.0
 5.927272727272729E-01, 7.736194140728254E-01,  1.0
 5.651180467199961E-01, 6.608237721769670E-01, -1.0
 6.045824784101185E-01, 7.745454545454548E-01,  1.0
 5.127272727272728E-01, 6.927272727272729E-01, -1.0
 5.927272727272729E-01, 7.916128329369417E-01,  1.0
 4.927272727272728E-01, 7.290909090909092E-01, -1.0
 5.927272727272729E-01, 7.727058397804998E-01,  1.0
 5.727272727272729E-01, 8.654545454545457E-01, -1.0
 6.127272727272729E-01, 9.067551104253462E-01,  1.0
 5.727272727272729E-01, 8.629707100112731E-01, -1.0
 6.127272727272729E-01, 9.200000000000003E-01,  1.0
 5.909090909090911E-01,-9.200000000000000E-01,  1.0
 5.712282304885461E-01,-8.032302214456043E-01, -1.0
 5.909090909090911E-01,-9.036363636363637E-01,  1.0
 6.109090909090911E-01,-8.254545454545454E-01, -1.0
 5.912006235850802E-01,-9.220589332516426E-01,  1.0
 5.869013167208909E-01,-7.980900737995006E-01, -1.0
 6.152231395335398E-01,-7.263223876895706E-01,  1.0
 5.547227488619249E-01,-8.253810658780238E-01, -1.0
 6.526853646974062E-01,-7.145454545454545E-01,  1.0
 5.708808906740912E-01,-7.948834500833080E-01, -1.0
 6.509090909090911E-01,-7.208305455538346E-01,  1.0
 6.043660195246364E-01,-6.599999999999999E-01, -1.0
 6.504323375245287E-01,-7.018181818181818E-01,  1.0
 5.969389991965172E-01,-6.436363636363636E-01, -1.0
 5.709090909090910E-01,-6.609605716093059E-01,  1.0
 5.883109103972582E-01,-5.872727272727272E-01, -1.0
 5.783115965210878E-01,-6.490909090909092E-01,  1.0
 5.909090909090911E-01,-5.909090909090909E-01, -1.0
 6.686901654888019E-01,-6.527272727272728E-01,  1.0
 6.032385052520282E-01,-5.745454545454546E-01, -1.0
 5.309090909090910E-01,-4.563636363636363E-01,  1.0
 6.309090909090911E-01,-5.591953166414068E-01, -1.0
 5.404765149744899E-01,-4.199999999999999E-01,  1.0
 6.498409892013246E-01,-5.350194112206682E-01, -1.0
 5.509090909090910E-01,-4.236363636363636E-01,  1.0
 6.509090909090911E-01,-5.254545454545455E-01, -1.0
 5.509090909090910E-01,-4.272727272727272E-01,  1.0
 6.309090909090911E-01,-4.181510055001686E-01, -1.0
 6.146416581097452E-01,-3.325519825831888E-01,  1.0
 6.309090909090911E-01,-4.127272727272727E-01, -1.0
 6.199641497305719E-01,-3.256912515404142E-01,  1.0
 5.309090909090910E-01,-2.879018452258887E-01, -1.0
 6.134832461806614E-01,-3.411768061704490E-01,  1.0
 5.509090909090910E-01,-3.032006144885636E-01, -1.0
 6.109090909090911E-01,-3.218181818181818E-01,  1.0
 6.509090909090911E-01,-2.067967946471876E-01, -1.0
 5.309090909090910E-01,-2.130631143346844E-01,  1.0
 6.509090909090911E-01,-1.310181243686334E-01, -1.0
 5.509090909090910E-01,-2.283914040269274E-01,  1.0
 6.453211085232458E-01,-1.433805871067263E-01, -1.0
 5.509090909090910E-01,-2.127272727272727E-01,  1.0
 6.509090909090911E-01,-1.345454545454544E-01, -1.0
 5.309090909090910E-01,-2.163636363636363E-01,  1.0
 6.509090909090911E-01,-1.381818181818181E-01, -1.0
 5.551778563548900E-01,-3.999999999999992E-02,  1.0
 6.523505941012787E-01,-1.410473766751653E-01, -1.0
 5.485534500688045E-01,-4.363636363636354E-02,  1.0
 6.485924417766862E-01,-4.545454545454536E-02, -1.0
 5.509090909090910E-01,-4.727272727272717E-02,  1.0
 6.600964549949320E-01,-5.232380849025037E-02, -1.0
 5.509090909090910E-01, 5.826973317714357E-02,  1.0
 5.909090909090911E-01,-1.281430535093195E-02, -1.0
 5.509090909090910E-01, 4.548522254350516E-02,  1.0
 5.909090909090911E-01, 1.036363636363637E-01, -1.0
 5.509090909090910E-01, 4.181818181818193E-02,  1.0
 6.039464952074126E-01, 1.067009693031062E-01, -1.0
 6.709090909090911E-01, 1.981818181818184E-01,  1.0
 5.909090909090911E-01, 9.636363636363650E-02, -1.0
 5.109090909090910E-01, 1.976216352902734E-01,  1.0
 5.958359133338246E-01, 1.927272727272729E-01, -1.0
 5.709090909090910E-01, 2.909090909090911E-01,  1.0
 5.909090909090911E-01, 1.890909090909092E-01, -1.0
 6.856052196189665E-01, 2.672727272727274E-01,  1.0
 5.774342453637528E-01, 1.854545454545455E-01, -1.0
 6.709090909090911E-01, 2.636363636363638E-01,  1.0
 5.942838250072725E-01, 2.018181818181819E-01, -1.0
 5.709090909090910E-01, 3.000000000000002E-01,  1.0
 6.309090909090911E-01, 3.162063872475749E-01, -1.0
 5.553494600626238E-01, 2.963636363636365E-01,  1.0
 6.309090909090911E-01, 3.345454545454547E-01, -1.0
 6.109090909090911E-01, 4.327272727272730E-01,  1.0
 5.139094610342224E-01, 3.709090909090911E-01, -1.0
 6.109090909090911E-01, 4.290909090909093E-01,  1.0
 5.309090909090910E-01, 5.272727272727274E-01, -1.0
 6.101905641200235E-01, 4.454545454545456E-01,  1.0
 5.109090909090910E-01, 5.260155721790789E-01, -1.0
 6.184301776511767E-01, 4.418181818181819E-01,  1.0
 5.109090909090910E-01, 5.154705299323425E-01, -1.0
 6.277587557244033E-01, 4.581818181818184E-01,  1.0
 5.518619947293311E-01, 6.155268203305598E-01, -1.0
 6.109090909090911E-01, 4.745454545454546E-01,  1.0
 5.509090909090910E-01, 6.216400139231786E-01, -1.0
 6.334090738460652E-01, 5.109090909090910E-01,  1.0
 5.509090909090910E-01, 6.566884527852620E-01, -1.0
 6.709090909090911E-01, 6.272727272727274E-01,  1.0
 5.615648023610815E-01, 6.476455960046411E-01, -1.0
 6.309090909090911E-01, 7.436363636363639E-01,  1.0
 5.509090909090910E-01, 6.618181818181820E-01, -1.0
 6.309090909090911E-01, 7.200000000000002E-01,  1.0
 5.254332499344094E-01, 6.581818181818183E-01, -1.0
 6.309090909090911E-01, 7.217545269213539E-01,  1.0
 5.309090909090910E-01, 6.745454545454547E-01, -1.0
 6.114713445951140E-01, 7.727272727272729E-01,  1.0
 5.709090909090910E-01, 8.709090909090912E-01, -1.0
 6.008583051875890E-01, 7.866950185122505E-01,  1.0
 5.709090909090910E-01, 8.529405691734259E-01, -1.0
 6.109090909090911E-01, 7.854545454545456E-01,  1.0
 5.909090909090911E-01, 8.636363636363639E-01, -1.0
 6.109090909090911E-01, 9.353987281212535E-01,  1.0
 5.709090909090910E-01, 8.600611405444504E-01, -1.0
 6.290909090909093E-01,-8.719587693008692E-01, -1.0
 5.890909090909092E-01,-9.218181818181819E-01,  1.0
 6.290909090909093E-01,-8.436363636363636E-01, -1.0
 6.006169315695037E-01,-9.054545454545455E-01,  1.0
 6.078171342192222E-01,-8.272727272727273E-01, -1.0
 6.890909090909093E-01,-7.690909090909090E-01,  1.0
 5.690909090909092E-01,-7.989302155221210E-01, -1.0
 7.090909090909093E-01,-7.918502260136013E-01,  1.0
 5.890909090909092E-01,-7.945454545454546E-01, -1.0
 6.690909090909093E-01,-7.163636363636363E-01,  1.0
 6.050336232771818E-01,-6.581818181818181E-01, -1.0
 6.690909090909093E-01,-7.200000000000000E-01,  1.0
 6.131505817141963E-01,-6.618181818181817E-01, -1.0
 6.778210877292539E-01,-7.036363636363636E-01,  1.0
 6.067240793110420E-01,-6.439619852569797E-01, -1.0
 5.690909090909092E-01,-6.672727272727272E-01,  1.0
 5.890909090909092E-01,-5.757705674407156E-01, -1.0
 6.490909090909093E-01,-6.509090909090910E-01,  1.0
 5.890909090909092E-01,-5.927272727272728E-01, -1.0
 5.290909090909092E-01,-4.745454545454545E-01,  1.0
 5.943615852923432E-01,-5.763636363636364E-01, -1.0
 5.490909090909092E-01,-4.416816219210158E-01,  1.0
 6.646525955527279E-01,-5.229028875438022E-01, -1.0
 5.490909090909092E-01,-4.238952532382952E-01,  1.0
 6.490909090909093E-01,-5.236363636363637E-01, -1.0
 5.490909090909092E-01,-4.254545454545454E-01,  1.0
 6.290909090909093E-01,-4.072727272727272E-01, -1.0
 5.490909090909092E-01,-4.290909090909091E-01,  1.0
 6.290909090909093E-01,-4.109090909090909E-01, -1.0
 6.090909090909092E-01,-3.327272727272726E-01,  1.0
 6.290909090909093E-01,-4.241837330194924E-01, -1.0
 6.290909090909093E-01,-3.363636363636363E-01,  1.0
 5.490909090909092E-01,-2.981818181818181E-01, -1.0
 6.090909090909092E-01,-3.090393748152114E-01,  1.0
 6.981172430128272E-01,-2.475025463440780E-01, -1.0
 6.090909090909092E-01,-3.034474187536855E-01,  1.0
 6.503386018942231E-01,-2.054545454545453E-01, -1.0
 6.090909090909092E-01,-2.272727272727272E-01,  1.0
 6.490909090909093E-01,-1.890909090909090E-01, -1.0
 5.890909090909092E-01,-2.253120998344958E-01,  1.0
 6.490909090909093E-01,-1.327272727272726E-01, -1.0
 5.490909090909092E-01,-2.145454545454545E-01,  1.0
 6.447958787933392E-01,-1.495232492414866E-01, -1.0
 5.490909090909092E-01,-5.818181818181812E-02,  1.0
 6.490909090909093E-01,-1.399999999999999E-01, -1.0
 5.490909090909092E-01,-4.181818181818172E-02,  1.0
 6.563448734070005E-01,-1.436363636363635E-01, -1.0
 5.490909090909092E-01,-4.545454545454536E-02,  1.0
 6.490909090909093E-01,-4.727272727272717E-02, -1.0
 5.407457018025192E-01, 4.115219531426687E-02,  1.0
 6.584678296125357E-01,-5.090909090909081E-02, -1.0
 5.423244482049709E-01, 3.953925340684692E-02,  1.0
 6.490909090909093E-01, 2.545454545454556E-02, -1.0
 5.490909090909092E-01, 4.363636363636375E-02,  1.0
 6.639800106070559E-01, 4.181818181818193E-02, -1.0
 6.690909090909093E-01, 2.000000000000002E-01,  1.0
 5.890909090909092E-01, 9.818181818181831E-02, -1.0
 6.890909090909093E-01, 1.963636363636365E-01,  1.0
 5.890909090909092E-01, 1.145454545454547E-01, -1.0
 6.690909090909093E-01, 1.927272727272729E-01,  1.0
 5.956887488055003E-01, 1.908797768204964E-01, -1.0
 6.690909090909093E-01, 2.690909090909093E-01,  1.0
 5.978598810058342E-01, 1.872727272727274E-01, -1.0
 6.655438648544696E-01, 2.654545454545456E-01,  1.0
 5.890909090909092E-01, 1.836363636363637E-01, -1.0
 6.683298548474450E-01, 2.618181818181819E-01,  1.0
 6.290909090909093E-01, 3.313354375648725E-01, -1.0
 5.690909090909092E-01, 2.981818181818183E-01,  1.0
 6.283848311839045E-01, 3.326507186251405E-01, -1.0
 6.031571674448454E-01, 4.139865482582355E-01,  1.0
 6.418655501901657E-01, 3.327272727272729E-01, -1.0
 6.041359406097662E-01, 4.115582174856203E-01,  1.0
 5.090909090909091E-01, 3.690909090909092E-01, -1.0
 6.090909090909092E-01, 4.300997730091919E-01,  1.0
 5.357868385938120E-01, 5.454545454545456E-01, -1.0
 6.287134282117334E-01, 4.436363636363638E-01,  1.0
 5.290909090909092E-01, 5.333082359763721E-01, -1.0
 6.290909090909093E-01, 4.626763579061077E-01,  1.0
 6.067311795802830E-01, 5.805037131623290E-01, -1.0
 6.312701866205501E-01, 4.763636363636365E-01,  1.0
 5.890909090909092E-01, 6.145454545454547E-01, -1.0
 6.290909090909093E-01, 4.927272727272728E-01,  1.0
 5.690909090909092E-01, 6.459545259682734E-01, -1.0
 6.690909090909093E-01, 6.290909090909093E-01,  1.0
 5.496817571039406E-01, 6.460825963627673E-01, -1.0
 6.690909090909093E-01, 6.444124013175251E-01,  1.0
 5.568872421651567E-01, 6.636363636363638E-01, -1.0
 6.490909090909093E-01, 7.183038055214949E-01,  1.0
 5.490909090909092E-01, 6.600000000000001E-01, -1.0
 6.490909090909093E-01, 7.381818181818184E-01,  1.0
 5.090909090909091E-01, 6.963636363636365E-01, -1.0
 6.090909090909092E-01, 7.745454545454548E-01,  1.0
 5.151355607312192E-01, 6.857173856994589E-01, -1.0
 6.090909090909092E-01, 7.909090909090911E-01,  1.0
 5.764874298490370E-01, 8.690909090909094E-01, -1.0
 6.076200815214661E-01, 7.720669069462162E-01,  1.0
 5.890909090909092E-01, 8.654545454545457E-01, -1.0
 6.090909090909092E-01, 7.836363636363638E-01,  1.0
 5.890909090909092E-01, 8.618181818181820E-01, -1.0
 6.290909090909093E-01, 9.200000000000003E-01,  1.0
 6.072727272727274E-01,-9.200000000000000E-01,  1.0
 6.156617902718347E-01,-8.261647305782226E-01, -1.0
 6.072727272727274E-01,-9.036363636363637E-01,  1.0
 6.272727272727274E-01,-8.254545454545454E-01, -1.0
 6.093186488852920E-01,-8.988728721989768E-01,  1.0
 5.672727272727274E-01,-8.067442359728147E-01, -1.0
 7.072727272727275E-01,-7.739472375828655E-01,  1.0
 5.713917854453500E-01,-8.127272727272727E-01, -1.0
 6.672727272727275E-01,-7.086579003718837E-01,  1.0
 5.872727272727274E-01,-7.963636363636364E-01, -1.0
 6.672727272727275E-01,-7.181818181818181E-01,  1.0
 6.072727272727274E-01,-6.554185795852682E-01, -1.0
 6.670437354076910E-01,-7.018181818181818E-01,  1.0
 6.002798971047362E-01,-6.545807094649543E-01, -1.0
 6.672727272727275E-01,-7.054545454545454E-01,  1.0
 6.072727272727274E-01,-6.497730691112744E-01, -1.0
 6.672727272727275E-01,-6.690909090909092E-01,  1.0
 5.872727272727274E-01,-5.909090909090909E-01, -1.0
 6.872727272727275E-01,-6.527272727272728E-01,  1.0
 5.872727272727274E-01,-5.745454545454546E-01, -1.0
 5.462347217636455E-01,-4.563636363636363E-01,  1.0
 6.272727272727274E-01,-5.381818181818182E-01, -1.0
 6.052976443463673E-01,-4.322883828968295E-01,  1.0
 6.672727272727275E-01,-5.252943858773602E-01, -1.0
 6.472727272727274E-01,-4.236363636363636E-01,  1.0
 6.672727272727275E-01,-5.054545454545455E-01, -1.0
 6.472727272727274E-01,-4.072727272727272E-01,  1.0
 6.272727272727274E-01,-4.284899806181489E-01, -1.0
 6.272727272727274E-01,-3.176527082999943E-01,  1.0
 6.231609810316958E-01,-4.327272727272727E-01, -1.0
 6.272727272727274E-01,-3.345454545454545E-01,  1.0
 6.241695097826111E-01,-4.163636363636364E-01, -1.0
 6.272727272727274E-01,-3.181818181818181E-01,  1.0
 7.072727272727275E-01,-2.399999999999999E-01, -1.0
 6.272727272727274E-01,-3.225063219718841E-01,  1.0
 6.472727272727274E-01,-1.966414242054768E-01, -1.0
 6.272727272727274E-01,-3.054545454545454E-01,  1.0
 6.427763974799703E-01,-1.570567770878695E-01, -1.0
 6.272727272727274E-01,-2.419579159614134E-01,  1.0
 6.472727272727274E-01,-1.368425159605670E-01, -1.0
 6.072727272727274E-01,-2.327272727272727E-01,  1.0
 6.364978883854150E-01,-1.238697967170038E-01, -1.0
 5.472727272727274E-01,-2.163636363636363E-01,  1.0
 6.396912055450966E-01,-1.451153671066232E-01, -1.0
 5.661612849943143E-01,-3.999999999999992E-02,  1.0
 6.570726339956292E-01,-5.696064060317194E-02, -1.0
 5.672727272727274E-01,-4.363636363636354E-02,  1.0
 6.672727272727275E-01,-4.586113834057407E-02, -1.0
 5.472727272727274E-01, 3.272727272727283E-02,  1.0
 6.685934205709000E-01,-4.909090909090899E-02, -1.0
 5.472727272727274E-01, 2.865951146292857E-02,  1.0
 6.490987002375170E-01, 2.727272727272738E-02, -1.0
 5.472727272727274E-01, 4.545454545454557E-02,  1.0
 6.472727272727274E-01, 4.363636363636375E-02, -1.0
 6.872727272727275E-01, 1.661510828440150E-01,  1.0
 6.072727272727274E-01, 1.132435292215600E-01, -1.0
 6.964034419237249E-01, 1.901159414949599E-01,  1.0
 5.872727272727274E-01, 1.880194088340084E-01, -1.0
 6.849899066121503E-01, 1.945454545454547E-01,  1.0
 5.872727272727274E-01, 1.727272727272729E-01, -1.0
 6.872727272727275E-01, 2.109090909090910E-01,  1.0
 5.872727272727274E-01, 1.890909090909092E-01, -1.0
 6.765680540410198E-01, 2.672727272727274E-01,  1.0
 5.872727272727274E-01, 1.905821656638424E-01, -1.0
 6.672727272727275E-01, 2.636363636363638E-01,  1.0
 6.272727272727274E-01, 3.218181818181820E-01, -1.0
 5.672727272727274E-01, 2.913784573507124E-01,  1.0
 6.272727272727274E-01, 3.181818181818183E-01, -1.0
 6.072727272727274E-01, 4.109322502100232E-01,  1.0
 6.872727272727275E-01, 3.945454545454548E-01, -1.0
 6.072727272727274E-01, 4.327272727272730E-01,  1.0
 7.072727272727275E-01, 4.109090909090911E-01, -1.0
 6.272727272727274E-01, 4.398545001233838E-01,  1.0
 5.472727272727274E-01, 5.272727272727274E-01, -1.0
 6.253644530203341E-01, 4.654545454545456E-01,  1.0
 7.272727272727275E-01, 4.036363636363637E-01, -1.0
 6.272727272727274E-01, 4.618181818181819E-01,  1.0
 7.072727272727275E-01, 5.600000000000003E-01, -1.0
 6.272727272727274E-01, 4.781818181818184E-01,  1.0
 6.072727272727274E-01, 5.763636363636366E-01, -1.0
 6.304824040927386E-01, 4.745454545454546E-01,  1.0
 6.072727272727274E-01, 5.927272727272729E-01, -1.0
 6.672727272727275E-01, 6.309090909090911E-01,  1.0
 5.872727272727274E-01, 6.011763698486317E-01, -1.0
 6.655270201846586E-01, 6.397842462207387E-01,  1.0
 5.672727272727274E-01, 6.654545454545456E-01, -1.0
 6.672727272727275E-01, 6.380419666467225E-01,  1.0
 5.486411750160927E-01, 6.645408020417745E-01, -1.0
 6.394444077450494E-01, 7.200000000000002E-01,  1.0
 5.472727272727274E-01, 6.581818181818183E-01, -1.0
 6.472727272727274E-01, 7.363636363636366E-01,  1.0
 5.592981472061910E-01, 7.172666987063553E-01, -1.0
 6.072727272727274E-01, 7.877978810730875E-01,  1.0
 5.872727272727274E-01, 8.709090909090912E-01, -1.0
 6.072727272727274E-01, 7.753201800879510E-01,  1.0
 5.872727272727274E-01, 8.522206024409056E-01, -1.0
 6.072727272727274E-01, 7.854545454545456E-01,  1.0
 5.872727272727274E-01, 8.741049842767489E-01, -1.0
 6.445936403830940E-01, 8.565221866616772E-01,  1.0
 5.872727272727274E-01, 8.600000000000002E-01, -1.0
 6.254545454545456E-01,-8.400000000000000E-01, -1.0
 5.867452295660923E-01,-9.118500447653166E-01,  1.0
 6.254545454545456E-01,-8.236363636363636E-01, -1.0
 5.906090047262991E-01,-8.654545454545455E-01,  1.0
 5.854545454545456E-01,-8.008071085630855E-01, -1.0
 7.054545454545457E-01,-7.890909090909091E-01,  1.0
 5.854545454545456E-01,-8.109090909090909E-01, -1.0
 7.054545454545457E-01,-7.855405579271781E-01,  1.0
 5.707589183128157E-01,-7.969260446478319E-01, -1.0
 6.654545454545456E-01,-7.163636363636363E-01,  1.0
 6.054545454545456E-01,-6.581818181818181E-01, -1.0
 6.518792841215781E-01,-7.106427840081256E-01,  1.0
 6.054545454545456E-01,-6.618181818181817E-01, -1.0
 6.654545454545456E-01,-6.905028419687319E-01,  1.0
 6.022065706086422E-01,-5.854545454545453E-01, -1.0
 7.244989641440657E-01,-5.872727272727272E-01,  1.0
 6.054545454545456E-01,-5.690909090909091E-01, -1.0
 7.362971108594052E-01,-5.909090909090909E-01,  1.0
 6.454545454545456E-01,-5.540034250368172E-01, -1.0
 7.254545454545457E-01,-6.011727737021317E-01,  1.0
 6.454545454545456E-01,-5.363636363636364E-01, -1.0
 5.654545454545455E-01,-4.381818181818181E-01,  1.0
 6.654545454545456E-01,-5.199999999999999E-01, -1.0
 6.454545454545456E-01,-4.263715892937704E-01,  1.0
 6.654545454545456E-01,-5.247767697787049E-01, -1.0
 6.454545454545456E-01,-4.254545454545454E-01,  1.0
 6.272685039000028E-01,-4.272727272727272E-01, -1.0
 6.454545454545456E-01,-4.081409390461130E-01,  1.0
 6.232800214457186E-01,-4.109090909090909E-01, -1.0
 6.253937622390018E-01,-3.327272727272726E-01,  1.0
 7.454545454545457E-01,-3.945454545454545E-01, -1.0
 6.254545454545456E-01,-3.217281298613743E-01,  1.0
 7.254545454545457E-01,-2.438412065979577E-01, -1.0
 6.427252853079656E-01,-3.178552687559169E-01,  1.0
 7.254545454545457E-01,-2.418181818181817E-01, -1.0
 6.087738845822028E-01,-3.222893984099753E-01,  1.0
 7.254245189882540E-01,-2.454545454545454E-01, -1.0
 6.254545454545456E-01,-2.491007449479033E-01,  1.0
 6.454545454545456E-01,-1.290909090909090E-01, -1.0
 6.261319785799481E-01,-2.309090909090909E-01,  1.0
 6.428674223040272E-01,-1.339406914981772E-01, -1.0
 5.454545454545455E-01,-5.454545454545447E-02,  1.0
 6.454545454545456E-01,-1.379683058380160E-01, -1.0
 5.536865583774923E-01,-3.818181818181812E-02,  1.0
 6.337515171782472E-01,-1.399999999999999E-01, -1.0
 7.054545454545457E-01,-8.386216160584770E-02,  1.0
 6.577301098896118E-01,-6.363636363636355E-02, -1.0
 5.454545454545455E-01,-4.545454545454536E-02,  1.0
 6.654545454545456E-01,-4.727272727272717E-02, -1.0
 6.054545454545456E-01, 3.331156934814734E-02,  1.0
 6.654545454545456E-01,-5.090909090909081E-02, -1.0
 5.654545454545455E-01, 4.639133606346874E-02,  1.0
 6.623021760812553E-01, 2.545454545454556E-02, -1.0
 7.054545454545457E-01, 1.636363636363637E-01,  1.0
 6.454545454545456E-01, 4.251718473728232E-02, -1.0
 7.054545454545457E-01, 1.600000000000001E-01,  1.0
 6.654545454545456E-01, 7.818181818181834E-02, -1.0
 7.050454851489936E-01, 1.763636363636365E-01,  1.0
 5.920173716275368E-01, 1.145454545454547E-01, -1.0
 6.854545454545456E-01, 2.007942129866658E-01,  1.0
 6.054545454545456E-01, 1.909090909090910E-01, -1.0
 6.854545454545456E-01, 2.732443958519649E-01,  1.0
 5.854545454545456E-01, 1.984849372738356E-01, -1.0
 6.654545454545456E-01, 2.654545454545456E-01,  1.0
 5.854545454545456E-01, 2.036363636363637E-01, -1.0
 6.654545454545456E-01, 2.618181818181819E-01,  1.0
 6.254545454545456E-01, 3.316537133639937E-01, -1.0
 6.654545454545456E-01, 2.781818181818183E-01,  1.0
 6.454545454545456E-01, 3.163636363636365E-01, -1.0
 6.254545454545456E-01, 3.945454545454548E-01,  1.0
 7.054545454545457E-01, 3.927272727272729E-01, -1.0
 6.254545454545456E-01, 4.309090909090911E-01,  1.0
 7.254545454545457E-01, 4.090909090909093E-01, -1.0
 6.254545454545456E-01, 4.472727272727274E-01,  1.0
 7.093075419595918E-01, 4.054545454545456E-01, -1.0
 6.382002412293347E-01, 4.636363636363638E-01,  1.0
 7.254545454545457E-01, 4.218181818181819E-01, -1.0
 6.254545454545456E-01, 4.600000000000002E-01,  1.0
 7.054545454545457E-01, 5.781818181818185E-01, -1.0
 6.254545454545456E-01, 4.763636363636365E-01,  1.0
 6.261635676407665E-01, 5.945454545454547E-01, -1.0
 6.590862785562697E-01, 6.327272727272729E-01,  1.0
 6.054545454545456E-01, 5.876340190083739E-01, -1.0
 6.582161284606801E-01, 6.290909090909093E-01,  1.0
 5.654545454545455E-01, 6.472727272727274E-01, -1.0
 6.654545454545456E-01, 6.277793800774910E-01,  1.0
 7.254545454545457E-01, 7.236363636363639E-01, -1.0
 6.454545454545456E-01, 7.218181818181820E-01,  1.0
 7.254545454545457E-01, 7.400000000000002E-01, -1.0
 6.291787483368889E-01, 7.381818181818184E-01,  1.0
 7.193845558284269E-01, 8.023898734263804E-01, -1.0
 6.454545454545456E-01, 7.192552391125072E-01,  1.0
 7.054545454545457E-01, 7.927272727272729E-01, -1.0
 6.094725137125249E-01, 7.909090909090911E-01,  1.0
 7.054545454545457E-01, 8.090909090909093E-01, -1.0
 6.016109703505179E-01, 7.915729298410095E-01,  1.0
 5.854545454545456E-01, 8.654545454545457E-01, -1.0
 6.434963233234215E-01, 8.636363636363639E-01,  1.0
 6.054545454545456E-01, 8.818181818181821E-01, -1.0
 6.254545454545456E-01, 9.150911228542404E-01,  1.0
 7.036363636363638E-01,-9.003656710174672E-01,  1.0
 6.236363636363638E-01,-8.268743499936159E-01, -1.0
 6.843644475828610E-01,-9.036363636363637E-01,  1.0
 6.435765714684051E-01,-8.468626952657271E-01, -1.0
 6.826894891537334E-01,-9.072727272727273E-01,  1.0
 6.236363636363638E-01,-8.290909090909091E-01, -1.0
 7.236363636363639E-01,-7.909090909090909E-01,  1.0
 5.836363636363637E-01,-8.033194165699464E-01, -1.0
 6.628793181313797E-01,-7.053612050267335E-01,  1.0
 6.814415369062359E-01,-7.563636363636363E-01, -1.0
 6.636363636363638E-01,-6.884386669661847E-01,  1.0
 6.034049068325307E-01,-6.599999999999999E-01, -1.0
 6.682014107615357E-01,-7.054113034778063E-01,  1.0
 6.036363636363637E-01,-6.436363636363636E-01, -1.0
 6.836363636363638E-01,-6.854545454545454E-01,  1.0
 6.036363636363637E-01,-5.672727272727272E-01, -1.0
 7.264955116420793E-01,-5.890909090909091E-01,  1.0
 6.086477552967060E-01,-5.834459813729708E-01, -1.0
 7.236363636363639E-01,-5.937695274596686E-01,  1.0
 6.245384089796927E-01,-5.453986328879231E-01, -1.0
 7.270564769586777E-01,-5.963636363636364E-01,  1.0
 6.636363636363638E-01,-5.181818181818182E-01, -1.0
 6.836363636363638E-01,-4.369984978189562E-01,  1.0
 6.615967489620621E-01,-5.332408175936713E-01, -1.0
 6.436363636363638E-01,-4.236363636363636E-01,  1.0
 6.636363636363638E-01,-5.254545454545455E-01, -1.0
 6.478192058849332E-01,-4.072727272727272E-01,  1.0
 7.598791232822383E-01,-3.998152112763502E-01, -1.0
 6.448207704895171E-01,-4.109090909090909E-01,  1.0
 7.436363636363639E-01,-4.081374894721934E-01, -1.0
 6.236363636363638E-01,-3.145454545454545E-01,  1.0
 7.436363636363639E-01,-3.963636363636364E-01, -1.0
 6.236363636363638E-01,-3.181818181818181E-01,  1.0
 7.475589392425761E-01,-2.399999999999999E-01, -1.0
 6.236363636363638E-01,-3.337685478209140E-01,  1.0
 7.236363636363639E-01,-2.533590882792778E-01, -1.0
 6.087127698773673E-01,-2.454545454545454E-01,  1.0
 7.236363636363639E-01,-2.560568351898995E-01, -1.0
 6.636363636363638E-01,-2.135783648415718E-01,  1.0
 6.436363636363638E-01,-1.509090909090908E-01, -1.0
 6.636363636363638E-01,-2.161235757228854E-01,  1.0
 6.461488595060012E-01,-1.345454545454544E-01, -1.0
 6.836363636363638E-01,-2.094550580158066E-01,  1.0
 6.436363636363638E-01,-1.327717989582291E-01, -1.0
 7.036363636363638E-01,-8.859569657411966E-02,  1.0
 6.636363636363638E-01,-6.181818181818172E-02, -1.0
 7.036363636363638E-01,-8.363636363636354E-02,  1.0
 6.636363636363638E-01,-4.545454545454536E-02, -1.0
 7.036363636363638E-01,-2.727272727272717E-02,  1.0
 6.495100457850950E-01,-4.909090909090899E-02, -1.0
 5.784716547546936E-01, 3.600817968251432E-02,  1.0
 6.723848825514073E-01, 1.173897766214913E-02, -1.0
 7.236363636363639E-01, 1.379311405196929E-01,  1.0
 6.636363636363638E-01, 2.363636363636375E-02, -1.0
 7.036363636363638E-01, 1.418181818181819E-01,  1.0
 6.836363636363638E-01, 6.330679267608151E-03, -1.0
 6.946050380284339E-01, 1.781818181818184E-01,  1.0
 6.636363636363638E-01, 9.636363636363650E-02, -1.0
 6.836363636363638E-01, 2.145454545454547E-01,  1.0
 6.436363636363638E-01, 9.272727272727285E-02, -1.0
 6.756431246009813E-01, 2.509090909090911E-01,  1.0
 6.045116467811779E-01, 1.890909090909092E-01, -1.0
 6.836363636363638E-01, 2.672727272727274E-01,  1.0
 6.036363636363637E-01, 1.859551756724486E-01, -1.0
 6.836363636363638E-01, 2.636363636363638E-01,  1.0
 6.236363636363638E-01, 3.218181818181820E-01, -1.0
 6.836363636363638E-01, 2.800000000000001E-01,  1.0
 6.236363636363638E-01, 3.209030891749309E-01, -1.0
 6.836363636363638E-01, 2.763636363636365E-01,  1.0
 6.361341503285990E-01, 3.345454545454547E-01, -1.0
 6.737572241611769E-01, 3.527272727272729E-01,  1.0
 7.436363636363639E-01, 4.109090909090911E-01, -1.0
 6.236363636363638E-01, 4.302799036655323E-01,  1.0
 7.636363636363639E-01, 4.184068051060114E-01, -1.0
 6.402480969584531E-01, 4.654545454545456E-01,  1.0
 7.436363636363639E-01, 4.236363636363638E-01, -1.0
 6.236363636363638E-01, 4.492278099878009E-01,  1.0
 7.036363636363638E-01, 5.600000000000003E-01, -1.0
 6.236363636363638E-01, 4.630704623342831E-01,  1.0
 6.214166860124837E-01, 5.920583726687078E-01, -1.0
 6.355549845758959E-01, 4.945454545454546E-01,  1.0
 7.030576900444598E-01, 5.727272727272729E-01, -1.0
 6.636363636363638E-01, 6.295539132868375E-01,  1.0
 7.036363636363638E-01, 5.690909090909092E-01, -1.0
 6.636363636363638E-01, 6.272727272727274E-01,  1.0
 7.436363636363639E-01, 7.254545454545457E-01, -1.0
 6.636363636363638E-01, 6.236363636363638E-01,  1.0
 7.263711267914912E-01, 7.418181818181820E-01, -1.0
 6.436363636363638E-01, 7.200000000000002E-01,  1.0
 7.236363636363639E-01, 7.536069298240317E-01, -1.0
 6.436363636363638E-01, 7.363636363636366E-01,  1.0
 7.036363636363638E-01, 7.881529848323183E-01, -1.0
 6.356144225030074E-01, 7.327272727272729E-01,  1.0
 7.036363636363638E-01, 7.947379020870792E-01, -1.0
 6.036363636363637E-01, 7.880970037160216E-01,  1.0
 7.036363636363638E-01, 7.946873215456121E-01, -1.0
 6.636363636363638E-01, 8.756175495602168E-01,  1.0
 6.036363636363637E-01, 8.715385725237276E-01, -1.0
 6.636363636363638E-01, 8.713266783308028E-01,  1.0
 6.720140571539260E-01, 9.777227174727102E-01, -1.0
 6.499052112193403E-01,-9.371774044707856E-01, -1.0
 7.018181818181820E-01,-9.146442981299261E-01,  1.0
 6.218181818181819E-01,-8.359591120634795E-01, -1.0
 6.970480019189891E-01,-9.135025807933482E-01,  1.0
 6.418181818181820E-01,-8.272727272727273E-01, -1.0
 6.862997547433839E-01,-7.690909090909090E-01,  1.0
 6.890545622731893E-01,-7.509090909090909E-01, -1.0
 7.218181818181820E-01,-7.778721039705422E-01,  1.0
 6.816951639849832E-01,-7.545454545454545E-01, -1.0
 7.218181818181820E-01,-7.875295816941956E-01,  1.0
 6.894935600827699E-01,-7.581818181818182E-01, -1.0
 6.783667138944127E-01,-7.200000000000000E-01,  1.0
 7.401938203607130E-01,-6.618181818181817E-01, -1.0
 6.624319490696009E-01,-7.036363636363636E-01,  1.0
 6.019830631594862E-01,-5.854545454545453E-01, -1.0
 6.821305824650576E-01,-7.072727272727273E-01,  1.0
 6.618181818181820E-01,-6.137868768559354E-01, -1.0
 7.218181818181820E-01,-5.909090909090909E-01,  1.0
 6.618181818181820E-01,-5.327272727272727E-01, -1.0
 7.291098007622964E-01,-5.945454545454546E-01,  1.0
 6.618181818181820E-01,-5.363636363636364E-01, -1.0
 7.418181818181820E-01,-5.850437328327441E-01,  1.0
 6.618181818181820E-01,-5.333248248258021E-01, -1.0
 6.597182423713764E-01,-4.218181818181817E-01,  1.0
 6.625566433954242E-01,-5.236363636363637E-01, -1.0
 6.618181818181820E-01,-4.054545454545454E-01,  1.0
 7.766730469302343E-01,-3.879678176854596E-01, -1.0
 6.522882219326281E-01,-4.090909090909091E-01,  1.0
 7.591128236876946E-01,-3.812706677168291E-01, -1.0
 6.418181818181820E-01,-3.327272727272726E-01,  1.0
 7.618181818181821E-01,-3.945454545454545E-01, -1.0
 6.418181818181820E-01,-3.163636363636363E-01,  1.0
 7.418181818181820E-01,-2.581818181818181E-01, -1.0
 6.418181818181820E-01,-3.200000000000000E-01,  1.0
 7.218181818181820E-01,-2.425934409041252E-01, -1.0
 6.580607046974382E-01,-3.236363636363636E-01,  1.0
 7.354358161743576E-01,-2.454545454545454E-01, -1.0
 6.603739850600299E-01,-2.108607373058710E-01,  1.0
 6.503038039144036E-01,-1.490909090909090E-01, -1.0
 6.922983224208471E-01,-2.212330145485842E-01,  1.0
 6.418181818181820E-01,-1.327272727272726E-01, -1.0
 6.818181818181820E-01,-2.145454545454545E-01,  1.0
 6.346806925420863E-01,-1.363636363636363E-01, -1.0
 7.018181818181820E-01,-9.818181818181811E-02,  1.0
 6.618181818181820E-01,-5.907542742231777E-02, -1.0
 7.018181818181820E-01,-9.799362348350768E-02,  1.0
 6.578545861219003E-01,-5.099608546506016E-02, -1.0
 7.018181818181820E-01,-2.545454545454535E-02,  1.0
 6.628686285111394E-01,-4.727272727272717E-02, -1.0
 7.018181818181820E-01,-9.090909090908985E-03,  1.0
 7.018181818181820E-01, 9.090909090909200E-03, -1.0
 6.018181818181819E-01, 4.389176504046181E-02,  1.0
 7.151491368939392E-01, 1.125659925445934E-02, -1.0
 7.054088779561247E-01, 1.236363636363637E-01,  1.0
 7.018181818181820E-01, 2.270971818670104E-02, -1.0
 7.218181818181820E-01, 1.276941733372871E-01,  1.0
 6.618181818181820E-01, 7.922962033436586E-02, -1.0
 6.818181818181820E-01, 1.842955550233490E-01,  1.0
 6.710842531573027E-01, 7.633003309172405E-02, -1.0
 6.818181818181820E-01, 2.014164544027699E-01,  1.0
 7.418181818181820E-01, 1.669125884909856E-01, -1.0
 6.818181818181820E-01, 2.690909090909093E-01,  1.0
 7.618181818181821E-01, 1.781619674995084E-01, -1.0
 6.818181818181820E-01, 2.662398278782855E-01,  1.0
 7.595953532744087E-01, 3.436363636363639E-01, -1.0
 6.818181818181820E-01, 2.618181818181819E-01,  1.0
 6.418181818181820E-01, 3.200000000000002E-01, -1.0
 6.654041843249061E-01, 3.581818181818184E-01,  1.0
 6.263416551772836E-01, 3.163636363636365E-01, -1.0
 6.604905865815224E-01, 3.528133656110748E-01,  1.0
 7.818181818181821E-01, 4.214906751599212E-01, -1.0
 6.618181818181820E-01, 3.388435790042930E-01,  1.0
 7.618181818181821E-01, 4.241837152261129E-01, -1.0
 6.418181818181820E-01, 4.672727272727275E-01,  1.0
 7.618181818181821E-01, 4.054545454545456E-01, -1.0
 6.569903692179729E-01, 4.775079523034504E-01,  1.0
 7.434883124613343E-01, 4.218181818181819E-01, -1.0
 6.418181818181820E-01, 4.600000000000002E-01,  1.0
 7.124666075106058E-01, 5.644983486171578E-01, -1.0
 6.349117468902559E-01, 5.109425678163059E-01,  1.0
 7.018181818181820E-01, 5.745454545454547E-01, -1.0
 6.218181818181819E-01, 4.932701982529302E-01,  1.0
 7.011938219367700E-01, 5.593780498292135E-01, -1.0
 6.671757189839356E-01, 6.290909090909093E-01,  1.0
 7.085005595478927E-01, 5.672727272727274E-01, -1.0
 6.636756605461458E-01, 6.454545454545456E-01,  1.0
 7.218181818181820E-01, 7.636363636363639E-01, -1.0
 6.618181818181820E-01, 6.418181818181820E-01,  1.0
 7.218181818181820E-01, 8.000000000000003E-01, -1.0
 6.489447923183668E-01, 7.181818181818184E-01,  1.0
 7.218181818181820E-01, 7.963636363636366E-01, -1.0
 6.418181818181820E-01, 7.313044997994470E-01,  1.0
 7.218181818181820E-01, 7.927272727272729E-01, -1.0
 6.418181818181820E-01, 7.309090909090911E-01,  1.0
 7.218181818181820E-01, 7.890909090909093E-01, -1.0
 6.618181818181820E-01, 8.447853993661102E-01,  1.0
 7.218181818181820E-01, 8.054545454545456E-01, -1.0
 6.618181818181820E-01, 8.636363636363639E-01,  1.0
 7.345076138643636E-01, 7.921027176704448E-01, -1.0
 6.944459475276543E-01, 9.086966730150839E-01,  1.0
 7.000000000000002E-01,-9.074094949076853E-01,  1.0
 6.786262997975243E-01,-8.629179495271257E-01, -1.0
 8.000000000000003E-01,-8.236363636363636E-01,  1.0
 6.400000000000001E-01,-8.254545454545454E-01, -1.0
 7.800000000000002E-01,-8.061518860534044E-01,  1.0
 6.375565057279191E-01,-8.338509791075992E-01, -1.0
 7.600000000000002E-01,-8.109090909090909E-01,  1.0
 6.892568399696153E-01,-7.469863262652148E-01, -1.0
 7.600000000000002E-01,-7.945454545454546E-01,  1.0
 6.800000000000002E-01,-7.380957226265549E-01, -1.0
 6.600000000000001E-01,-7.181818181818181E-01,  1.0
 7.472699224919706E-01,-6.599999999999999E-01, -1.0
 6.800000000000002E-01,-7.018181818181818E-01,  1.0
 7.400000000000002E-01,-6.636363636363636E-01, -1.0
 6.652063092966640E-01,-7.054545454545454E-01,  1.0
 6.571634346403207E-01,-6.138975209074166E-01, -1.0
 7.400000000000002E-01,-5.931927097396499E-01,  1.0
 6.467818058319990E-01,-6.109090909090910E-01, -1.0
 7.400000000000002E-01,-5.927272727272728E-01,  1.0
 6.600000000000001E-01,-5.345454545454545E-01, -1.0
 7.400000000000002E-01,-5.963636363636364E-01,  1.0
 6.600000000000001E-01,-5.181818181818182E-01, -1.0
 7.400000000000002E-01,-5.800000000000000E-01,  1.0
 6.600000000000001E-01,-5.218181818181817E-01, -1.0
 6.543250114737337E-01,-4.150933806162629E-01,  1.0
 7.800000000000002E-01,-3.854545454545454E-01, -1.0
 6.370673402719963E-01,-4.194773582181977E-01,  1.0
 7.400000000000002E-01,-3.890909090909090E-01, -1.0
 6.400000000000001E-01,-3.309090909090908E-01,  1.0
 7.600000000000002E-01,-3.927272727272727E-01, -1.0
 6.400000000000001E-01,-3.171184298250270E-01,  1.0
 7.600000000000002E-01,-3.963636363636364E-01, -1.0
 6.249449570143241E-01,-3.340962280093978E-01,  1.0
 7.800000000000002E-01,-3.633795646620354E-01, -1.0
 6.400000000000001E-01,-3.218181818181818E-01,  1.0
 7.822627086588673E-01,-2.447758466656010E-01, -1.0
 6.600000000000001E-01,-3.254545454545454E-01,  1.0
 7.455068155710309E-01,-2.472727272727272E-01, -1.0
 6.800000000000002E-01,-2.208511749354074E-01,  1.0
 7.400000000000002E-01,-1.509090909090908E-01, -1.0
 6.735267408023923E-01,-2.210024331746793E-01,  1.0
 7.588355944186208E-01,-1.649059653562009E-01, -1.0
 7.075256987814325E-01,-9.636363636363628E-02,  1.0
 6.600000000000001E-01,-1.512979185424838E-01, -1.0
 7.000000000000002E-01,-7.999999999999992E-02,  1.0
 6.633169996374876E-01,-6.181818181818172E-02, -1.0
 7.028634651644694E-01,-2.363636363636354E-02,  1.0
 6.484458754771267E-01,-4.545454545454536E-02, -1.0
 7.000000000000002E-01,-2.727272727272717E-02,  1.0
 6.976994433270876E-01, 1.090909090909102E-02, -1.0
 7.200000000000002E-01,-1.090909090909080E-02,  1.0
 7.017712765871036E-01, 2.727272727272738E-02, -1.0
 7.063271575240577E-01, 1.254545454545455E-01,  1.0
 6.887575309866940E-01, 2.363636363636375E-02, -1.0
 7.000000000000002E-01, 1.618181818181819E-01,  1.0
 6.600000000000001E-01, 6.000000000000013E-02, -1.0
 6.957375861158223E-01, 1.581818181818183E-01,  1.0
 6.600000000000001E-01, 7.690950032070253E-02, -1.0
 7.000000000000002E-01, 1.545454545454547E-01,  1.0
 6.600000000000001E-01, 9.272727272727285E-02, -1.0
 6.833294615637261E-01, 2.658666784504313E-01,  1.0
 7.600000000000002E-01, 1.690909090909092E-01, -1.0
 6.800000000000002E-01, 2.672727272727274E-01,  1.0
 6.000000000000001E-01, 1.854545454545455E-01, -1.0
 6.800000000000002E-01, 2.636363636363638E-01,  1.0
 7.709896965232336E-01, 1.818181818181819E-01, -1.0
 6.647846520205172E-01, 2.800000000000001E-01,  1.0
 7.800000000000002E-01, 3.581818181818184E-01, -1.0
 6.600000000000001E-01, 3.563636363636365E-01,  1.0
 8.000000000000003E-01, 3.898855957844840E-01, -1.0
 6.656839559279490E-01, 3.498866011542613E-01,  1.0
 7.800000000000002E-01, 4.372848457121569E-01, -1.0
 6.375784587992993E-01, 4.690909090909093E-01,  1.0
 7.800000000000002E-01, 4.237405539867821E-01, -1.0
 6.600000000000001E-01, 4.654545454545456E-01,  1.0
 7.800000000000002E-01, 4.236363636363638E-01, -1.0
 6.400000000000001E-01, 4.618181818181820E-01,  1.0
 7.188992459058922E-01, 5.600000000000003E-01, -1.0
 6.600000000000001E-01, 4.781818181818184E-01,  1.0
 7.200000000000002E-01, 5.763636363636366E-01, -1.0
 6.200000000000001E-01, 4.745454545454546E-01,  1.0
 7.200000000000002E-01, 5.613289375112762E-01, -1.0
 6.600000000000001E-01, 6.394851408771091E-01,  1.0
 7.200000000000002E-01, 5.690909090909092E-01, -1.0
 6.800000000000002E-01, 6.272727272727274E-01,  1.0
 7.204825359507623E-01, 5.654545454545455E-01, -1.0
 6.600000000000001E-01, 6.436363636363638E-01,  1.0
 7.280664200485972E-01, 7.579255446155639E-01, -1.0
 6.600000000000001E-01, 6.400000000000001E-01,  1.0
 7.069734636079948E-01, 7.995121587017500E-01, -1.0
 6.400000000000001E-01, 7.259784865724781E-01,  1.0
 7.200000000000002E-01, 7.945454545454548E-01, -1.0
 6.375176216796049E-01, 7.327272727272729E-01,  1.0
 7.200000000000002E-01, 8.082420223260571E-01, -1.0
 6.992761127172450E-01, 9.029568291340910E-01,  1.0
 7.200000000000002E-01, 7.915697086169972E-01, -1.0
 7.000000000000002E-01, 8.854545454545457E-01,  1.0
 7.126952635019205E-01, 8.036363636363638E-01, -1.0
 6.957300255430888E-01, 9.018181818181821E-01,  1.0
 6.600000000000001E-01, 9.772741684781151E-01, -1.0
 6.886241940536315E-01,-8.600000000000000E-01, -1.0
 7.381818181818184E-01,-9.162120929842313E-01,  1.0
 6.958623039844705E-01,-8.636363636363636E-01, -1.0
 8.181818181818185E-01,-8.254545454545454E-01,  1.0
 6.381818181818183E-01,-8.409501676187694E-01, -1.0
 8.181818181818185E-01,-8.243231217961441E-01,  1.0
 6.605277177504347E-01,-8.337797099751958E-01, -1.0
 7.781818181818184E-01,-8.121958270626239E-01,  1.0
 6.713132641285211E-01,-7.402623603188084E-01, -1.0
 7.781818181818184E-01,-7.963636363636364E-01,  1.0
 7.381818181818184E-01,-6.581818181818181E-01, -1.0
 6.781818181818183E-01,-7.200000000000000E-01,  1.0
 7.396662287468586E-01,-6.618181818181817E-01, -1.0
 6.788303256317905E-01,-7.036363636363636E-01,  1.0
 7.381818181818184E-01,-6.654545454545454E-01, -1.0
 7.311954917222985E-01,-5.843681525604710E-01,  1.0
 7.381818181818184E-01,-6.681251287609702E-01, -1.0
 7.381818181818184E-01,-5.909090909090909E-01,  1.0
 6.581818181818183E-01,-5.327272727272727E-01, -1.0
 7.381818181818184E-01,-5.945454545454546E-01,  1.0
 6.623598162035143E-01,-5.171739528422963E-01, -1.0
 7.492038919098616E-01,-5.981818181818183E-01,  1.0
 6.581818181818183E-01,-5.208512637810642E-01, -1.0
 7.288629750448932E-01,-4.618181818181817E-01,  1.0
 6.812506517079657E-01,-5.236363636363637E-01, -1.0
 6.921294455958719E-01,-4.390743670985802E-01,  1.0
 7.781818181818184E-01,-3.966820385368186E-01, -1.0
 6.594597429724341E-01,-4.090909090909091E-01,  1.0
 7.778927726285015E-01,-3.909090909090909E-01, -1.0
 6.381818181818183E-01,-3.327272727272726E-01,  1.0
 7.781818181818184E-01,-3.945454545454545E-01, -1.0
 6.181818181818183E-01,-3.268664046737129E-01,  1.0
 7.781818181818184E-01,-3.781818181818182E-01, -1.0
 6.381818181818183E-01,-3.200000000000000E-01,  1.0
 7.381818181818184E-01,-2.418181818181817E-01, -1.0
 6.405459034835472E-01,-3.236363636363636E-01,  1.0
 7.891137320078601E-01,-2.454545454545454E-01, -1.0
 6.781818181818183E-01,-2.223457699166095E-01,  1.0
 7.581818181818184E-01,-1.690909090909090E-01, -1.0
 6.781818181818183E-01,-2.109090909090909E-01,  1.0
 7.581818181818184E-01,-1.527272727272726E-01, -1.0
 6.781818181818183E-01,-2.122388059843681E-01,  1.0
 7.581818181818184E-01,-1.563636363636363E-01, -1.0
 7.181818181818184E-01,-9.818181818181811E-02,  1.0
 7.581818181818184E-01,-1.599999999999999E-01, -1.0
 7.181818181818184E-01,-8.181818181818172E-02,  1.0
 6.581818181818183E-01,-4.846209893561343E-02, -1.0
 6.981818181818183E-01,-2.545454545454535E-02,  1.0
 7.581818181818184E-01,-4.727272727272717E-02, -1.0
 6.981818181818183E-01,-9.090909090908985E-03,  1.0
 6.981818181818183E-01, 9.090909090909200E-03, -1.0
 7.181818181818184E-01, 1.272727272727274E-01,  1.0
 6.981818181818183E-01, 5.454545454545563E-03, -1.0
 7.181818181818184E-01, 1.436363636363637E-01,  1.0
 6.935494725709106E-01, 2.181818181818192E-02, -1.0
 7.090555264983668E-01, 1.600000000000001E-01,  1.0
 6.903545796180794E-01, 2.618965101939653E-02, -1.0
 6.981818181818183E-01, 1.709659639349791E-01,  1.0
 6.781818181818183E-01, 7.454545454545469E-02, -1.0
 6.981818181818183E-01, 1.727272727272729E-01,  1.0
 7.781818181818184E-01, 1.509090909090910E-01, -1.0
 7.381818181818184E-01, 2.490909090909093E-01,  1.0
 7.781818181818184E-01, 1.672727272727274E-01, -1.0
 6.781818181818183E-01, 2.787690705550250E-01,  1.0
 7.735429501754523E-01, 1.636363636363637E-01, -1.0
 6.781818181818183E-01, 2.719877744707546E-01,  1.0
 7.781818181818184E-01, 3.600000000000002E-01, -1.0
 6.792991249569909E-01, 2.781818181818183E-01,  1.0
 7.781818181818184E-01, 3.763636363636366E-01, -1.0
 6.781818181818183E-01, 3.545454545454547E-01,  1.0
 7.781818181818184E-01, 4.275522981003709E-01, -1.0
 6.581818181818183E-01, 3.497775584197958E-01,  1.0
 7.828743573590899E-01, 4.090909090909093E-01, -1.0
 6.298309987880191E-01, 4.672727272727275E-01,  1.0
 7.781818181818184E-01, 4.187753006725118E-01, -1.0
 6.581818181818183E-01, 4.636363636363638E-01,  1.0
 7.181818181818184E-01, 5.618181818181820E-01, -1.0
 6.414847058520673E-01, 4.693997131619154E-01,  1.0
 7.181818181818184E-01, 5.781818181818185E-01, -1.0
 6.781818181818183E-01, 4.763636363636365E-01,  1.0
 7.181818181818184E-01, 5.745454545454547E-01, -1.0
 6.381818181818183E-01, 5.028568692644703E-01,  1.0
 7.042683737622716E-01, 5.709090909090910E-01, -1.0
 6.752243684114514E-01, 6.385041243696309E-01,  1.0
 8.177461956977803E-01, 6.787055025829763E-01, -1.0
 6.863735547769160E-01, 6.258576059337896E-01,  1.0
 7.978773313579286E-01, 6.826291942830225E-01, -1.0
 6.644972349478683E-01, 6.418181818181820E-01,  1.0
 7.160652926535045E-01, 7.800000000000002E-01, -1.0
 6.781818181818183E-01, 6.246125566185622E-01,  1.0
 7.181818181818184E-01, 7.963636363636366E-01, -1.0
 6.381818181818183E-01, 7.279218193976432E-01,  1.0
 7.181818181818184E-01, 7.927272727272729E-01, -1.0
 7.581818181818184E-01, 7.309090909090911E-01,  1.0
 7.181818181818184E-01, 7.890909090909093E-01, -1.0
 6.981818181818183E-01, 9.030602890393615E-01,  1.0
 7.181818181818184E-01, 7.922360123318938E-01, -1.0
 6.981818181818183E-01, 9.092736654536889E-01,  1.0
 7.327374497198004E-01, 8.018181818181820E-01, -1.0
 6.981818181818183E-01, 9.000000000000002E-01,  1.0
 7.563636363636366E-01,-8.928520114274362E-01,  1.0
 7.534926698327808E-01,-9.418181818181819E-01, -1.0
 7.864235178488780E-01,-8.036363636363636E-01,  1.0
 6.763636363636365E-01,-8.526512201125425E-01, -1.0
 8.163636363636366E-01,-8.303602517488057E-01,  1.0
 6.363636363636365E-01,-8.290909090909091E-01, -1.0
 8.145462132023565E-01,-8.130057734052382E-01,  1.0
 6.713695468417771E-01,-7.449814670701976E-01, -1.0
 7.763636363636366E-01,-7.945454545454546E-01,  1.0
 7.379848760684944E-01,-6.763636363636363E-01, -1.0
 7.756744926669613E-01,-7.981818181818182E-01,  1.0
 7.363636363636366E-01,-6.599999999999999E-01, -1.0
 6.912521537353680E-01,-7.160209052584250E-01,  1.0
 7.363636363636366E-01,-6.636363636363636E-01, -1.0
 7.363636363636366E-01,-5.922099068430083E-01,  1.0
 7.448857434831667E-01,-6.690028014947907E-01, -1.0
 7.363636363636366E-01,-5.975199081787405E-01,  1.0
 6.676931686255273E-01,-5.309090909090909E-01, -1.0
 7.331951659558085E-01,-5.902691920044928E-01,  1.0
 6.763636363636365E-01,-5.345454545454545E-01, -1.0
 7.363636363636366E-01,-5.963636363636364E-01,  1.0
 7.763636363636366E-01,-5.066312564694392E-01, -1.0
 7.440293974540371E-01,-5.977699847103815E-01,  1.0
 7.763636363636366E-01,-5.116608747666641E-01, -1.0
 6.907713751989226E-01,-4.436363636363636E-01,  1.0
 7.763636363636366E-01,-5.254545454545455E-01, -1.0
 6.563636363636365E-01,-4.072727272727272E-01,  1.0
 7.654901300996980E-01,-3.933747179640524E-01, -1.0
 6.563636363636365E-01,-3.309090909090908E-01,  1.0
 7.763636363636366E-01,-3.927272727272727E-01, -1.0
 6.363636363636365E-01,-3.345454545454545E-01,  1.0
 7.756504965833525E-01,-3.763636363636363E-01, -1.0
 6.563636363636365E-01,-3.181818181818181E-01,  1.0
 7.763636363636366E-01,-2.399999999999999E-01, -1.0
 6.563636363636365E-01,-3.218181818181818E-01,  1.0
 7.763636363636366E-01,-2.436363636363635E-01, -1.0
 6.763636363636365E-01,-2.054545454545453E-01,  1.0
 7.763636363636366E-01,-2.472727272727272E-01, -1.0
 6.763636363636365E-01,-2.250281197931526E-01,  1.0
 7.563636363636366E-01,-1.509090909090908E-01, -1.0
 6.763636363636365E-01,-2.127272727272727E-01,  1.0
 7.563636363636366E-01,-1.545454545454545E-01, -1.0
 6.763636363636365E-01,-2.163636363636363E-01,  1.0
 7.563636363636366E-01,-1.581818181818181E-01, -1.0
 7.160744763587701E-01,-7.999999999999992E-02,  1.0
 7.563636363636366E-01,-1.418181818181817E-01, -1.0
 7.163636363636365E-01,-8.363636363636354E-02,  1.0
 7.563636363636366E-01,-4.697469677115600E-02, -1.0
 7.163636363636365E-01,-2.727272727272717E-02,  1.0
 7.563636363636366E-01,-4.322107051542196E-02, -1.0
 7.163636363636365E-01,-1.090909090909080E-02,  1.0
 6.963636363636365E-01, 2.727272727272739E-02, -1.0
 7.090724486521779E-01, 1.394624441646149E-01,  1.0
 6.963636363636365E-01, 2.363636363636375E-02, -1.0
 7.082707446366739E-01, 1.618181818181819E-01,  1.0
 6.963636363636365E-01, 2.000000000000012E-02, -1.0
 7.072808156578302E-01, 1.781818181818184E-01,  1.0
 7.954467758655296E-01, 9.636363636363650E-02, -1.0
 7.052132176367952E-01, 1.745454545454547E-01,  1.0
 8.083994013531254E-01, 1.453275630472811E-01, -1.0
 7.163636363636365E-01, 1.709090909090910E-01,  1.0
 7.963636363636366E-01, 1.690909090909092E-01, -1.0
 7.363636363636366E-01, 2.631356872740935E-01,  1.0
 7.598125779822279E-01, 1.854545454545455E-01, -1.0
 7.363636363636366E-01, 2.436363636363638E-01,  1.0
 7.963636363636366E-01, 3.418181818181820E-01, -1.0
 6.763636363636365E-01, 2.600000000000001E-01,  1.0
 7.763636363636366E-01, 3.581818181818184E-01, -1.0
 6.777204892321581E-01, 3.363636363636365E-01,  1.0
 7.963636363636366E-01, 3.806668456993242E-01, -1.0
 6.763636363636365E-01, 3.536676041538848E-01,  1.0
 7.763636363636366E-01, 4.109090909090911E-01, -1.0
 6.672669201471459E-01, 4.690909090909093E-01,  1.0
 7.763636363636366E-01, 4.239819874536764E-01, -1.0
 6.363636363636365E-01, 4.539877608509152E-01,  1.0
 7.767194854712244E-01, 4.436363636363638E-01, -1.0
 6.608194914749649E-01, 4.618181818181819E-01,  1.0
 7.763636363636366E-01, 4.200000000000002E-01, -1.0
 6.763636363636365E-01, 4.781818181818184E-01,  1.0
 7.163636363636365E-01, 5.780234090398471E-01, -1.0
 8.030782571269671E-01, 5.649220577256112E-01,  1.0
 7.163636363636365E-01, 5.727272727272729E-01, -1.0
 7.960878780004118E-01, 5.550692168985260E-01,  1.0
 7.163636363636365E-01, 5.690909090909092E-01, -1.0
 6.707777122087888E-01, 6.272727272727274E-01,  1.0
 7.963636363636366E-01, 6.854545454545456E-01, -1.0
 6.792396879140590E-01, 6.436363636363638E-01,  1.0
 7.763636363636366E-01, 6.818181818181820E-01, -1.0
 7.563636363636366E-01, 7.200000000000002E-01,  1.0
 7.163636363636365E-01, 7.981818181818184E-01, -1.0
 7.563636363636366E-01, 7.278801481733815E-01,  1.0
 7.163636363636365E-01, 7.945454545454548E-01, -1.0
 7.563636363636366E-01, 7.327272727272729E-01,  1.0
 7.032931231272529E-01, 7.909090909090911E-01, -1.0
 7.106817282091114E-01, 8.890909090909094E-01,  1.0
 7.306214984557817E-01, 8.007868631152661E-01, -1.0
 7.078962391616790E-01, 9.054545454545457E-01,  1.0
 7.163636363636365E-01, 8.036363636363638E-01, -1.0
 7.138718366349803E-01, 8.933063566070242E-01,  1.0
 8.163636363636366E-01, 9.900000000000000E-01, -1.0
 7.167247565114544E-01,-9.587315913255546E-01, -1.0
 7.482877171246091E-01,-9.018181818181819E-01,  1.0
 7.145454545454547E-01,-9.036363636363637E-01, -1.0
 8.145454545454548E-01,-8.254545454545454E-01,  1.0
 6.545454545454547E-01,-8.363963921094324E-01, -1.0
 7.993370618164544E-01,-8.290909090909091E-01,  1.0
 6.745454545454547E-01,-7.509090909090909E-01, -1.0
 7.945454545454548E-01,-8.175668870521826E-01,  1.0
 7.345454545454547E-01,-6.745454545454544E-01, -1.0
 7.674576630021560E-01,-7.963636363636364E-01,  1.0
 7.345454545454547E-01,-6.781818181818181E-01, -1.0
 7.751637300075255E-01,-7.779510661584321E-01,  1.0
 7.345454545454547E-01,-6.618181818181817E-01, -1.0
 8.345454545454548E-01,-6.636363636363636E-01,  1.0
 7.345454545454547E-01,-6.654545454545454E-01, -1.0
 7.254830436647834E-01,-6.072727272727272E-01,  1.0
 7.345454545454547E-01,-6.490909090909092E-01, -1.0
 7.345454545454547E-01,-5.909090909090909E-01,  1.0
 7.745454545454548E-01,-5.127272727272727E-01, -1.0
 7.444106320493258E-01,-5.818708624864650E-01,  1.0
 7.945454545454548E-01,-5.052031084880065E-01, -1.0
 7.296028467322438E-01,-5.981818181818183E-01,  1.0
 7.854637501867671E-01,-5.089287936374980E-01, -1.0
 6.782017203329589E-01,-4.355677861831453E-01,  1.0
 7.936916616107046E-01,-5.236363636363637E-01, -1.0
 6.945454545454547E-01,-4.511100633432957E-01,  1.0
 8.024298584027153E-01,-4.072727272727272E-01, -1.0
 6.545454545454547E-01,-3.131674798057071E-01,  1.0
 7.760965765178328E-01,-3.958546876550320E-01, -1.0
 6.545454545454547E-01,-3.327272727272726E-01,  1.0
 7.745454545454548E-01,-3.945454545454545E-01, -1.0
 7.345454545454547E-01,-3.163636363636363E-01,  1.0
 7.945454545454548E-01,-2.581818181818181E-01, -1.0
 7.345454545454547E-01,-3.200000000000000E-01,  1.0
 7.945454545454548E-01,-2.502601856198935E-01, -1.0
 6.545454545454547E-01,-3.236363636363636E-01,  1.0
 7.945454545454548E-01,-2.454545454545454E-01, -1.0
 6.745454545454547E-01,-2.072727272727272E-01,  1.0
 7.545454545454547E-01,-1.690909090909090E-01, -1.0
 8.345454545454548E-01,-1.311713396672083E-01,  1.0
 7.443626193178091E-01,-1.527272727272726E-01, -1.0
 7.145454545454547E-01,-8.684254285488011E-02,  1.0
 7.414615573906487E-01,-1.584495803159846E-01, -1.0
 7.145454545454547E-01,-9.818181818181811E-02,  1.0
 7.514102247850412E-01,-5.999999999999992E-02, -1.0
 8.145454545454548E-01,-1.258743757148358E-01,  1.0
 7.545454545454547E-01,-4.218030267532340E-02, -1.0
 7.145454545454547E-01,-8.545454545454535E-02,  1.0
 7.545454545454547E-01,-4.209346134083371E-02, -1.0
 7.945454545454548E-01, 4.150359525471834E-02,  1.0
 7.609164324774098E-01,-3.090909090909080E-02, -1.0
 7.545454545454547E-01, 8.456981444569027E-02,  1.0
 7.444982196933605E-01,-3.372728655692394E-02, -1.0
 7.175867258554764E-01, 1.236363636363637E-01,  1.0
 7.545454545454547E-01, 2.181818181818192E-02, -1.0
 7.145454545454547E-01, 1.600000000000001E-01,  1.0
 7.945454545454548E-01, 7.818181818181832E-02, -1.0
 7.145454545454547E-01, 1.563636363636365E-01,  1.0
 7.925620565585785E-01, 9.454545454545468E-02, -1.0
 7.118460611451105E-01, 1.653097706686738E-01,  1.0
 7.815375558441319E-01, 1.509090909090910E-01, -1.0
 7.186293935562585E-01, 2.490909090909093E-01,  1.0
 8.345454545454548E-01, 1.978855157329031E-01, -1.0
 7.378925674395009E-01, 2.456245793135135E-01,  1.0
 7.945454545454548E-01, 3.236363636363638E-01, -1.0
 6.745454545454547E-01, 2.726744304410872E-01,  1.0
 7.745454545454548E-01, 3.612105069519367E-01, -1.0
 7.618412682715996E-01, 2.766302790304898E-01,  1.0
 7.885169364966483E-01, 3.783063829314171E-01, -1.0
 7.604048610978398E-01, 2.745454545454546E-01,  1.0
 7.745454545454548E-01, 4.127272727272729E-01, -1.0
 6.745454545454547E-01, 3.509090909090911E-01,  1.0
 7.945454545454548E-01, 4.128016571542758E-01, -1.0
 6.745454545454547E-01, 4.672727272727275E-01,  1.0
 7.745454545454548E-01, 4.254545454545456E-01, -1.0
 6.650257008326456E-01, 4.636363636363637E-01,  1.0
 7.745454545454548E-01, 4.069850823449987E-01, -1.0
 6.745454545454547E-01, 4.800000000000002E-01,  1.0
 7.745454545454548E-01, 4.181818181818183E-01, -1.0
 7.945454545454548E-01, 5.526172769529804E-01,  1.0
 7.145454545454547E-01, 5.688027086036236E-01, -1.0
 8.145454545454548E-01, 5.600421425354078E-01,  1.0
 7.163376523230569E-01, 5.709090909090910E-01, -1.0
 7.974229598120065E-01, 5.613942479111299E-01,  1.0
 8.145454545454548E-01, 6.872727272727275E-01, -1.0
 6.745454545454547E-01, 6.454545454545456E-01,  1.0
 8.145454545454548E-01, 6.836363636363638E-01, -1.0
 7.545454545454547E-01, 7.218181818181820E-01,  1.0
 7.945454545454548E-01, 6.800000000000002E-01, -1.0
 7.627123533011535E-01, 7.254589576797570E-01,  1.0
 7.145454545454547E-01, 7.901842231122778E-01, -1.0
 7.594346507173489E-01, 7.345454545454547E-01,  1.0
 7.945454545454548E-01, 8.127272727272730E-01, -1.0
 7.395294601908694E-01, 7.309090909090911E-01,  1.0
 7.040189909566406E-01, 8.045740301774187E-01, -1.0
 7.545454545454547E-01, 8.672727272727275E-01,  1.0
 7.145454545454547E-01, 8.054545454545456E-01, -1.0
 6.988690735521824E-01, 8.940573837236351E-01,  1.0
 7.145454545454547E-01, 8.018181818181820E-01, -1.0
 6.940351508731010E-01, 8.958175274430216E-01,  1.0
 8.327272727272730E-01,-9.000000000000000E-01,  1.0
 7.510961090301277E-01,-9.418181818181819E-01, -1.0
 8.127272727272730E-01,-8.236363636363636E-01,  1.0
 6.976438310295651E-01,-8.712058353944463E-01, -1.0
 8.127272727272730E-01,-8.154387018738012E-01,  1.0
 7.927272727272729E-01,-7.291949963518022E-01, -1.0
 8.127272727272730E-01,-8.309090909090909E-01,  1.0
 7.927272727272729E-01,-7.327272727272727E-01, -1.0
 7.927272727272729E-01,-8.145454545454546E-01,  1.0
 7.327272727272729E-01,-6.763636363636363E-01, -1.0
 8.327272727272730E-01,-6.781818181818181E-01,  1.0
 7.527272727272729E-01,-6.599999999999999E-01, -1.0
 8.236991093720254E-01,-6.618181818181817E-01,  1.0
 7.327272727272729E-01,-6.636363636363636E-01, -1.0
 8.413002048740164E-01,-6.683163092531799E-01,  1.0
 7.327272727272729E-01,-6.472727272727272E-01, -1.0
 7.927272727272729E-01,-6.490909090909092E-01,  1.0
 8.317373925138232E-01,-5.309090909090909E-01, -1.0
 7.291590574541027E-01,-5.927272727272728E-01,  1.0
 7.927272727272729E-01,-5.182078165837106E-01, -1.0
 7.310506828246168E-01,-5.963636363636364E-01,  1.0
 7.927272727272729E-01,-5.120118247712377E-01, -1.0
 8.127272727272730E-01,-4.799999999999999E-01,  1.0
 7.792071947776943E-01,-5.218181818181817E-01, -1.0
 7.107126311101886E-01,-4.636363636363636E-01,  1.0
 7.927272727272729E-01,-4.054545454545454E-01, -1.0
 7.252014530852183E-01,-4.672727272727273E-01,  1.0
 7.727272727272729E-01,-4.090909090909091E-01, -1.0
 8.727272727272730E-01,-3.425443740075769E-01,  1.0
 7.927272727272729E-01,-3.927272727272727E-01, -1.0
 7.206859228323370E-01,-3.206953939483072E-01,  1.0
 7.625880981945120E-01,-3.763636363636363E-01, -1.0
 7.327272727272729E-01,-3.181818181818181E-01,  1.0
 7.954349822163371E-01,-2.599999999999999E-01, -1.0
 7.262744213213523E-01,-3.218181818181818E-01,  1.0
 7.863504680325174E-01,-2.449059433380368E-01, -1.0
 6.927272727272729E-01,-2.082620511682464E-01,  1.0
 7.812962461048628E-01,-2.422754184773737E-01, -1.0
 8.297067041092832E-01,-1.290909090909090E-01,  1.0
 7.527272727272729E-01,-1.544704911143394E-01, -1.0
 8.433868649963174E-01,-1.327272727272726E-01,  1.0
 7.527272727272729E-01,-1.709897515509450E-01, -1.0
 8.327272727272730E-01,-1.469973372154970E-01,  1.0
 7.527272727272729E-01,-1.581818181818181E-01, -1.0
 8.327272727272730E-01,-1.280962822027310E-01,  1.0
 7.527272727272729E-01,-4.181818181818172E-02, -1.0
 8.327272727272730E-01,-1.236363636363635E-01,  1.0
 7.527272727272729E-01,-4.545454545454536E-02, -1.0
 7.927272727272729E-01, 1.272727272727283E-02,  1.0
 7.517333657643995E-01,-4.301344420569801E-02, -1.0
 7.927272727272729E-01, 3.272607420112076E-02,  1.0
 7.527272727272729E-01,-3.272727272727262E-02, -1.0
 8.127272727272730E-01, 6.024048146719579E-02,  1.0
 7.327272727272729E-01, 3.636363636363747E-03, -1.0
 7.100243000200014E-01, 1.654802205399469E-01,  1.0
 7.927272727272729E-01, 8.000000000000013E-02, -1.0
 7.127272727272729E-01, 1.781818181818184E-01,  1.0
 8.063856108299435E-01, 9.440344839255937E-02, -1.0
 7.127272727272729E-01, 1.616359571375536E-01,  1.0
 7.915915555658669E-01, 1.127272727272728E-01, -1.0
 7.327272727272729E-01, 2.509090909090911E-01,  1.0
 7.927272727272729E-01, 1.490909090909092E-01, -1.0
 7.527272727272729E-01, 2.472727272727274E-01,  1.0
 8.527272727272730E-01, 3.254545454545457E-01, -1.0
 7.527272727272729E-01, 2.636363636363638E-01,  1.0
 8.138719665184886E-01, 3.418181818181820E-01, -1.0
 7.717493318058573E-01, 2.600000000000001E-01,  1.0
 7.927272727272729E-01, 3.781818181818184E-01, -1.0
 7.727272727272729E-01, 2.763636363636365E-01,  1.0
 8.127272727272730E-01, 3.945454545454548E-01, -1.0
 6.927272727272729E-01, 3.327272727272729E-01,  1.0
 8.127272727272730E-01, 3.909090909090911E-01, -1.0
 6.959176221191391E-01, 3.290909090909092E-01,  1.0
 7.622416427557173E-01, 4.272727272727274E-01, -1.0
 6.727272727272728E-01, 4.671173698809188E-01,  1.0
 7.727272727272729E-01, 4.236363636363638E-01, -1.0
 8.327272727272730E-01, 5.535060103953579E-01,  1.0
 7.840577857601486E-01, 4.400000000000002E-01, -1.0
 8.127272727272730E-01, 5.537589631738145E-01,  1.0
 7.127272727272729E-01, 5.811028528598191E-01, -1.0
 7.927272727272729E-01, 5.525452438498293E-01,  1.0
 7.127272727272729E-01, 5.727272727272729E-01, -1.0
 7.927272727272729E-01, 5.709090909090910E-01,  1.0
 8.000288915172163E-01, 6.690909090909093E-01, -1.0
 8.021363304118165E-01, 5.472727272727274E-01,  1.0
 8.127272727272730E-01, 6.755579617865427E-01, -1.0
 8.127272727272730E-01, 5.636363636363637E-01,  1.0
 8.178228062454901E-01, 6.818181818181820E-01, -1.0
 7.527272727272729E-01, 7.400000000000002E-01,  1.0
 8.327272727272730E-01, 6.781818181818183E-01, -1.0
 7.571796571109193E-01, 7.259782140621817E-01,  1.0
 7.127272727272729E-01, 7.945454545454548E-01, -1.0
 7.527272727272729E-01, 7.327272727272729E-01,  1.0
 8.127272727272730E-01, 8.109090909090911E-01, -1.0
 7.727272727272729E-01, 8.690909090909094E-01,  1.0
 7.137558518565136E-01, 7.872727272727275E-01, -1.0
 7.727272727272729E-01, 8.654545454545457E-01,  1.0
 8.127272727272730E-01, 8.607533322924694E-01, -1.0
 7.174892305550856E-01, 9.018181818181821E-01,  1.0
 8.127272727272730E-01, 8.800000000000002E-01, -1.0
 7.625934143899837E-01,-9.403937475520423E-01, -1.0
 8.109090909090911E-01,-8.418181818181818E-01,  1.0
 7.109090909090910E-01,-8.884531190424454E-01, -1.0
 8.109090909090911E-01,-8.254545454545454E-01,  1.0
 7.109090909090910E-01,-8.872727272727273E-01, -1.0
 8.001584484183079E-01,-8.290909090909091E-01,  1.0
 8.109090909090911E-01,-7.309090909090908E-01, -1.0
 8.109090909090911E-01,-8.127272727272727E-01,  1.0
 8.059978706159684E-01,-7.234364413830192E-01, -1.0
 8.097196384416694E-01,-8.363636363636364E-01,  1.0
 7.958530699887197E-01,-7.181818181818181E-01, -1.0
 8.309090909090912E-01,-6.599999999999999E-01,  1.0
 7.509090909090911E-01,-6.618181818181817E-01, -1.0
 8.309090909090912E-01,-6.730059558537282E-01,  1.0
 7.509090909090911E-01,-6.654545454545454E-01, -1.0
 8.279717749657102E-01,-6.672727272727272E-01,  1.0
 7.369620289423479E-01,-6.490909090909092E-01, -1.0
 7.909090909090911E-01,-6.309090909090910E-01,  1.0
 7.793272442538559E-01,-5.137676625722321E-01, -1.0
 7.909090909090911E-01,-6.345454545454546E-01,  1.0
 7.765708580108287E-01,-5.163636363636364E-01, -1.0
 8.109090909090911E-01,-4.788779548677656E-01,  1.0
 7.909090909090911E-01,-5.103601500878032E-01, -1.0
 8.109090909090911E-01,-4.781272702464299E-01,  1.0
 7.856732497739426E-01,-4.036363636363636E-01, -1.0
 8.309090909090912E-01,-4.654545454545455E-01,  1.0
 7.909090909090911E-01,-4.103144050419246E-01, -1.0
 8.909090909090912E-01,-3.490909090909090E-01,  1.0
 7.892019541051843E-01,-4.109090909090909E-01, -1.0
 8.800435067495318E-01,-3.522750042647453E-01,  1.0
 7.592730484483504E-01,-3.945454545454545E-01, -1.0
 7.109090909090910E-01,-3.246877881540910E-01,  1.0
 7.786765049725585E-01,-2.581818181818181E-01, -1.0
 7.309090909090911E-01,-3.200000000000000E-01,  1.0
 7.951890843147609E-01,-2.629649097616819E-01, -1.0
 7.309090909090911E-01,-3.036363636363636E-01,  1.0
 7.928721739470046E-01,-2.454545454545454E-01, -1.0
 8.844096848203072E-01,-1.492869956545241E-01,  1.0
 7.909090909090911E-01,-2.559708965468262E-01, -1.0
 8.366197847401933E-01,-1.315289263982290E-01,  1.0
 7.909090909090911E-01,-2.527272727272727E-01, -1.0
 8.309090909090912E-01,-1.427236454414205E-01,  1.0
 7.398756274770831E-01,-1.563636363636363E-01, -1.0
 8.309090909090912E-01,-1.367090850738405E-01,  1.0
 7.509090909090911E-01,-1.435354578437341E-01, -1.0
 8.309090909090912E-01,-1.418181818181817E-01,  1.0
 7.709090909090911E-01,-4.527630256866057E-02, -1.0
 8.046732931308256E-01, 3.098938298492743E-02,  1.0
 7.509090909090911E-01,-2.727272727272717E-02, -1.0
 7.983760064179578E-01, 3.090909090909102E-02,  1.0
 8.509090909090912E-01, 1.509214412467543E-02, -1.0
 7.909090909090911E-01, 2.727272727272738E-02,  1.0
 7.498573478202334E-01,-1.454545454545444E-02, -1.0
 7.309090909090911E-01, 1.236363636363637E-01,  1.0
 8.109090909090911E-01, 6.181818181818193E-02, -1.0
 7.309090909090911E-01, 1.415445524806672E-01,  1.0
 8.109090909090911E-01, 1.153436609222922E-01, -1.0
 8.509090909090912E-01, 1.563636363636365E-01,  1.0
 7.909090909090911E-01, 7.818120133686059E-02, -1.0
 7.109090909090910E-01, 1.727272727272729E-01,  1.0
 8.309090909090912E-01, 1.925813841747562E-01, -1.0
 7.509090909090911E-01, 2.690909090909093E-01,  1.0
 8.309090909090912E-01, 2.072727272727274E-01, -1.0
 7.309090909090911E-01, 2.531446063511482E-01,  1.0
 8.709090909090912E-01, 3.101415801743447E-01, -1.0
 7.509090909090911E-01, 2.644427926935956E-01,  1.0
 7.909090909090911E-01, 3.600000000000002E-01, -1.0
 7.709090909090911E-01, 2.781818181818183E-01,  1.0
 8.109090909090911E-01, 3.763636363636366E-01, -1.0
 7.547490745108062E-01, 2.745454545454546E-01,  1.0
 8.165122023875314E-01, 3.927272727272729E-01, -1.0
 7.109090909090910E-01, 3.309090909090910E-01,  1.0
 7.909090909090911E-01, 4.290909090909093E-01, -1.0
 8.309090909090912E-01, 5.072727272727274E-01,  1.0
 7.909090909090911E-01, 4.254545454545456E-01, -1.0
 8.262299445364695E-01, 5.236363636363638E-01,  1.0
 7.852830841566166E-01, 4.218181818181819E-01, -1.0
 7.989501626443321E-01, 5.600000000000003E-01,  1.0
 7.824286543094648E-01, 4.381818181818183E-01, -1.0
 8.003747495658142E-01, 5.478617815760746E-01,  1.0
 7.787724822836205E-01, 4.650247312103326E-01, -1.0
 8.004774595938853E-01, 5.673020834348790E-01,  1.0
 7.709090909090911E-01, 6.509090909090911E-01, -1.0
 8.102092463608385E-01, 5.690909090909092E-01,  1.0
 8.109090909090911E-01, 6.872727272727275E-01, -1.0
 8.018433727422288E-01, 5.654545454545455E-01,  1.0
 8.109090909090911E-01, 6.836363636363638E-01, -1.0
 7.309090909090911E-01, 6.211933651280228E-01,  1.0
 8.224742939068589E-01, 6.883887833973000E-01, -1.0
 7.664110511109584E-01, 7.381818181818184E-01,  1.0
 8.109090909090911E-01, 6.675504988341983E-01, -1.0
 8.109090909090911E-01, 7.381195434800555E-01,  1.0
 8.132603883559433E-01, 8.127272727272730E-01, -1.0
 7.509090909090911E-01, 7.309090909090911E-01,  1.0
 8.109090909090911E-01, 8.090909090909093E-01, -1.0
 7.709090909090911E-01, 8.672727272727275E-01,  1.0
 8.109090909090911E-01, 8.654545454545457E-01, -1.0
 7.709090909090911E-01, 8.836363636363639E-01,  1.0
 8.109090909090911E-01, 8.644814901991779E-01, -1.0
 7.267942046312218E-01, 9.069419532774426E-01,  1.0
 8.442854147170021E-01,-8.800000000000000E-01,  1.0
 7.562200906118661E-01,-9.552531375266129E-01, -1.0
 8.090909090909093E-01,-8.236363636363636E-01,  1.0
 8.886824965781820E-01,-9.054545454545455E-01, -1.0
 8.218295840423675E-01,-8.272727272727273E-01,  1.0
 8.090909090909093E-01,-7.290909090909090E-01, -1.0
 8.094240606525510E-01,-8.309090909090909E-01,  1.0
 7.890909090909093E-01,-7.327272727272727E-01, -1.0
 8.090909090909093E-01,-8.304551818342240E-01,  1.0
 7.890909090909093E-01,-7.163636363636363E-01, -1.0
 8.358085986943753E-01,-6.781818181818181E-01,  1.0
 7.890909090909093E-01,-7.200000000000000E-01, -1.0
 8.290909090909093E-01,-6.618181818181817E-01,  1.0
 7.971303571487472E-01,-7.236363636363636E-01, -1.0
 8.290909090909093E-01,-6.654545454545454E-01,  1.0
 8.506459568489091E-01,-5.472727272727271E-01, -1.0
 8.112490592220307E-01,-6.490909090909092E-01,  1.0
 7.890909090909093E-01,-5.109090909090909E-01, -1.0
 8.090909090909093E-01,-6.327272727272728E-01,  1.0
 7.890909090909093E-01,-5.145454545454545E-01, -1.0
 7.690909090909093E-01,-5.963636363636364E-01,  1.0
 7.890909090909093E-01,-5.181818181818182E-01, -1.0
 8.090909090909093E-01,-4.799999999999999E-01,  1.0
 8.490909090909093E-01,-4.418181818181817E-01, -1.0
 8.256251381193770E-01,-4.704706445747389E-01,  1.0
 7.890909090909093E-01,-4.102082867922454E-01, -1.0
 7.090909090909092E-01,-4.472727272727273E-01,  1.0
 7.890909090909093E-01,-3.921215034393856E-01, -1.0
 8.617549110452223E-01,-3.365303211282253E-01,  1.0
 7.890909090909093E-01,-4.300194308509100E-01, -1.0
 9.090909090909094E-01,-3.440096152228143E-01,  1.0
 7.670920000954863E-01,-3.963636363636364E-01, -1.0
 7.492721302752344E-01,-3.187232830135091E-01,  1.0
 7.890909090909093E-01,-2.599999999999999E-01, -1.0
 9.090295357471725E-01,-2.818181818181817E-01,  1.0
 7.857026704122351E-01,-2.501913166826920E-01, -1.0
 8.890909090909094E-01,-2.808289916443129E-01,  1.0
 7.793202220350255E-01,-2.418616000355482E-01, -1.0
 8.447892808454431E-01,-1.490909090909090E-01,  1.0
 7.890909090909093E-01,-2.509090909090909E-01, -1.0
 8.314630237927444E-01,-1.393227322532379E-01,  1.0
 7.581161434624155E-01,-1.545454545454545E-01, -1.0
 8.290909090909093E-01,-1.436114256960304E-01,  1.0
 7.490909090909093E-01,-1.581818181818181E-01, -1.0
 8.490909090909093E-01,-1.399999999999999E-01,  1.0
 8.090909090909093E-01,-6.359041995501279E-02, -1.0
 8.011179009869347E-01, 1.636363636363646E-02,  1.0
 7.690909090909093E-01,-4.089131822666831E-02, -1.0
 8.090909090909093E-01, 1.436338626744159E-02,  1.0
 8.490909090909093E-01, 2.071179221781156E-02, -1.0
 7.890909090909093E-01, 4.439898500184115E-02,  1.0
 8.490909090909093E-01, 7.272727272727384E-03, -1.0
 7.890909090909093E-01, 2.545454545454556E-02,  1.0
 8.090909090909093E-01, 6.081310127296783E-02, -1.0
 7.490909090909093E-01, 1.218181818181819E-01,  1.0
 8.090909090909093E-01, 8.000000000000013E-02, -1.0
 8.490909090909093E-01, 1.581818181818183E-01,  1.0
 7.903026444905731E-01, 9.636363636363650E-02, -1.0
 8.503803074729033E-01, 1.745454545454547E-01,  1.0
 8.064468643258459E-01, 1.127272727272728E-01, -1.0
 8.366598593902634E-01, 1.566862859910669E-01,  1.0
 8.323180867388936E-01, 2.090909090909092E-01, -1.0
 7.591128124005874E-01, 2.661551882870059E-01,  1.0
 8.290909090909093E-01, 2.054545454545456E-01, -1.0
 7.490909090909093E-01, 2.603857725202828E-01,  1.0
 8.890909090909094E-01, 2.998301012006631E-01, -1.0
 7.690909090909093E-01, 2.600000000000001E-01,  1.0
 8.090909090909093E-01, 3.781818181818184E-01, -1.0
 7.690909090909093E-01, 2.763636363636365E-01,  1.0
 8.090909090909093E-01, 3.745454545454547E-01, -1.0
 7.508947728038466E-01, 2.927272727272728E-01,  1.0
 8.217377552742314E-01, 3.909090909090911E-01, -1.0
 8.290909090909093E-01, 4.983331034393274E-01,  1.0
 7.724868396953249E-01, 4.119116924748348E-01, -1.0
 8.213624217016454E-01, 5.155683208412317E-01,  1.0
 7.690909090909093E-01, 4.236363636363638E-01, -1.0
 8.290909090909093E-01, 5.218181818181820E-01,  1.0
 7.813051126440116E-01, 4.270959022676991E-01, -1.0
 8.090909090909093E-01, 5.581818181818184E-01,  1.0
 8.345183011982086E-01, 6.363636363636367E-01, -1.0
 8.078000176608556E-01, 5.545454545454547E-01,  1.0
 7.890909090909093E-01, 4.727272727272728E-01, -1.0
 8.093749032559896E-01, 5.592344840291464E-01,  1.0
 8.290909090909093E-01, 6.740228049807222E-01, -1.0
 7.924039361045326E-01, 5.546783655854071E-01,  1.0
 8.290909090909093E-01, 6.854545454545456E-01, -1.0
 7.290909090909092E-01, 6.167215451872327E-01,  1.0
 8.259124282444430E-01, 6.818181818181820E-01, -1.0
 7.690909090909093E-01, 7.200000000000002E-01,  1.0
 8.290909090909093E-01, 6.690680343904358E-01, -1.0
 8.290909090909093E-01, 7.538606131145270E-01,  1.0
 8.290909090909093E-01, 7.945454545454548E-01, -1.0
 8.290909090909093E-01, 7.527272727272729E-01,  1.0
 8.090909090909093E-01, 8.109090909090911E-01, -1.0
 7.496437488729628E-01, 8.781774507456994E-01,  1.0
 8.090909090909093E-01, 8.069853975472550E-01, -1.0
 7.594798791362928E-01, 8.779323374580783E-01,  1.0
 8.290909090909093E-01, 8.636363636363639E-01, -1.0
 7.290909090909092E-01, 9.249502218372472E-01,  1.0
 8.290909090909093E-01, 8.705646875824536E-01, -1.0
 7.472727272727274E-01,-9.400000000000001E-01, -1.0
 8.154222204034517E-01,-8.218181818181818E-01,  1.0
 7.472727272727274E-01,-9.436363636363637E-01, -1.0
 8.072727272727275E-01,-8.254545454545454E-01,  1.0
 8.038274888017359E-01,-7.472727272727272E-01, -1.0
 8.072727272727275E-01,-8.290909090909091E-01,  1.0
 7.923795229177839E-01,-7.309090909090908E-01, -1.0
 8.072727272727275E-01,-8.307307055773422E-01,  1.0
 8.079410418497922E-01,-7.352908810355496E-01, -1.0
 8.323092633140015E-01,-6.688208075663306E-01,  1.0
 8.072727272727275E-01,-7.181818181818181E-01, -1.0
 8.272727272727275E-01,-6.799999999999999E-01,  1.0
 7.878438658360013E-01,-7.286090543915370E-01, -1.0
 8.311002682955700E-01,-6.762416496309032E-01,  1.0
 8.472727272727275E-01,-5.654545454545453E-01, -1.0
 8.272727272727275E-01,-6.672727272727272E-01,  1.0
 8.470969230544713E-01,-5.490909090909091E-01, -1.0
 8.126664423858690E-01,-6.411547697066419E-01,  1.0
 8.472727272727275E-01,-5.327272727272727E-01, -1.0
 8.072727272727275E-01,-6.345454545454546E-01,  1.0
 8.472727272727275E-01,-5.310051831158058E-01, -1.0
 8.297989618392427E-01,-4.789670731680665E-01,  1.0
 8.378023741600134E-01,-5.424712251342587E-01, -1.0
 8.112911767268373E-01,-4.851293644597212E-01,  1.0
 8.472727272727275E-01,-4.436363636363636E-01, -1.0
 8.235622378163538E-01,-4.760476222575719E-01,  1.0
 7.872727272727275E-01,-4.172719176999209E-01, -1.0
 9.072727272727276E-01,-3.690909090909090E-01,  1.0
 7.787344081633704E-01,-3.901682044035830E-01, -1.0
 9.072727272727276E-01,-3.527272727272727E-01,  1.0
 8.072727272727275E-01,-3.478196020466188E-01, -1.0
 9.072727272727276E-01,-2.963636363636363E-01,  1.0
 7.930363210628314E-01,-3.446794761250919E-01, -1.0
 9.108989134240568E-01,-2.799999999999999E-01,  1.0
 7.872727272727275E-01,-2.433619548801201E-01, -1.0
 9.072727272727276E-01,-2.769379958258755E-01,  1.0
 7.746117317926575E-01,-2.454545454545454E-01, -1.0
 9.072727272727276E-01,-2.872727272727272E-01,  1.0
 7.872727272727275E-01,-2.490909090909091E-01, -1.0
 8.442145734845440E-01,-1.434648786084742E-01,  1.0
 7.872727272727275E-01,-2.527272727272727E-01, -1.0
 8.272727272727275E-01,-1.310228727684363E-01,  1.0
 8.140989181082583E-01,-5.636363636363629E-02, -1.0
 8.472727272727275E-01,-1.381818181818181E-01,  1.0
 8.072727272727275E-01,-6.015238780859212E-02, -1.0
 8.879847880770536E-01,-1.418181818181817E-01,  1.0
 8.152713174510312E-01,-7.347387980672419E-02, -1.0
 8.072727272727275E-01, 1.454545454545465E-02,  1.0
 8.504917146785134E-01, 9.154224188615605E-03, -1.0
 8.072727272727275E-01, 4.031548451934154E-02,  1.0
 8.600204728725392E-01, 7.640333052841118E-03, -1.0
 8.072727272727275E-01, 2.727272727272738E-02,  1.0
 8.472727272727275E-01, 2.545454545454556E-02, -1.0
 8.072727272727275E-01, 4.363636363636375E-02,  1.0
 8.472727272727275E-01, 5.461922476379170E-03, -1.0
 8.472727272727275E-01, 1.573231347608810E-01,  1.0
 8.072727272727275E-01, 7.769026511137041E-02, -1.0
 8.472727272727275E-01, 1.563636363636365E-01,  1.0
 7.872727272727275E-01, 9.454545454545468E-02, -1.0
 8.472727272727275E-01, 1.727272727272729E-01,  1.0
 8.273468006064019E-01, 2.047858840691105E-01, -1.0
 7.713300970760623E-01, 2.690909090909093E-01,  1.0
 8.269128260690854E-01, 2.072727272727274E-01, -1.0
 7.650171708577400E-01, 2.654545454545456E-01,  1.0
 8.449399126145174E-01, 2.036363636363637E-01, -1.0
 7.567064860443981E-01, 2.631546539286680E-01,  1.0
 8.872727272727275E-01, 2.941546438677609E-01, -1.0
 7.719588311495986E-01, 2.781818181818183E-01,  1.0
 8.964368757607662E-01, 2.904746772712907E-01, -1.0
 8.672727272727275E-01, 3.554355743211053E-01,  1.0
 8.130677938939441E-01, 3.802053280966139E-01, -1.0
 8.472727272727275E-01, 4.509090909090911E-01,  1.0
 9.072727272727276E-01, 4.290909090909093E-01, -1.0
 8.272727272727275E-01, 4.872727272727275E-01,  1.0
 9.072727272727276E-01, 4.254545454545456E-01, -1.0
 8.176174065561207E-01, 5.036363636363638E-01,  1.0
 7.672727272727274E-01, 4.218181818181819E-01, -1.0
 8.291151684156159E-01, 5.400000000000003E-01,  1.0
 7.804126691359479E-01, 4.381818181818183E-01, -1.0
 8.056914247074819E-01, 5.638803405634817E-01,  1.0
 7.762264162127871E-01, 4.545454545454546E-01, -1.0
 8.072727272727275E-01, 5.527272727272728E-01,  1.0
 8.272898878523407E-01, 6.709090909090911E-01, -1.0
 8.072727272727275E-01, 5.690909090909092E-01,  1.0
 8.272727272727275E-01, 6.872727272727275E-01, -1.0
 8.114978613845505E-01, 5.654545454545455E-01,  1.0
 8.143935952105048E-01, 6.836363636363638E-01, -1.0
 7.520563346433001E-01, 7.218181818181820E-01,  1.0
 8.169314747270462E-01, 6.800000000000002E-01, -1.0
 8.291446594792399E-01, 7.399801965884247E-01,  1.0
 8.072727272727275E-01, 8.200682507745355E-01, -1.0
 8.272727272727275E-01, 7.545454545454547E-01,  1.0
 8.272727272727275E-01, 8.127272727272730E-01, -1.0
 8.192399864107471E-01, 7.532065045056808E-01,  1.0
 8.272727272727275E-01, 8.090909090909093E-01, -1.0
 8.672727272727275E-01, 8.872727272727275E-01,  1.0
 8.272727272727275E-01, 8.110329404320716E-01, -1.0
 7.672727272727274E-01, 8.742610756878343E-01,  1.0
 8.272727272727275E-01, 8.477580413446226E-01, -1.0
 8.872727272727275E-01, 9.332417815600483E-01,  1.0
 8.454545454545457E-01,-8.600000000000000E-01,  1.0
 9.231057158632776E-01,-8.218181818181818E-01, -1.0
 8.464123464023224E-01,-8.636363636363636E-01,  1.0
 9.054545454545457E-01,-8.254545454545454E-01, -1.0
 8.054545454545456E-01,-8.305123103411398E-01,  1.0
 9.054545454545457E-01,-8.203695186121303E-01, -1.0
 8.172340485085264E-01,-8.364994031419117E-01,  1.0
 8.054545454545456E-01,-7.327272727272727E-01, -1.0
 8.122811672516268E-01,-8.345454545454546E-01,  1.0
 8.054545454545456E-01,-7.315196802833616E-01, -1.0
 8.428335235841881E-01,-6.808810546149311E-01,  1.0
 9.254545454545458E-01,-6.599999999999999E-01, -1.0
 8.254545454545457E-01,-6.618181818181817E-01,  1.0
 9.054545454545457E-01,-6.236363636363635E-01, -1.0
 8.254545454545457E-01,-6.654545454545454E-01,  1.0
 8.454545454545457E-01,-5.472727272727271E-01, -1.0
 8.254545454545457E-01,-6.809778151058811E-01,  1.0
 8.454545454545457E-01,-5.309090909090909E-01, -1.0
 8.254545454545457E-01,-6.527272727272728E-01,  1.0
 8.349621294726181E-01,-5.319800221552748E-01, -1.0
 8.156003251097674E-01,-4.763636363636363E-01,  1.0
 8.466688779269820E-01,-5.381818181818182E-01, -1.0
 8.254545454545457E-01,-4.799999999999999E-01,  1.0
 8.486101006831155E-01,-5.418181818181818E-01, -1.0
 8.254545454545457E-01,-4.836363636363636E-01,  1.0
 8.506282739110753E-01,-4.390872869585840E-01, -1.0
 8.077767041913060E-01,-4.672727272727273E-01,  1.0
 7.798643793942908E-01,-4.090909090909091E-01, -1.0
 9.054545454545457E-01,-3.509090909090908E-01,  1.0
 8.054545454545456E-01,-3.527272727272727E-01, -1.0
 9.152272277930257E-01,-3.453449412146788E-01,  1.0
 7.995229559376268E-01,-3.599393694770555E-01, -1.0
 9.054545454545457E-01,-2.782366428110700E-01,  1.0
 8.022977772948241E-01,-3.400000000000000E-01, -1.0
 9.054545454545457E-01,-2.818181818181817E-01,  1.0
 7.842959927516240E-01,-2.436363636363635E-01, -1.0
 9.014207016882150E-01,-2.854545454545454E-01,  1.0
 8.188331021412194E-01,-2.301055739716627E-01, -1.0
 8.854545454545457E-01,-1.587063591273086E-01,  1.0
 7.894366432758878E-01,-2.484104929248738E-01, -1.0
 8.244994807164920E-01,-1.327272727272726E-01,  1.0
 8.207243146043443E-01,-2.145454545454545E-01, -1.0
 8.454545454545457E-01,-1.440613009839946E-01,  1.0
 8.254545454545457E-01,-6.220102111269803E-02, -1.0
 8.854545454545457E-01,-1.399999999999999E-01,  1.0
 8.254545454545457E-01,-5.363699609167041E-02, -1.0
 8.055506736009352E-01,-3.636363636363538E-03,  1.0
 8.193425741585879E-01,-6.545454545454536E-02, -1.0
 8.054545454545456E-01, 3.272727272727283E-02,  1.0
 8.259470301695296E-01,-6.780087534741265E-02, -1.0
 8.054545454545456E-01, 4.493195012899624E-02,  1.0
 8.454545454545457E-01, 1.597037722356200E-02, -1.0
 8.654545454545457E-01, 1.054545454545456E-01,  1.0
 8.544690462903310E-01, 8.273194136525679E-03, -1.0
 8.454545454545457E-01, 1.618181818181819E-01,  1.0
 8.454545454545457E-01, 2.000000000000012E-02, -1.0
 8.334175735378316E-01, 1.581818181818183E-01,  1.0
 8.061150511829153E-01, 7.636363636363651E-02, -1.0
 8.304587832463144E-01, 1.745454545454547E-01,  1.0
 8.054545454545456E-01, 1.127272727272728E-01, -1.0
 8.512269485415317E-01, 1.709090909090910E-01,  1.0
 8.254545454545457E-01, 2.220343316564661E-01, -1.0
 7.750138378545687E-01, 2.672727272727274E-01,  1.0
 8.854545454545457E-01, 3.014284628164988E-01, -1.0
 7.854545454545456E-01, 2.636363636363638E-01,  1.0
 8.854545454545457E-01, 2.818181818181820E-01, -1.0
 7.654545454545456E-01, 2.600000000000001E-01,  1.0
 8.854545454545457E-01, 2.836702018406462E-01, -1.0
 8.654545454545457E-01, 3.563636363636365E-01,  1.0
 8.054545454545456E-01, 3.745454545454547E-01, -1.0
 8.854545454545457E-01, 3.676555618665714E-01,  1.0
 8.054545454545456E-01, 3.909090909090911E-01, -1.0
 8.260757686860722E-01, 4.690909090909093E-01,  1.0
 8.981807235848320E-01, 4.384736953001990E-01, -1.0
 8.254545454545457E-01, 5.149406443549485E-01,  1.0
 9.096426003560129E-01, 4.436363636363638E-01, -1.0
 8.054545454545456E-01, 5.514864269935373E-01,  1.0
 9.254545454545458E-01, 4.800000000000002E-01, -1.0
 8.401985207726553E-01, 5.410166684809051E-01,  1.0
 9.454545454545458E-01, 4.997384158136172E-01, -1.0
 8.054545454545456E-01, 5.618105659731880E-01,  1.0
 8.254545454545457E-01, 6.727272727272730E-01, -1.0
 8.254545454545457E-01, 5.709090909090910E-01,  1.0
 8.254545454545457E-01, 6.890909090909093E-01, -1.0
 8.124247130603868E-01, 5.472727272727274E-01,  1.0
 8.146752031990219E-01, 6.701889486620463E-01, -1.0
 8.495770146257676E-01, 5.636363636363637E-01,  1.0
 8.188361143240188E-01, 6.818181818181820E-01, -1.0
 8.899703048697970E-01, 7.600000000000002E-01,  1.0
 8.138913200933405E-01, 6.781818181818183E-01, -1.0
 8.178910401996371E-01, 7.363636363636366E-01,  1.0
 8.099703816978171E-01, 8.145454545454548E-01, -1.0
 8.753552564179558E-01, 7.727272727272729E-01,  1.0
 8.254545454545457E-01, 8.109090909090911E-01, -1.0
 8.854545454545457E-01, 7.705942413265350E-01,  1.0
 8.054545454545456E-01, 8.036569309289785E-01, -1.0
 8.854545454545457E-01, 9.054545454545457E-01,  1.0
 8.254545454545457E-01, 8.236363636363638E-01, -1.0
 8.693232625103697E-01, 8.949540388797260E-01,  1.0
 8.254545454545457E-01, 8.600000000000002E-01, -1.0
 9.636363636363640E-01,-9.775331568370986E-01, -1.0
 8.436363636363639E-01,-8.618181818181818E-01,  1.0
 8.870516759524798E-01,-8.252243104606419E-01, -1.0
 8.436363636363639E-01,-8.674061701707279E-01,  1.0
 9.236363636363639E-01,-8.072727272727273E-01, -1.0
 8.036363636363638E-01,-8.290909090909091E-01,  1.0
 9.236363636363639E-01,-8.109090909090909E-01, -1.0
 8.663662391814995E-01,-7.904881362991089E-01,  1.0
 8.036363636363638E-01,-7.293093224039608E-01, -1.0
 8.691787986943391E-01,-7.763636363636364E-01,  1.0
 9.036363636363639E-01,-6.181818181818181E-01, -1.0
 8.407487228211951E-01,-6.799999999999999E-01,  1.0
 9.036363636363639E-01,-6.102180206941200E-01, -1.0
 8.236363636363638E-01,-6.636363636363636E-01,  1.0
 9.036363636363639E-01,-6.290160257123519E-01, -1.0
 8.236363636363638E-01,-6.672727272727272E-01,  1.0
 8.436363636363639E-01,-5.490909090909091E-01, -1.0
 8.324964077570864E-01,-6.709090909090910E-01,  1.0
 8.436363636363639E-01,-5.311301033535398E-01, -1.0
 9.436363636363639E-01,-5.955053467960333E-01,  1.0
 8.436363636363639E-01,-5.363636363636364E-01, -1.0
 9.529517229893258E-01,-5.213307073736656E-01,  1.0
 8.375982975885821E-01,-4.399999999999999E-01, -1.0
 9.636363636363640E-01,-5.349947281388137E-01,  1.0
 8.436363636363639E-01,-4.436363636363636E-01, -1.0
 8.236363636363638E-01,-4.854545454545455E-01,  1.0
 8.375903644452203E-01,-4.472727272727273E-01, -1.0
 9.036363636363639E-01,-3.490909090909090E-01,  1.0
 7.836363636363638E-01,-3.909090909090909E-01, -1.0
 9.036363636363639E-01,-3.407473942812836E-01,  1.0
 8.036363636363638E-01,-3.525785951836192E-01, -1.0
 9.236363636363639E-01,-2.963636363636363E-01,  1.0
 8.036363636363638E-01,-3.381818181818181E-01, -1.0
 9.236363636363639E-01,-2.799999999999999E-01,  1.0
 7.836363636363638E-01,-2.618181818181817E-01, -1.0
 9.130408910712877E-01,-2.836363636363636E-01,  1.0
 7.836363636363638E-01,-2.454545454545454E-01, -1.0
 9.236363636363639E-01,-1.735224819964387E-01,  1.0
 8.063523157817775E-01,-2.487833007680628E-01, -1.0
 9.236363636363639E-01,-1.709090909090908E-01,  1.0
 8.236363636363638E-01,-2.001824488361579E-01, -1.0
 9.036363636363639E-01,-1.608679590929370E-01,  1.0
 8.058107338327205E-01,-2.153475462519871E-01, -1.0
 8.976351074462251E-01,-1.381818181818181E-01,  1.0
 8.236363636363638E-01,-5.999999999999992E-02, -1.0
 8.836363636363639E-01,-1.418181818181817E-01,  1.0
 8.236363636363638E-01,-6.287538554788692E-02, -1.0
 9.236363636363639E-01,-5.454545454545354E-03,  1.0
 8.236363636363638E-01,-6.363840731105888E-02, -1.0
 9.236363636363639E-01, 2.248955463658822E-03,  1.0
 8.436363636363639E-01, 9.090909090909200E-03, -1.0
 9.036363636363639E-01,-1.272727272727262E-02,  1.0
 8.436363636363639E-01, 5.454545454545563E-03, -1.0
 8.436363636363639E-01, 1.636363636363637E-01,  1.0
 8.436363636363639E-01, 2.181818181818192E-02, -1.0
 8.571524880379542E-01, 1.696008857421785E-01,  1.0
 9.236363636363639E-01, 1.343549642230657E-01, -1.0
 8.436363636363639E-01, 1.601199029507267E-01,  1.0
 9.236363636363639E-01, 1.195044109697451E-01, -1.0
 8.527536410946464E-01, 1.766580141411671E-01,  1.0
 8.411847720582795E-01, 2.109090909090910E-01, -1.0
 8.636363636363639E-01, 2.090909090909092E-01,  1.0
 8.270860599960834E-01, 2.072727272727274E-01, -1.0
 7.836363636363638E-01, 2.654545454545456E-01,  1.0
 8.825981762318802E-01, 2.836363636363638E-01, -1.0
 7.662420089960658E-01, 2.634463591717112E-01,  1.0
 8.836363636363639E-01, 3.000000000000002E-01, -1.0
 7.836363636363638E-01, 2.621261635026867E-01,  1.0
 8.836363636363639E-01, 2.963636363636365E-01, -1.0
 8.741776731718995E-01, 3.545489370351665E-01,  1.0
 8.230973874338268E-01, 3.727272727272729E-01, -1.0
 9.036363636363639E-01, 3.736885432793264E-01,  1.0
 8.039479608017440E-01, 3.805464094703173E-01, -1.0
 8.236363636363638E-01, 5.072727272727274E-01,  1.0
 9.036363636363639E-01, 4.454545454545456E-01, -1.0
 8.136997760458290E-01, 5.342634949153908E-01,  1.0
 9.036363636363639E-01, 4.395083902873088E-01, -1.0
 8.236363636363638E-01, 5.249327331805556E-01,  1.0
 9.363987071559938E-01, 5.069598043704030E-01, -1.0
 8.036363636363638E-01, 5.563636363636366E-01,  1.0
 9.420543082247841E-01, 5.145454545454546E-01, -1.0
 8.236363636363638E-01, 5.530268501061791E-01,  1.0
 9.179994584225933E-01, 6.709090909090911E-01, -1.0
 8.236363636363638E-01, 5.671646949966738E-01,  1.0
 8.280158796418063E-01, 6.847218328271314E-01, -1.0
 8.058374756854244E-01, 5.654545454545455E-01,  1.0
 8.145554384060425E-01, 6.782203999828673E-01, -1.0
 8.218935453717666E-01, 5.818181818181819E-01,  1.0
 8.131933994679340E-01, 6.731199759343645E-01, -1.0
 8.938395931492045E-01, 7.581818181818184E-01,  1.0
 9.236363636363639E-01, 6.963636363636365E-01, -1.0
 8.927824024698042E-01, 7.545454545454547E-01,  1.0
 8.236363636363638E-01, 8.032852273522472E-01, -1.0
 8.836363636363639E-01, 7.709090909090911E-01,  1.0
 8.236363636363638E-01, 8.090909090909093E-01, -1.0
 8.839447463816840E-01, 8.872727272727275E-01,  1.0
 8.836363636363639E-01, 8.454545454545457E-01, -1.0
 8.690459594297834E-01, 9.066963197125846E-01,  1.0
 8.236363636363638E-01, 8.605036353152952E-01, -1.0
 8.836363636363639E-01, 9.300129553036659E-01,  1.0
 8.418181818181820E-01,-8.800000000000000E-01,  1.0
 9.818181818181821E-01,-9.418181818181819E-01, -1.0
 8.563681507457144E-01,-8.636363636363636E-01,  1.0
 9.418181818181821E-01,-8.054545454545454E-01, -1.0
 8.618181818181820E-01,-8.601247114674415E-01,  1.0
 9.418181818181821E-01,-8.009087995010051E-01, -1.0
 8.233423650848308E-01,-8.208781661121934E-01,  1.0
 9.618181818181821E-01,-7.732658574535323E-01, -1.0
 8.509527961825768E-01,-7.899198901763285E-01,  1.0
 9.783665047862788E-01,-7.004292080865591E-01, -1.0
 8.553444359219273E-01,-7.781818181818182E-01,  1.0
 9.018181818181821E-01,-6.399999999999999E-01, -1.0
 8.618872965011813E-01,-7.745451352912182E-01,  1.0
 9.033468622931827E-01,-6.236363636363635E-01, -1.0
 8.418181818181820E-01,-6.654545454545454E-01,  1.0
 9.018181818181821E-01,-6.279518999505714E-01, -1.0
 8.218181818181820E-01,-6.490909090909092E-01,  1.0
 8.504865240374849E-01,-5.309090909090909E-01, -1.0
 9.618181818181821E-01,-5.727272727272728E-01,  1.0
 8.418181818181820E-01,-5.345454545454545E-01, -1.0
 9.618181818181821E-01,-5.721949835204502E-01,  1.0
 8.418181818181820E-01,-5.326203415403702E-01, -1.0
 9.469271895856184E-01,-5.247921594552394E-01,  1.0
 8.302017086089385E-01,-4.453277776464874E-01, -1.0
 9.618181818181821E-01,-3.982018975835234E-01,  1.0
 8.418181818181820E-01,-4.348584424841100E-01, -1.0
 9.749177858100803E-01,-3.897095719347944E-01,  1.0
 8.449122233656347E-01,-4.300986568967964E-01, -1.0
 8.862127951773638E-01,-3.509090909090908E-01,  1.0
 8.880308946419253E-01,-4.400815714838792E-01, -1.0
 9.218181818181821E-01,-2.945454545454544E-01,  1.0
 8.018181818181820E-01,-3.363636363636363E-01, -1.0
 9.218181818181821E-01,-2.852512118091445E-01,  1.0
 8.218181818181820E-01,-3.485532917641922E-01, -1.0
 9.156448378058905E-01,-2.823087702663276E-01,  1.0
 8.218181818181820E-01,-2.410998868585311E-01, -1.0
 9.162585927326243E-01,-2.854545454545454E-01,  1.0
 8.018181818181820E-01,-2.472727272727272E-01, -1.0
 9.218181818181821E-01,-1.663813510333534E-01,  1.0
 8.061774071462043E-01,-2.109090909090909E-01, -1.0
 9.218181818181821E-01,-1.635000196482531E-01,  1.0
 8.018181818181820E-01,-2.145454545454545E-01, -1.0
 8.818181818181821E-01,-1.541458293473909E-01,  1.0
 8.818181818181821E-01,-6.587004527343254E-02, -1.0
 8.818181818181821E-01,-1.399999999999999E-01,  1.0
 8.818181818181821E-01,-8.181818181818172E-02, -1.0
 9.211892477336553E-01,-3.636363636363538E-03,  1.0
 8.355895900631319E-01,-6.545454545454536E-02, -1.0
 9.218181818181821E-01,-1.053230080982875E-02,  1.0
 8.618181818181820E-01, 5.962091941776841E-03, -1.0
 9.218181818181821E-01,-1.090909090909080E-02,  1.0
 8.615332562327901E-01, 3.956088726101119E-02, -1.0
 9.218181818181821E-01, 5.454545454545563E-03,  1.0
 8.477158070583050E-01, 2.917550517432053E-02, -1.0
 8.618181818181820E-01, 1.618181818181819E-01,  1.0
 8.418181818181820E-01, 2.000000000000012E-02, -1.0
 8.418181818181820E-01, 1.743578209735912E-01,  1.0
 9.418181818181821E-01, 1.163636363636365E-01, -1.0
 8.460734284842676E-01, 1.735320879193982E-01,  1.0
 8.418181818181820E-01, 2.060822562791188E-01, -1.0
 8.711141781546229E-01, 2.109090909090910E-01,  1.0
 9.418181818181821E-01, 1.290909090909091E-01, -1.0
 8.689461752393949E-01, 2.072727272727274E-01,  1.0
 8.948100310470201E-01, 2.854545454545456E-01, -1.0
 8.618181818181820E-01, 2.036363636363637E-01,  1.0
 8.818181818181821E-01, 3.018181818181820E-01, -1.0
 8.972871842079062E-01, 3.600000000000002E-01,  1.0
 9.018181818181821E-01, 2.961884373034759E-01, -1.0
 8.818181818181821E-01, 3.563636363636365E-01,  1.0
 8.845897548340320E-01, 3.145454545454547E-01, -1.0
 9.035206423605618E-01, 3.727272727272729E-01,  1.0
 9.112606302218619E-01, 4.309090909090911E-01, -1.0
 9.018181818181821E-01, 3.690909090909092E-01,  1.0
 9.018181818181821E-01, 4.272727272727274E-01, -1.0
 8.354738510380264E-01, 5.028601305467424E-01,  1.0
 9.018181818181821E-01, 4.436363636363638E-01, -1.0
 8.218181818181820E-01, 5.218181818181820E-01,  1.0
 9.171703473564790E-01, 4.400000000000002E-01, -1.0
 8.218181818181820E-01, 5.381818181818184E-01,  1.0
 9.610705463329079E-01, 5.087826522391418E-01, -1.0
 8.018181818181820E-01, 5.545454545454547E-01,  1.0
 9.418181818181821E-01, 5.327272727272728E-01, -1.0
 8.218181818181820E-01, 5.709090909090910E-01,  1.0
 9.387946038009440E-01, 6.890909090909093E-01, -1.0
 8.218181818181820E-01, 5.568616920754396E-01,  1.0
 9.199161746167880E-01, 6.771605947194870E-01, -1.0
 8.304101257562342E-01, 5.636363636363637E-01,  1.0
 9.218181818181821E-01, 6.971456375104867E-01, -1.0
 8.818181818181821E-01, 7.600000000000002E-01,  1.0
 8.291269259693890E-01, 6.708151783268985E-01, -1.0
 8.844590575108248E-01, 7.563636363636366E-01,  1.0
 9.343470238937132E-01, 6.954480681273992E-01, -1.0
 8.933322902599347E-01, 7.727272727272729E-01,  1.0
 9.296239071405947E-01, 7.035095682861813E-01, -1.0
 9.018181818181821E-01, 7.690909090909093E-01,  1.0
 8.818181818181821E-01, 8.272727272727275E-01, -1.0
 8.818181818181821E-01, 9.054545454545457E-01,  1.0
 8.618181818181820E-01, 8.308375365659423E-01, -1.0
 8.999885445402597E-01, 9.374071087597295E-01,  1.0
 8.218181818181820E-01, 8.639827659292627E-01, -1.0
 9.900000000000000E-01,-9.487402989324131E-01, -1.0
 8.545026396790554E-01,-8.524289196585145E-01,  1.0
 9.900000000000000E-01,-9.436363636363637E-01, -1.0
 8.600000000000002E-01,-8.609142854567947E-01,  1.0
 9.900000000000000E-01,-7.872727272727272E-01, -1.0
 8.347454060393146E-01,-8.690909090909091E-01,  1.0
 9.900000000000000E-01,-8.016290580526901E-01, -1.0
 8.681161277622695E-01,-7.821511274710139E-01,  1.0
 9.600000000000003E-01,-6.945454545454545E-01, -1.0
 8.684655866964517E-01,-7.763636363636364E-01,  1.0
 9.704017757714888E-01,-6.826997742732287E-01, -1.0
 8.800000000000002E-01,-7.744407644225415E-01,  1.0
 9.200000000000003E-01,-6.218181818181817E-01, -1.0
 8.771044943443931E-01,-7.436363636363637E-01,  1.0
 9.066649042961321E-01,-6.241086013144198E-01, -1.0
 9.708042717769201E-01,-5.789286422794926E-01,  1.0
 9.000000000000002E-01,-6.290909090909091E-01, -1.0
 9.433532177608530E-01,-5.909090909090909E-01,  1.0
 8.600000000000002E-01,-5.327272727272727E-01, -1.0
 9.800000000000003E-01,-5.745454545454546E-01,  1.0
 8.400000000000002E-01,-5.506487420958791E-01, -1.0
 9.900000000000000E-01,-5.255629808481076E-01,  1.0
 8.473708136064655E-01,-4.451532078956118E-01, -1.0
 9.900000000000000E-01,-5.326156698222092E-01,  1.0
 8.400000000000002E-01,-4.380956321261906E-01, -1.0
 9.600000000000003E-01,-4.072703116212868E-01,  1.0
 8.400000000000002E-01,-4.472727272727273E-01, -1.0
 9.200000000000003E-01,-3.490909090909090E-01,  1.0
 8.758360883531684E-01,-4.309090909090909E-01, -1.0
 9.344414929313186E-01,-2.851728084132361E-01,  1.0
 8.800000000000002E-01,-4.345454545454546E-01, -1.0
 9.200000000000003E-01,-2.963636363636363E-01,  1.0
 8.404465560917946E-01,-3.381818181818181E-01, -1.0
 9.151242274411843E-01,-2.999999999999999E-01,  1.0
 8.527487581975056E-01,-3.245690974159390E-01, -1.0
 9.200000000000003E-01,-2.917471243866235E-01,  1.0
 8.400000000000002E-01,-2.367247136051312E-01, -1.0
 9.164831637535487E-01,-1.764784966187035E-01,  1.0
 8.038364071739219E-01,-2.290909090909090E-01, -1.0
 9.239821234794990E-01,-1.626357115362765E-01,  1.0
 9.709447760690271E-01,-1.176137824754240E-01, -1.0
 9.173061364567496E-01,-1.745454545454545E-01,  1.0
 8.944389521371433E-01,-7.636363636363629E-02, -1.0
 9.106531766881814E-01,-1.781818181818181E-01,  1.0
 9.006149775496778E-01,-5.999999999999992E-02, -1.0
 8.800000000000002E-01,-1.451114835579272E-01,  1.0
 9.174858566406742E-01,-6.363636363636355E-02, -1.0
 9.200000000000003E-01,-5.454545454545354E-03,  1.0
 8.224749666745307E-01,-4.626601642369976E-02, -1.0
 9.306387981683804E-01,-9.090909090908985E-03,  1.0
 9.257638362490701E-01, 5.981876138092309E-02, -1.0
 9.200000000000003E-01,-1.272727272727262E-02,  1.0
 9.200000000000003E-01, 4.545454545454557E-02, -1.0
 9.206830898520342E-01, 7.697402515472965E-04,  1.0
 9.086695889929742E-01, 4.181818181818193E-02, -1.0
 8.600000000000002E-01, 1.600000000000001E-01,  1.0
 9.228196678698438E-01, 6.414169597511646E-02, -1.0
 8.936053544006293E-01, 1.831188693210177E-01,  1.0
 9.297872955993292E-01, 1.033158374022029E-01, -1.0
 8.698234196622959E-01, 2.141655673629716E-01,  1.0
 9.900000000000000E-01, 1.595008176599756E-01, -1.0
 8.800000000000002E-01, 2.090909090909092E-01,  1.0
 9.900000000000000E-01, 1.472727272727273E-01, -1.0
 8.737315698285610E-01, 2.054545454545456E-01,  1.0
 8.935307241314168E-01, 3.036363636363638E-01, -1.0
 8.800000000000002E-01, 2.218181818181819E-01,  1.0
 9.000000000000002E-01, 3.000000000000002E-01, -1.0
 9.131462294506916E-01, 3.781818181818184E-01,  1.0
 9.000000000000002E-01, 3.037702988760823E-01, -1.0
 9.000000000000002E-01, 3.745454545454547E-01,  1.0
 8.890298136946642E-01, 2.934935734241437E-01, -1.0
 9.200000000000003E-01, 3.709090909090911E-01,  1.0
 9.000000000000002E-01, 4.290909090909093E-01, -1.0
 9.152559436935185E-01, 3.672727272727274E-01,  1.0
 9.000000000000002E-01, 4.254545454545456E-01, -1.0
 8.878161431843793E-01, 5.081445607365014E-01,  1.0
 9.000000000000002E-01, 4.418181818181819E-01, -1.0
 8.200000000000002E-01, 5.543459695268089E-01,  1.0
 9.531087740440161E-01, 5.165876801324186E-01, -1.0
 8.539445519486499E-01, 5.563636363636366E-01,  1.0
 9.344895361417357E-01, 5.145454545454546E-01, -1.0
 8.400000000000002E-01, 5.543448626073308E-01,  1.0
 9.353799448994122E-01, 6.709090909090911E-01, -1.0
 8.400000000000002E-01, 5.690909090909092E-01,  1.0
 9.312944827857693E-01, 6.657016838388556E-01, -1.0
 8.200000000000002E-01, 5.906480109613527E-01,  1.0
 9.297207772935528E-01, 6.836363636363638E-01, -1.0
 8.800000000000002E-01, 7.645351928791471E-01,  1.0
 9.400000000000003E-01, 6.800000000000002E-01, -1.0
 8.818714842176705E-01, 7.331032535291042E-01,  1.0
 9.200000000000003E-01, 6.963636363636365E-01, -1.0
 8.800000000000002E-01, 7.545454545454547E-01,  1.0
 9.200000000000003E-01, 7.127272727272729E-01, -1.0
 8.800000000000002E-01, 7.728918262244171E-01,  1.0
 9.000000000000002E-01, 8.290909090909093E-01, -1.0
 9.141515686904118E-01, 7.843934958396831E-01,  1.0
 9.000000000000002E-01, 8.454545454545457E-01, -1.0
 8.879204824379932E-01, 9.236363636363639E-01,  1.0
 8.947224331842200E-01, 8.421465021643032E-01, -1.0
 9.000000000000002E-01, 9.200000000000003E-01,  1.0
