x,y,charge
-9.251857111289242E-01,-8.750919938635068E-01,  1.0
-8.700000000000000E-01,-8.918181818181818E-01, -1.0
-9.100000000000000E-01,-8.336363636363636E-01,  1.0
-8.678829193348595E-01,-8.954545454545455E-01, -1.0
-8.973969521887356E-01,-8.372727272727273E-01,  1.0
-9.100000000000000E-01,-7.790909090909091E-01, -1.0
-9.034611169926747E-01,-8.409090909090909E-01,  1.0
-8.770976528723556E-01,-7.427272727272727E-01, -1.0
-9.500000000000001E-01,-8.045454545454546E-01,  1.0
-8.900000000000000E-01,-7.263636363636363E-01, -1.0
-9.500000000000001E-01,-7.621722065629186E-01,  1.0
-8.900000000000000E-01,-7.100000000000000E-01, -1.0
-9.500000000000001E-01,-6.680590760596214E-01,  1.0
-8.700000000000000E-01,-6.336363636363636E-01, -1.0
-9.300000000000000E-01,-6.554545454545454E-01,  1.0
-9.047257213113639E-01,-6.256709500560340E-01, -1.0
-8.688953745515249E-01,-5.590909090909091E-01,  1.0
-8.900000000000000E-01,-6.409090909090910E-01, -1.0
-8.716498982164491E-01,-5.532723168233171E-01,  1.0
-9.367262309965076E-01,-5.948653790058155E-01, -1.0
-9.083614471329624E-01,-5.262250055889081E-01,  1.0
-8.532702446026673E-01,-5.081818181818182E-01, -1.0
-9.100000000000000E-01,-5.099999999999999E-01,  1.0
-8.700000000000000E-01,-4.518181818181817E-01, -1.0
-9.300000000000000E-01,-4.936363636363637E-01,  1.0
-8.900000000000000E-01,-4.554545454545454E-01, -1.0
-9.100000000000000E-01,-4.236258577201413E-01,  1.0
-8.900000000000000E-01,-3.790909090909090E-01, -1.0
-9.291478983762745E-01,-4.409090909090909E-01,  1.0
-8.707166141056999E-01,-3.627272727272727E-01, -1.0
-9.500000000000001E-01,-3.583390401292614E-01,  1.0
-9.100000000000000E-01,-3.549545115864871E-01, -1.0
-8.733974104529784E-01,-2.911426112481789E-01,  1.0
-9.500000000000001E-01,-2.820250964608020E-01, -1.0
-8.900000000000000E-01,-2.718181818181817E-01,  1.0
-9.500000000000001E-01,-2.789901815520082E-01, -1.0
-8.605773270591492E-01,-2.630983280869150E-01,  1.0
-9.121613358981675E-01,-2.372727272727272E-01, -1.0
-8.995591070670874E-01,-1.990909090909090E-01,  1.0
-9.500000000000001E-01,-2.374046473104404E-01, -1.0
-9.160472598497846E-01,-1.627272727272726E-01,  1.0
-8.700000000000000E-01,-1.371480083839883E-01, -1.0
-9.067492506211616E-01,-1.644451520963374E-01,  1.0
-8.834473578610624E-01,-8.818181818181811E-02, -1.0
-9.380147053802279E-01,-1.190243612833581E-01,  1.0
-8.700000000000000E-01,-7.075000941485243E-02, -1.0
-9.300000000000000E-01,-9.363636363636353E-02,  1.0
-8.700000000000000E-01,-5.364602813210573E-02, -1.0
-9.300000000000000E-01,-7.727272727272717E-02,  1.0
-8.750833127800871E-01, 2.090909090909102E-02, -1.0
-9.500000000000001E-01,-4.090909090909080E-02,  1.0
-8.900000000000000E-01, 3.393486093632060E-02, -1.0
-9.500000000000001E-01, 7.145740247285723E-02,  1.0
-8.900000000000000E-01, 5.363636363636375E-02, -1.0
-8.700000000000000E-01, 1.118181818181819E-01,  1.0
-9.100000000000000E-01, 7.739491608414596E-02, -1.0
-9.414444338266560E-01, 1.481818181818183E-01,  1.0
-9.131283626286516E-01, 8.636363636363650E-02, -1.0
-9.483334395498281E-01, 1.645454545454547E-01,  1.0
-9.040131924808241E-01, 1.427272727272728E-01, -1.0
-8.900000000000000E-01, 2.209090909090911E-01,  1.0
-9.300000000000000E-01, 1.590909090909092E-01, -1.0
-9.069963613479362E-01, 2.348431388644828E-01,  1.0
-9.257471322999055E-01, 2.754545454545456E-01, -1.0
-8.989936884177830E-01, 2.336363636363638E-01,  1.0
-9.300000000000000E-01, 2.825221067536136E-01, -1.0
-8.757926507091466E-01, 3.100000000000002E-01,  1.0
-9.500000000000001E-01, 3.480713758782421E-01, -1.0
-8.900000000000000E-01, 3.263636363636365E-01,  1.0
-9.167913697157533E-01, 3.445454545454547E-01, -1.0
-8.900000000000000E-01, 3.778229530570917E-01,  1.0
-9.500000000000001E-01, 4.209090909090911E-01, -1.0
-8.802054933820733E-01, 3.790909090909093E-01,  1.0
-8.700000000000000E-01, 4.203554515176912E-01, -1.0
-9.128368827087022E-01, 4.751196633067717E-01,  1.0
-9.100000000000000E-01, 4.584619513240526E-01, -1.0
-8.900000000000000E-01, 4.918181818181819E-01,  1.0
-9.034645519713240E-01, 5.300000000000002E-01, -1.0
-8.986619068821724E-01, 4.881818181818184E-01,  1.0
-9.073191495425783E-01, 5.463636363636366E-01, -1.0
-8.500000000000000E-01, 5.362794703500164E-01,  1.0
-8.875405425865640E-01, 6.027272727272729E-01, -1.0
-9.500000000000001E-01, 5.609090909090910E-01,  1.0
-8.886203822303509E-01, 6.078823912824822E-01, -1.0
-9.500000000000001E-01, 6.372727272727274E-01,  1.0
-9.100000000000000E-01, 6.354545454545456E-01, -1.0
-9.500000000000001E-01, 6.485421919268567E-01,  1.0
-9.179181665342215E-01, 6.515661693173644E-01, -1.0
-8.542039900765946E-01, 6.590935681012022E-01,  1.0
-9.300000000000000E-01, 7.134684823951893E-01, -1.0
-8.635695814422331E-01, 7.063636363636365E-01,  1.0
-9.100000000000000E-01, 7.445454545454547E-01, -1.0
-8.824247971509449E-01, 8.027272727272730E-01,  1.0
-9.100000000000000E-01, 7.409090909090911E-01, -1.0
-8.900000000000000E-01, 8.190909090909093E-01,  1.0
-9.500000000000001E-01, 8.172727272727275E-01, -1.0
-8.789458476838899E-01, 8.154545454545457E-01,  1.0
-8.500000000000000E-01, 8.883854464365425E-01, -1.0
-8.992551914090297E-01, 8.718181818181820E-01,  1.0
-9.100000000000000E-01, 9.260048071357513E-01, -1.0
-8.666113913525402E-01,-8.802106546923014E-01, -1.0
-9.118181818181819E-01,-8.448370393216553E-01,  1.0
-8.318181818181818E-01,-8.395330430262397E-01, -1.0
-9.118181818181819E-01,-8.354545454545454E-01,  1.0
-8.518181818181818E-01,-7.772727272727272E-01, -1.0
-9.118181818181819E-01,-8.390909090909091E-01,  1.0
-8.905894233886884E-01,-7.609090909090909E-01, -1.0
-9.118181818181819E-01,-8.170706567730114E-01,  1.0
-8.718181818181818E-01,-7.245454545454545E-01, -1.0
-8.954870343849994E-01,-7.663636363636364E-01,  1.0
-8.718181818181818E-01,-7.281818181818182E-01, -1.0
-8.718181818181818E-01,-6.899999999999999E-01,  1.0
-8.693450671865228E-01,-7.118181818181818E-01, -1.0
-9.118181818181819E-01,-6.536363636363636E-01,  1.0
-8.518181818181818E-01,-6.604116386496264E-01, -1.0
-9.318181818181819E-01,-6.391410616401270E-01,  1.0
-8.836366406075360E-01,-6.300485442017432E-01, -1.0
-8.718181818181818E-01,-5.634562790607075E-01,  1.0
-8.318181818181818E-01,-6.048168370347672E-01, -1.0
-9.040027345039403E-01,-5.245454545454545E-01,  1.0
-8.646339982882194E-01,-5.263636363636364E-01, -1.0
-9.118181818181819E-01,-5.186266215553194E-01,  1.0
-8.782890693520676E-01,-4.699999999999999E-01, -1.0
-9.118181818181819E-01,-5.118181818181817E-01,  1.0
-8.718181818181818E-01,-4.536363636363636E-01, -1.0
-9.118181818181819E-01,-4.354545454545454E-01,  1.0
-8.600259047893102E-01,-4.520835015143442E-01, -1.0
-9.118181818181819E-01,-4.190909090909091E-01,  1.0
-8.718181818181818E-01,-3.809090909090909E-01, -1.0
-8.918181818181818E-01,-4.027272727272727E-01,  1.0
-8.518181818181818E-01,-3.645454545454545E-01, -1.0
-8.898817175012622E-01,-3.063636363636363E-01,  1.0
-8.718181818181818E-01,-3.681818181818182E-01, -1.0
-8.914602685159302E-01,-2.899999999999999E-01,  1.0
-9.318181818181819E-01,-2.778336465120132E-01, -1.0
-8.918181818181818E-01,-2.536363636363635E-01,  1.0
-9.318181818181819E-01,-2.290113503168245E-01, -1.0
-8.518181818181818E-01,-2.372727272727272E-01,  1.0
-9.118181818181819E-01,-2.187544464909340E-01, -1.0
-8.849293334351883E-01,-1.809090909090908E-01,  1.0
-8.727131700635582E-01,-1.623694426521691E-01, -1.0
-9.099061793360255E-01,-1.645454545454545E-01,  1.0
-8.518181818181818E-01,-8.636363636363628E-02, -1.0
-8.987282978794812E-01,-1.681818181818181E-01,  1.0
-8.718181818181818E-01,-6.999999999999992E-02, -1.0
-9.318181818181819E-01,-8.487571129885010E-02,  1.0
-8.518181818181818E-01,-6.655689073121966E-02, -1.0
-9.118181818181819E-01,-7.545454545454536E-02,  1.0
-8.918181818181818E-01, 2.727272727272832E-03, -1.0
-8.318181818181818E-01,-1.909090909090898E-02,  1.0
-8.718181818181818E-01, 1.909090909090920E-02, -1.0
-8.718181818181818E-01, 5.727272727272738E-02,  1.0
-8.718181818181818E-01, 3.545454545454556E-02, -1.0
-8.389182634491307E-01, 1.136363636363637E-01,  1.0
-9.118181818181819E-01, 5.181818181818193E-02, -1.0
-8.518181818181818E-01, 1.100000000000001E-01,  1.0
-9.118181818181819E-01, 1.281818181818183E-01, -1.0
-8.518181818181818E-01, 1.263636363636365E-01,  1.0
-9.118181818181819E-01, 1.445454545454547E-01, -1.0
-8.518181818181818E-01, 1.627272727272729E-01,  1.0
-8.718181818181818E-01, 2.009090909090910E-01, -1.0
-8.918181818181818E-01, 2.279064135705735E-01,  1.0
-8.718181818181818E-01, 1.972727272727274E-01, -1.0
-8.718181818181818E-01, 2.508492359822895E-01,  1.0
-9.118181818181819E-01, 2.936363636363638E-01, -1.0
-8.718181818181818E-01, 2.631505874828368E-01,  1.0
-9.245555015582526E-01, 2.900000000000001E-01, -1.0
-8.946724638222934E-01, 3.281818181818184E-01,  1.0
-8.436751863455956E-01, 3.272313450874513E-01, -1.0
-8.718181818181818E-01, 3.745807773548925E-01,  1.0
-9.318181818181819E-01, 3.427272727272729E-01, -1.0
-8.918181818181818E-01, 3.809090909090911E-01,  1.0
-8.686352977775300E-01, 4.242042417111934E-01, -1.0
-9.118181818181819E-01, 4.572727272727274E-01,  1.0
-8.718181818181818E-01, 4.308126112537993E-01, -1.0
-8.710177431133734E-01, 4.936363636363638E-01,  1.0
-9.073604868916634E-01, 4.624074925594813E-01, -1.0
-8.718181818181818E-01, 4.879141206168107E-01,  1.0
-8.918181818181818E-01, 5.642544128527978E-01, -1.0
-8.718181818181818E-01, 5.063636363636366E-01,  1.0
-8.860988999336191E-01, 5.845454545454547E-01, -1.0
-8.645436786665043E-01, 5.227272727272728E-01,  1.0
-8.918181818181818E-01, 6.009090909090911E-01, -1.0
-8.518181818181818E-01, 6.590909090909093E-01,  1.0
-8.718181818181818E-01, 6.072981267462897E-01, -1.0
-8.477194879265469E-01, 6.754545454545456E-01,  1.0
-8.918181818181818E-01, 6.143396660008263E-01, -1.0
-8.667436281452507E-01, 6.718181818181820E-01,  1.0
-9.128355258372464E-01, 7.300000000000002E-01, -1.0
-8.518181818181818E-01, 6.681818181818183E-01,  1.0
-9.118181818181819E-01, 7.263636363636365E-01, -1.0
-8.639590136915123E-01, 7.445454545454547E-01,  1.0
-9.118181818181819E-01, 7.427272727272729E-01, -1.0
-8.750700577229983E-01, 8.009090909090911E-01,  1.0
-9.318181818181819E-01, 7.590909090909093E-01, -1.0
-8.708818625239314E-01, 8.172727272727275E-01,  1.0
-8.621768988372936E-01, 8.635454843025948E-01, -1.0
-9.118181818181819E-01, 8.536363636363639E-01,  1.0
-9.006748583724025E-01, 9.318181818181821E-01, -1.0
-8.522982219629351E-01, 9.201190896550241E-01,  1.0
-8.536363636363636E-01,-9.288261337379797E-01,  1.0
-8.277406022252275E-01,-8.518181818181818E-01, -1.0
-8.936363636363637E-01,-8.336363636363636E-01,  1.0
-8.336363636363636E-01,-8.554545454545455E-01, -1.0
-8.736363636363637E-01,-8.372727272727273E-01,  1.0
-8.336363636363636E-01,-7.590909090909090E-01, -1.0
-8.936363636363637E-01,-8.209090909090909E-01,  1.0
-8.536363636363636E-01,-7.627272727272727E-01, -1.0
-8.736363636363637E-01,-7.845454545454545E-01,  1.0
-8.239672137594788E-01,-7.667379584532305E-01, -1.0
-8.336363636363636E-01,-7.081818181818181E-01,  1.0
-8.736363636363637E-01,-7.100000000000000E-01, -1.0
-8.649908553429060E-01,-6.871401022920961E-01,  1.0
-8.336363636363636E-01,-6.536363636363636E-01, -1.0
-9.136363636363637E-01,-6.661739851049986E-01,  1.0
-8.336363636363636E-01,-6.572727272727272E-01, -1.0
-8.736363636363637E-01,-5.790909090909091E-01,  1.0
-8.736363636363637E-01,-6.409090909090910E-01, -1.0
-8.736363636363637E-01,-5.627272727272727E-01,  1.0
-8.336363636363636E-01,-5.245454545454545E-01, -1.0
-8.736363636363637E-01,-5.463636363636364E-01,  1.0
-8.336363636363636E-01,-5.081818181818182E-01, -1.0
-8.936363636363637E-01,-5.079353582613562E-01,  1.0
-8.846902755016085E-01,-4.518181818181817E-01, -1.0
-8.536363636363636E-01,-4.674732427100399E-01,  1.0
-8.736363636363637E-01,-4.354545454545454E-01, -1.0
-8.936363636363637E-01,-3.972727272727272E-01,  1.0
-8.536363636363636E-01,-3.790909090909090E-01, -1.0
-8.936363636363637E-01,-4.171280022644577E-01,  1.0
-8.465183760812015E-01,-3.827272727272727E-01, -1.0
-8.775460995660800E-01,-3.045454545454545E-01,  1.0
-8.536363636363636E-01,-3.663636363636363E-01, -1.0
-8.736363636363637E-01,-3.081818181818181E-01,  1.0
-8.343417268152059E-01,-3.500000000000000E-01, -1.0
-8.601524100737703E-01,-2.865201125230243E-01,  1.0
-8.636330959143189E-01,-2.336363636363635E-01, -1.0
-8.736363636363637E-01,-2.354545454545454E-01,  1.0
-8.536363636363636E-01,-2.431179870875748E-01, -1.0
-8.336363636363636E-01,-1.990909090909090E-01,  1.0
-8.736363636363637E-01,-2.009090909090908E-01, -1.0
-8.213707491111545E-01,-2.027272727272727E-01,  1.0
-8.775098304126331E-01,-1.845454545454545E-01, -1.0
-8.936363636363637E-01,-1.663636363636363E-01,  1.0
-8.567049077819222E-01,-9.118641889363735E-02, -1.0
-8.136363636363636E-01,-1.299999999999999E-01,  1.0
-8.536363636363636E-01,-5.181818181818172E-02, -1.0
-9.136363636363637E-01,-1.136363636363635E-01,  1.0
-8.736363636363637E-01,-1.545454545454535E-02, -1.0
-9.136363636363637E-01,-5.727272727272718E-02,  1.0
-8.736363636363637E-01, 2.090909090909102E-02, -1.0
-8.152358256784011E-01,-2.090909090909080E-02,  1.0
-8.986972975565599E-01, 3.727272727272738E-02, -1.0
-8.536363636363636E-01, 7.545454545454557E-02,  1.0
-8.539795907569622E-01, 2.730761963091127E-02, -1.0
-8.336363636363636E-01, 1.118181818181819E-01,  1.0
-8.936363636363637E-01, 5.000000000000013E-02, -1.0
-8.336363636363636E-01, 1.081818181818183E-01,  1.0
-8.936363636363637E-01, 1.376638934416701E-01, -1.0
-8.543419408346051E-01, 1.801604519956441E-01,  1.0
-8.936363636363637E-01, 1.427272727272728E-01, -1.0
-8.936363636363637E-01, 2.209090909090911E-01,  1.0
-8.652823052239993E-01, 1.990909090909092E-01, -1.0
-8.448310153854235E-01, 2.372727272727274E-01,  1.0
-9.136363636363637E-01, 2.754545454545456E-01, -1.0
-8.696457608252731E-01, 2.736363636363638E-01,  1.0
-8.873421692135655E-01, 2.918181818181820E-01, -1.0
-8.736363636363637E-01, 2.900000000000001E-01,  1.0
-8.336363636363636E-01, 3.442701302365287E-01, -1.0
-8.702567634499339E-01, 3.786389274439543E-01,  1.0
-8.507247812100509E-01, 3.245454545454547E-01, -1.0
-8.536363636363636E-01, 3.827272727272729E-01,  1.0
-8.336363636363636E-01, 4.202995770181510E-01, -1.0
-8.956131731538087E-01, 3.990909090909093E-01,  1.0
-8.872342374243813E-01, 4.372727272727274E-01, -1.0
-8.730602675325406E-01, 4.754545454545456E-01,  1.0
-8.736363636363637E-01, 4.336363636363638E-01, -1.0
-8.557603704525428E-01, 4.800691760258288E-01,  1.0
-8.336363636363636E-01, 5.100000000000002E-01, -1.0
-8.615798844694879E-01, 4.757530426629114E-01,  1.0
-8.936363636363637E-01, 5.470752081059214E-01, -1.0
-8.536363636363636E-01, 5.245454545454546E-01,  1.0
-8.736363636363637E-01, 6.027272727272729E-01, -1.0
-8.536951876025760E-01, 5.422360425720775E-01,  1.0
-8.876493597363079E-01, 5.990909090909092E-01, -1.0
-8.536363636363636E-01, 6.572727272727275E-01,  1.0
-8.901822952834185E-01, 6.143188786021110E-01, -1.0
-8.544281541630057E-01, 6.736363636363638E-01,  1.0
-8.999199102036792E-01, 7.206111259681306E-01, -1.0
-8.536363636363636E-01, 7.500000000000002E-01,  1.0
-8.324860676073156E-01, 7.281818181818184E-01, -1.0
-8.401545404233326E-01, 7.863636363636366E-01,  1.0
-8.936363636363637E-01, 7.445454545454547E-01, -1.0
-8.736363636363637E-01, 7.827272727272729E-01,  1.0
-9.015267327955589E-01, 7.409090909090911E-01, -1.0
-8.936363636363637E-01, 8.190909090909093E-01,  1.0
-8.336363636363636E-01, 8.172727272727275E-01, -1.0
-8.536363636363636E-01, 8.417716055734897E-01,  1.0
-8.736363636363637E-01, 8.665599308645775E-01, -1.0
-8.936363636363637E-01, 8.718181818181820E-01,  1.0
-8.450913516238991E-01, 8.867141166915578E-01, -1.0
-8.056417510759143E-01,-8.509274070659605E-01, -1.0
-8.616975905505391E-01,-9.118181818181819E-01,  1.0
-8.154545454545454E-01,-8.536363636363636E-01, -1.0
-8.954545454545455E-01,-8.554545454545455E-01,  1.0
-8.354545454545454E-01,-7.772727272727272E-01, -1.0
-8.954545454545455E-01,-8.190909090909091E-01,  1.0
-8.354545454545454E-01,-7.609090909090909E-01, -1.0
-8.954545454545455E-01,-8.027272727272727E-01,  1.0
-8.354545454545454E-01,-7.645454545454545E-01, -1.0
-8.154545454545454E-01,-7.063636363636363E-01,  1.0
-8.354545454545454E-01,-6.681818181818181E-01, -1.0
-8.154545454545454E-01,-7.100000000000000E-01,  1.0
-8.035745889452033E-01,-6.457269964697111E-01, -1.0
-8.154545454545454E-01,-7.136363636363636E-01,  1.0
-8.354545454545454E-01,-6.554545454545454E-01, -1.0
-8.554545454545455E-01,-5.972727272727272E-01,  1.0
-8.154545454545454E-01,-6.590909090909092E-01, -1.0
-8.754545454545455E-01,-5.609090909090909E-01,  1.0
-8.261388054405556E-01,-6.227272727272728E-01, -1.0
-8.754545454545455E-01,-5.618260629803337E-01,  1.0
-8.154545454545454E-01,-5.063636363636363E-01, -1.0
-8.556058700865691E-01,-5.633922690676626E-01,  1.0
-8.154545454545454E-01,-5.099999999999999E-01, -1.0
-8.395636318008131E-01,-4.847326188798198E-01,  1.0
-8.554545454545455E-01,-4.536363636363636E-01, -1.0
-8.354545454545454E-01,-4.754545454545455E-01,  1.0
-8.354545454545454E-01,-3.972727272727272E-01, -1.0
-8.754545454545455E-01,-4.190909090909091E-01,  1.0
-8.554545454545455E-01,-3.809090909090909E-01, -1.0
-8.754545454545455E-01,-4.227272727272727E-01,  1.0
-8.554545454545455E-01,-3.845454545454545E-01, -1.0
-8.201533964392340E-01,-2.863636363636363E-01,  1.0
-8.425318214253856E-01,-3.455640571583919E-01, -1.0
-8.554545454545455E-01,-2.699999999999999E-01,  1.0
-8.354545454545454E-01,-2.998888374990028E-01, -1.0
-8.649793842279221E-01,-2.736363636363636E-01,  1.0
-8.354545454545454E-01,-2.365022115364021E-01, -1.0
-8.353899582501869E-01,-2.172727272727272E-01,  1.0
-8.554545454545455E-01,-2.190909090909090E-01, -1.0
-7.954545454545454E-01,-2.009090909090908E-01,  1.0
-8.567319145762547E-01,-1.227272727272726E-01, -1.0
-8.154545454545454E-01,-1.952859919967081E-01,  1.0
-8.675078208462162E-01,-8.636363636363628E-02, -1.0
-8.041431270183800E-01,-1.681818181818181E-01,  1.0
-8.554545454545455E-01,-6.999999999999992E-02, -1.0
-8.154545454545454E-01,-1.118181818181817E-01,  1.0
-8.554545454545455E-01,-5.363636363636354E-02, -1.0
-8.154545454545454E-01,-3.545454545454536E-02,  1.0
-8.754545454545455E-01, 2.727272727272832E-03, -1.0
-8.154545454545454E-01,-1.909090909090898E-02,  1.0
-8.754545454545455E-01, 1.958669164734114E-02, -1.0
-8.354545454545454E-01,-5.336908221681530E-03,  1.0
-8.554545454545455E-01, 4.418032245866407E-02, -1.0
-8.279120041243926E-01, 9.363636363636374E-02,  1.0
-8.578076954553580E-01, 3.181818181818193E-02, -1.0
-8.354545454545454E-01, 1.100000000000001E-01,  1.0
-8.354545454545454E-01, 1.475442087524950E-01, -1.0
-8.316287592737539E-01, 1.063636363636365E-01,  1.0
-8.354545454545454E-01, 1.645454545454547E-01, -1.0
-8.038808521470813E-01, 2.227272727272729E-01,  1.0
-8.554545454545455E-01, 1.809090909090910E-01, -1.0
-8.354545454545454E-01, 2.390909090909092E-01,  1.0
-8.554545454545455E-01, 2.080338701841412E-01, -1.0
-8.554545454545455E-01, 2.554545454545456E-01,  1.0
-8.297887270369421E-01, 2.936363636363638E-01, -1.0
-8.554545454545455E-01, 2.621178625639833E-01,  1.0
-8.354545454545454E-01, 2.900000000000001E-01, -1.0
-8.754545454545455E-01, 2.934673046911440E-01,  1.0
-8.510636762992724E-01, 3.263636363636365E-01, -1.0
-8.725583712054977E-01, 3.645454545454547E-01,  1.0
-8.154545454545454E-01, 4.227272727272730E-01, -1.0
-8.754545454545455E-01, 3.809090909090911E-01,  1.0
-8.154545454545454E-01, 4.008526484737178E-01, -1.0
-8.754545454545455E-01, 4.772727272727275E-01,  1.0
-8.754545454545455E-01, 4.354545454545456E-01, -1.0
-8.241803312691171E-01, 4.536363636363638E-01,  1.0
-8.154545454545454E-01, 4.918181818181819E-01, -1.0
-8.754545454545455E-01, 4.651378115011467E-01,  1.0
-8.462540428527541E-01, 5.681818181818185E-01, -1.0
-8.554545454545455E-01, 5.063636363636366E-01,  1.0
-8.754545454545455E-01, 5.845454545454547E-01, -1.0
-8.354545454545454E-01, 5.608959384542372E-01,  1.0
-8.754545454545455E-01, 6.041417958267886E-01, -1.0
-8.402001389066824E-01, 6.590909090909093E-01,  1.0
-8.877303904198737E-01, 6.172727272727274E-01, -1.0
-8.354545454545454E-01, 6.754545454545456E-01,  1.0
-8.754545454545455E-01, 6.136363636363638E-01, -1.0
-8.554545454545455E-01, 6.718181818181820E-01,  1.0
-8.307662019076494E-01, 7.300000000000002E-01, -1.0
-8.532575307722570E-01, 7.681818181818184E-01,  1.0
-8.154545454545454E-01, 7.097000269093180E-01, -1.0
-8.554545454545455E-01, 7.845454545454548E-01,  1.0
-8.115267958125785E-01, 7.427272727272729E-01, -1.0
-8.554545454545455E-01, 8.009090909090911E-01,  1.0
-8.154545454545454E-01, 7.999877470752509E-01, -1.0
-8.554545454545455E-01, 8.572727272727275E-01,  1.0
-8.705524042020261E-01, 8.554545454545457E-01, -1.0
-8.354545454545454E-01, 8.387647090254894E-01,  1.0
-8.364297402637911E-01, 8.915598156531008E-01, -1.0
-8.554545454545455E-01, 9.300000000000003E-01,  1.0
-8.400756801299401E-01,-9.500000000000001E-01,  1.0
-8.172727272727273E-01,-8.918181818181818E-01, -1.0
-8.538914993935274E-01,-8.816570677564942E-01,  1.0
-7.847641673707022E-01,-8.240640417473600E-01, -1.0
-8.545674825907756E-01,-8.342827166283083E-01,  1.0
-8.372727272727273E-01,-7.590909090909090E-01, -1.0
-8.372727272727273E-01,-8.209090909090909E-01,  1.0
-8.404153458293568E-01,-7.502491491930356E-01, -1.0
-7.972727272727272E-01,-7.245454545454545E-01,  1.0
-8.352571882627245E-01,-7.463636363636363E-01, -1.0
-7.972727272727272E-01,-7.089033904924382E-01,  1.0
-8.226594890803757E-01,-6.699999999999999E-01, -1.0
-8.172727272727273E-01,-7.118181818181818E-01,  1.0
-8.172727272727273E-01,-6.524583183521595E-01, -1.0
-8.562767338398800E-01,-6.078571794080735E-01,  1.0
-8.172727272727273E-01,-6.572727272727272E-01, -1.0
-8.010859268749611E-01,-5.790909090909091E-01,  1.0
-8.172727272727273E-01,-6.128162616141662E-01, -1.0
-8.572727272727273E-01,-5.627272727272727E-01,  1.0
-8.217738816130657E-01,-5.045454545454545E-01, -1.0
-8.009961000564010E-01,-5.663636363636364E-01,  1.0
-8.247857696276605E-01,-5.081818181818182E-01, -1.0
-8.372727272727273E-01,-4.699999999999999E-01,  1.0
-7.972727272727272E-01,-5.095976672939470E-01, -1.0
-8.372727272727273E-01,-4.736363636363636E-01,  1.0
-8.172727272727273E-01,-4.154545454545454E-01, -1.0
-8.372727272727273E-01,-4.572727272727273E-01,  1.0
-8.408672363604387E-01,-3.990909090909091E-01, -1.0
-7.972727272727272E-01,-3.409090909090908E-01,  1.0
-8.372727272727273E-01,-3.827272727272727E-01, -1.0
-7.972727272727272E-01,-3.045454545454545E-01,  1.0
-8.372727272727273E-01,-3.663636363636363E-01, -1.0
-8.772727272727273E-01,-2.881818181818181E-01,  1.0
-8.473548222785563E-01,-3.500000000000000E-01, -1.0
-7.972727272727272E-01,-2.518181818181817E-01,  1.0
-8.270383766898491E-01,-3.136363636363636E-01, -1.0
-8.572727272727273E-01,-2.754545454545454E-01,  1.0
-8.507384082920123E-01,-2.372727272727272E-01, -1.0
-7.972727272727272E-01,-1.872255419915091E-01,  1.0
-8.572727272727273E-01,-1.671260489124081E-01, -1.0
-7.972727272727272E-01,-1.827272727272727E-01,  1.0
-8.572727272727273E-01,-1.410486915062499E-01, -1.0
-7.825216542083487E-01,-1.863636363636363E-01,  1.0
-8.572727272727273E-01,-8.818181818181811E-02, -1.0
-7.972727272727272E-01,-1.299999999999999E-01,  1.0
-8.572727272727273E-01,-6.480180175702525E-02, -1.0
-7.846426195785896E-01,-9.363636363636353E-02,  1.0
-8.650647161524798E-01,-5.545454545454536E-02, -1.0
-7.972727272727272E-01,-1.727272727272717E-02,  1.0
-8.772727272727273E-01, 2.090909090909102E-02, -1.0
-7.972727272727272E-01,-2.090909090909080E-02,  1.0
-8.527728210987533E-01, 3.949518076982546E-02, -1.0
-8.077322360912310E-01, 6.300203672659493E-02,  1.0
-8.440377719374851E-01, 3.363636363636375E-02, -1.0
-8.282446934922223E-01, 1.118181818181819E-01,  1.0
-8.772727272727273E-01, 5.320277298254115E-02, -1.0
-8.372727272727273E-01, 1.081818181818183E-01,  1.0
-8.530638774962408E-01, 1.663636363636365E-01, -1.0
-7.972727272727272E-01, 1.445454545454547E-01,  1.0
-8.372727272727273E-01, 1.827272727272729E-01, -1.0
-8.172727272727273E-01, 2.209090909090911E-01,  1.0
-8.572727272727273E-01, 1.790909090909092E-01, -1.0
-8.372727272727273E-01, 2.372727272727274E-01,  1.0
-7.972727272727272E-01, 2.754545454545456E-01, -1.0
-8.372727272727273E-01, 2.536363636363638E-01,  1.0
-8.172727272727273E-01, 2.904741493184826E-01, -1.0
-7.972727272727272E-01, 3.100000000000002E-01,  1.0
-8.343680585814042E-01, 3.041200898680637E-01, -1.0
-7.972727272727272E-01, 3.572389202262175E-01,  1.0
-8.372727272727273E-01, 3.305632305608959E-01, -1.0
-8.572727272727273E-01, 3.807387433343090E-01,  1.0
-8.172727272727273E-01, 4.209090909090911E-01, -1.0
-8.658353056663700E-01, 3.790909090909093E-01,  1.0
-8.372727272727273E-01, 4.172727272727274E-01, -1.0
-8.375409448578136E-01, 4.375104320134737E-01,  1.0
-8.246937735312544E-01, 5.136363636363638E-01, -1.0
-8.172727272727273E-01, 4.518181818181820E-01,  1.0
-8.255043343117433E-01, 4.995964675930206E-01, -1.0
-8.572727272727273E-01, 5.254845819102930E-01,  1.0
-8.572727272727273E-01, 5.863636363636366E-01, -1.0
-8.172727272727273E-01, 5.645454545454547E-01,  1.0
-8.572727272727273E-01, 6.027272727272729E-01, -1.0
-7.794005731196988E-01, 5.809090909090910E-01,  1.0
-8.572727272727273E-01, 5.990909090909092E-01, -1.0
-8.351101069801111E-01, 6.572727272727275E-01,  1.0
-8.227166549550431E-01, 6.154545454545456E-01, -1.0
-8.372727272727273E-01, 6.536363636363638E-01,  1.0
-7.972727272727272E-01, 7.118181818181820E-01, -1.0
-8.383511999259302E-01, 6.710392114817672E-01,  1.0
-8.186551802861682E-01, 7.311516876736850E-01, -1.0
-8.623078714158059E-01, 7.663636363636366E-01,  1.0
-7.990819952151178E-01, 7.540568292601215E-01, -1.0
-8.572727272727273E-01, 7.827272727272729E-01,  1.0
-7.772727272727272E-01, 8.209090909090911E-01, -1.0
-8.572727272727273E-01, 7.990909090909093E-01,  1.0
-7.972727272727272E-01, 8.372727272727275E-01, -1.0
-8.488295122452207E-01, 8.384521588944014E-01,  1.0
-8.572727272727273E-01, 8.936363636363639E-01, -1.0
-8.498170649847582E-01, 9.282144210408438E-01,  1.0
-8.224112645698625E-01, 9.100000000000003E-01, -1.0
-7.790909090909091E-01,-8.900000000000000E-01, -1.0
-8.577464099205062E-01,-9.318181818181819E-01,  1.0
-7.990909090909091E-01,-8.736363636363637E-01, -1.0
-7.790909090909091E-01,-8.707007399750749E-01,  1.0
-7.990909090909091E-01,-8.263785518113599E-01, -1.0
-8.265490164783932E-01,-8.074572247980668E-01,  1.0
-8.390909090909091E-01,-7.609090909090909E-01, -1.0
-8.190909090909091E-01,-8.027272727272727E-01,  1.0
-8.390909090909091E-01,-7.645454545454545E-01, -1.0
-8.127731896322201E-01,-7.063636363636363E-01,  1.0
-7.790909090909091E-01,-7.481818181818182E-01, -1.0
-7.990909090909091E-01,-7.130252781889849E-01,  1.0
-8.172959014818479E-01,-6.718181818181818E-01, -1.0
-7.990909090909091E-01,-6.936363636363636E-01,  1.0
-8.190909090909091E-01,-6.554545454545454E-01, -1.0
-8.390909090909091E-01,-5.972727272727272E-01,  1.0
-7.990909090909091E-01,-6.390909090909092E-01, -1.0
-7.990909090909091E-01,-5.609090909090909E-01,  1.0
-8.123929690865910E-01,-5.227272727272727E-01, -1.0
-7.988508480042759E-01,-5.507340741185649E-01,  1.0
-7.590909090909090E-01,-5.263636363636364E-01, -1.0
-7.990909090909091E-01,-5.428520323345035E-01,  1.0
-8.157095865514693E-01,-5.184975166389965E-01, -1.0
-8.542520458952945E-01,-4.786113074133584E-01,  1.0
-7.790909090909091E-01,-4.336363636363636E-01, -1.0
-8.190909090909091E-01,-4.754545454545455E-01,  1.0
-7.790909090909091E-01,-4.215871431447947E-01, -1.0
-7.902160540525389E-01,-3.790909090909090E-01,  1.0
-8.197375502093520E-01,-3.886610164602466E-01, -1.0
-7.990909090909091E-01,-3.427272727272727E-01,  1.0
-8.390909090909091E-01,-3.645454545454545E-01, -1.0
-7.990909090909091E-01,-3.263636363636363E-01,  1.0
-8.190909090909091E-01,-3.281818181818181E-01, -1.0
-7.790909090909091E-01,-3.148793306548894E-01,  1.0
-7.790909090909091E-01,-2.518181818181817E-01, -1.0
-8.036779820571307E-01,-2.736363636363636E-01,  1.0
-8.459989680797650E-01,-2.377203163780949E-01, -1.0
-7.790909090909091E-01,-1.972727272727272E-01,  1.0
-8.390909090909091E-01,-1.790909090909090E-01, -1.0
-7.790909090909091E-01,-1.852912758690961E-01,  1.0
-8.590909090909091E-01,-1.227272727272726E-01, -1.0
-7.790909090909091E-01,-1.845454545454545E-01,  1.0
-8.459831415351818E-01,-1.063636363636363E-01, -1.0
-7.990909090909091E-01,-1.081818181818181E-01,  1.0
-8.590909090909091E-01,-6.999999999999992E-02, -1.0
-7.831499017840443E-01,-9.181818181818172E-02,  1.0
-8.590909090909091E-01,-5.363636363636354E-02, -1.0
-7.990909090909091E-01,-9.545454545454535E-02,  1.0
-8.390909090909091E-01,-3.727272727272717E-02, -1.0
-7.790909090909091E-01,-2.431740783470008E-03,  1.0
-8.590909090909091E-01, 3.909090909090920E-02, -1.0
-7.790909090909091E-01,-3.396307569952111E-03,  1.0
-8.590909090909091E-01, 2.255323616796612E-02, -1.0
-8.244675515095318E-01, 1.136363636363637E-01,  1.0
-8.563624642688090E-01, 4.008686100249913E-02, -1.0
-8.160463560791873E-01, 1.100000000000001E-01,  1.0
-8.000119887067793E-01, 9.448271026753528E-02, -1.0
-7.919784399536787E-01, 1.263636363636365E-01,  1.0
-7.790909090909091E-01, 1.845454545454547E-01, -1.0
-7.990909090909091E-01, 1.427272727272728E-01,  1.0
-8.249408419073477E-01, 1.823812129516593E-01, -1.0
-8.190909090909091E-01, 2.190909090909092E-01,  1.0
-7.790909090909091E-01, 2.572727272727274E-01, -1.0
-8.150268243533099E-01, 2.154545454545456E-01,  1.0
-8.174398919931787E-01, 2.962869211336360E-01, -1.0
-8.590909090909091E-01, 3.208191408983380E-01,  1.0
-8.190909090909091E-01, 2.900000000000001E-01, -1.0
-7.912481040189735E-01, 3.481818181818184E-01,  1.0
-8.190909090909091E-01, 3.063636363636365E-01, -1.0
-7.990909090909091E-01, 3.445454545454547E-01,  1.0
-7.990909090909091E-01, 4.027272727272729E-01, -1.0
-7.990909090909091E-01, 3.409090909090911E-01,  1.0
-7.990909090909091E-01, 4.190909090909093E-01, -1.0
-8.182893484563334E-01, 4.572727272727274E-01,  1.0
-8.021158293290447E-01, 4.154545454545456E-01, -1.0
-8.390909090909091E-01, 4.536363636363638E-01,  1.0
-7.790909090909091E-01, 4.998127231684923E-01, -1.0
-8.029003317268816E-01, 4.700000000000002E-01,  1.0
-7.990909090909091E-01, 5.095673829116111E-01, -1.0
-7.990909090909091E-01, 5.663636363636366E-01,  1.0
-7.590909090909090E-01, 5.245454545454546E-01, -1.0
-7.990909090909091E-01, 5.723030346631470E-01,  1.0
-8.579197974961166E-01, 5.898223902131446E-01, -1.0
-7.990909090909091E-01, 5.790909090909092E-01,  1.0
-8.390909090909091E-01, 5.972727272727274E-01, -1.0
-8.402869075039524E-01, 6.628365892661937E-01,  1.0
-7.790909090909091E-01, 7.136363636363638E-01, -1.0
-8.267212669144974E-01, 6.718181818181820E-01,  1.0
-7.709144230400981E-01, 7.100000000000002E-01, -1.0
-7.990909090909091E-01, 6.881818181818183E-01,  1.0
-7.889638712782191E-01, 7.463636363636366E-01, -1.0
-8.190909090909091E-01, 7.845454545454548E-01,  1.0
-7.990909090909091E-01, 7.627272727272729E-01, -1.0
-8.390909090909091E-01, 8.209090909090911E-01,  1.0
-7.695067509884164E-01, 8.349469468526987E-01, -1.0
-8.390909090909091E-01, 8.372727272727275E-01,  1.0
-7.790909090909091E-01, 8.354545454545457E-01, -1.0
-8.390909090909091E-01, 8.536363636363639E-01,  1.0
-8.190909090909091E-01, 8.918181818181821E-01, -1.0
-7.790909090909091E-01, 8.921517298860536E-01,  1.0
-7.609090909090909E-01,-9.500000000000001E-01,  1.0
-7.980164259961258E-01,-8.718181818181818E-01, -1.0
-7.863138945612054E-01,-8.736363636363637E-01,  1.0
-8.009090909090909E-01,-8.354545454545454E-01, -1.0
-8.209090909090909E-01,-8.172727272727273E-01,  1.0
-8.009090909090909E-01,-7.590909090909090E-01, -1.0
-8.209090909090909E-01,-8.150260370487979E-01,  1.0
-8.209090909090909E-01,-7.627272727272727E-01, -1.0
-8.116409321007314E-01,-7.245454545454545E-01,  1.0
-7.872327294908579E-01,-7.463636363636363E-01, -1.0
-8.009090909090909E-01,-7.201124126865681E-01,  1.0
-8.409090909090909E-01,-7.500000000000000E-01, -1.0
-8.009090909090909E-01,-7.118181818181818E-01,  1.0
-8.209090909090909E-01,-6.536363636363636E-01, -1.0
-8.009090909090909E-01,-5.954545454545453E-01,  1.0
-8.009090909090909E-01,-6.572727272727272E-01, -1.0
-8.409090909090909E-01,-5.790909090909091E-01,  1.0
-7.885746404488541E-01,-6.355640978108458E-01, -1.0
-8.009090909090909E-01,-5.627272727272727E-01,  1.0
-7.770723696010198E-01,-5.245454545454545E-01, -1.0
-8.009090909090909E-01,-5.429752131843988E-01,  1.0
-7.809090909090909E-01,-5.081818181818182E-01, -1.0
-8.009090909090909E-01,-5.299999999999999E-01,  1.0
-7.809090909090909E-01,-4.449274080246935E-01, -1.0
-8.209090909090909E-01,-4.736363636363636E-01,  1.0
-7.609090909090909E-01,-4.202866302594185E-01, -1.0
-8.209090909090909E-01,-4.772727272727273E-01,  1.0
-7.609090909090909E-01,-4.190909090909091E-01, -1.0
-8.009090909090909E-01,-3.609090909090908E-01,  1.0
-7.809090909090909E-01,-4.227272727272727E-01, -1.0
-7.852117571047702E-01,-3.228984444540396E-01,  1.0
-7.409090909090909E-01,-3.263636363636363E-01, -1.0
-7.809090909090909E-01,-3.081818181818181E-01,  1.0
-8.009090909090909E-01,-2.899999999999999E-01, -1.0
-8.209090909090909E-01,-2.718181818181817E-01,  1.0
-7.609090909090909E-01,-2.448797659057265E-01, -1.0
-8.009090909090909E-01,-2.154545454545453E-01,  1.0
-7.809090909090909E-01,-2.572727272727272E-01, -1.0
-7.809090909090909E-01,-1.790909090909090E-01,  1.0
-8.409090909090909E-01,-1.609090909090908E-01, -1.0
-7.809090909090909E-01,-1.699936759789681E-01,  1.0
-7.418417535613798E-01,-1.341473421567946E-01, -1.0
-7.809090909090909E-01,-1.263636363636363E-01,  1.0
-8.409090909090909E-01,-6.905037904458196E-02, -1.0
-8.009090909090909E-01,-1.099999999999999E-01,  1.0
-8.409090909090909E-01,-5.181818181818172E-02, -1.0
-7.809090909090909E-01,-9.363636363636353E-02,  1.0
-8.209090909090909E-01,-3.940095548880498E-02, -1.0
-7.609090909090909E-01,-4.990122381635286E-02,  1.0
-8.409090909090909E-01,-4.750783345809359E-02, -1.0
-7.809090909090909E-01,-1.846536873834912E-02,  1.0
-7.889825385389749E-01, 3.913444631352331E-02, -1.0
-7.609090909090909E-01, 7.545454545454557E-02,  1.0
-7.894975817094420E-01, 7.207879911819412E-02, -1.0
-8.409090909090909E-01, 1.118181818181819E-01,  1.0
-7.981828199921313E-01, 9.000000000000012E-02, -1.0
-8.009090909090909E-01, 1.481818181818183E-01,  1.0
-8.009090909090909E-01, 8.636363636363650E-02, -1.0
-8.009090909090909E-01, 1.288571670524984E-01,  1.0
-7.809090909090909E-01, 1.984549022618139E-01, -1.0
-8.209090909090909E-01, 2.209090909090911E-01,  1.0
-7.809090909090909E-01, 2.030031758776039E-01, -1.0
-8.334198968692931E-01, 2.223311042217082E-01,  1.0
-7.443149697654957E-01, 2.354545454545456E-01, -1.0
-8.009090909090909E-01, 2.370387019334368E-01,  1.0
-8.009090909090909E-01, 2.856684894312432E-01, -1.0
-7.941626558322229E-01, 3.300000000000002E-01,  1.0
-7.695401441909050E-01, 3.022010832522372E-01, -1.0
-8.009090909090909E-01, 3.263636363636365E-01,  1.0
-7.776051489376082E-01, 3.845454545454547E-01, -1.0
-8.009090909090909E-01, 3.427272727272729E-01,  1.0
-7.809090909090909E-01, 3.809090909090911E-01, -1.0
-7.409090909090909E-01, 4.082729584346949E-01,  1.0
-8.171407889638675E-01, 4.172727272727274E-01, -1.0
-7.409090909090909E-01, 4.457031783352565E-01,  1.0
-7.809090909090909E-01, 4.660300556576213E-01, -1.0
-8.009090909090909E-01, 4.518181818181820E-01,  1.0
-7.809090909090909E-01, 5.100000000000002E-01, -1.0
-8.009090909090909E-01, 5.481818181818184E-01,  1.0
-7.809090909090909E-01, 5.263636363636366E-01, -1.0
-7.794517093569645E-01, 5.645454545454547E-01,  1.0
-7.409090909090909E-01, 5.427272727272728E-01, -1.0
-7.809090909090909E-01, 5.809090909090910E-01,  1.0
-8.209090909090909E-01, 5.990909090909092E-01, -1.0
-7.805907975198706E-01, 5.781837877070576E-01,  1.0
-7.809090909090909E-01, 6.517466054383597E-01, -1.0
-8.209090909090909E-01, 6.536363636363638E-01,  1.0
-7.809090909090909E-01, 6.918181818181820E-01, -1.0
-8.103698789632598E-01, 6.900000000000002E-01,  1.0
-8.009090909090909E-01, 7.481818181818184E-01, -1.0
-7.609090909090909E-01, 7.263636363636365E-01,  1.0
-8.009090909090909E-01, 7.445454545454547E-01, -1.0
-8.387739684902330E-01, 8.027272727272730E-01,  1.0
-8.009090909090909E-01, 7.609090909090911E-01, -1.0
-8.209090909090909E-01, 7.990909090909093E-01,  1.0
-7.687672240736013E-01, 8.172727272727275E-01, -1.0
-7.878192023084248E-01, 8.926058978240252E-01,  1.0
-7.609090909090909E-01, 8.336363636363638E-01, -1.0
-7.715463176155786E-01, 8.918181818181821E-01,  1.0
-8.209090909090909E-01, 9.057321312027010E-01, -1.0
-7.627272727272727E-01,-8.700000000000000E-01, -1.0
-7.559383605108516E-01,-8.976707869829490E-01,  1.0
-7.816071911724507E-01,-8.336363636363636E-01, -1.0
-7.827272727272727E-01,-8.554545454545455E-01,  1.0
-7.827272727272727E-01,-8.173463382014563E-01, -1.0
-7.642098510194860E-01,-7.990909090909091E-01,  1.0
-7.227272727272727E-01,-8.209090909090909E-01, -1.0
-7.481310738777596E-01,-7.968672099411105E-01,  1.0
-7.658313258611041E-01,-7.445454545454545E-01, -1.0
-8.027272727272727E-01,-7.063636363636363E-01,  1.0
-7.827272727272727E-01,-7.481818181818182E-01, -1.0
-7.827272727272727E-01,-7.100000000000000E-01,  1.0
-7.427272727272727E-01,-6.434428767178523E-01, -1.0
-7.827272727272727E-01,-6.936363636363636E-01,  1.0
-8.189013836233322E-01,-6.468111152037261E-01, -1.0
-7.858055523676746E-01,-5.972727272727272E-01,  1.0
-7.427272727272727E-01,-6.390909090909092E-01, -1.0
-8.179497417135549E-01,-5.609090909090909E-01,  1.0
-7.227272727272727E-01,-6.227272727272728E-01, -1.0
-8.027272727272727E-01,-5.645454545454546E-01,  1.0
-7.427272727272727E-01,-5.253619268987415E-01, -1.0
-7.827272727272727E-01,-5.481818181818182E-01,  1.0
-7.627272727272727E-01,-4.899999999999999E-01, -1.0
-8.027272727272727E-01,-4.918181818181818E-01,  1.0
-7.627272727272727E-01,-4.336363636363636E-01, -1.0
-7.427272727272727E-01,-4.954545454545455E-01,  1.0
-7.627272727272727E-01,-4.524119616870245E-01, -1.0
-7.827272727272727E-01,-3.590909090909090E-01,  1.0
-7.627272727272727E-01,-4.304955909005739E-01, -1.0
-7.827272727272727E-01,-3.468279193587777E-01,  1.0
-7.227272727272727E-01,-3.645454545454545E-01, -1.0
-7.827272727272727E-01,-3.263636363636363E-01,  1.0
-8.227272727272728E-01,-3.681818181818182E-01, -1.0
-8.027272727272727E-01,-2.899999999999999E-01,  1.0
-7.393724824373986E-01,-3.318181818181818E-01, -1.0
-8.027272727272727E-01,-2.536363636363635E-01,  1.0
-7.627272727272727E-01,-2.554545454545454E-01, -1.0
-7.827272727272727E-01,-2.004808180354425E-01,  1.0
-7.627272727272727E-01,-2.390909090909090E-01, -1.0
-7.827272727272727E-01,-1.809090909090908E-01,  1.0
-7.227272727272727E-01,-1.364370273308336E-01, -1.0
-7.827272727272727E-01,-1.845454545454545E-01,  1.0
-7.427272727272727E-01,-1.344298298999261E-01, -1.0
-7.827272727272727E-01,-1.081818181818181E-01,  1.0
-7.227272727272727E-01,-1.299999999999999E-01, -1.0
-7.827272727272727E-01,-9.181818181818172E-02,  1.0
-7.902914734167477E-01,-3.275255924680410E-02, -1.0
-7.444881300048627E-01,-5.545454545454536E-02,  1.0
-8.105997324638564E-01,-3.374770367819758E-02, -1.0
-7.627272727272727E-01,-5.909090909090899E-02,  1.0
-8.058146530776578E-01, 3.909090909090920E-02, -1.0
-7.427272727272727E-01, 5.727272727272738E-02,  1.0
-8.027272727272727E-01, 3.283039689522434E-02, -1.0
-7.427272727272727E-01, 5.363636363636375E-02,  1.0
-8.027272727272727E-01, 7.181818181818193E-02, -1.0
-7.627272727272727E-01, 1.100000000000001E-01,  1.0
-8.022138595475922E-01, 8.818181818181832E-02, -1.0
-7.827272727272727E-01, 1.392892626110065E-01,  1.0
-7.449967247245163E-01, 1.645454545454547E-01, -1.0
-8.027272727272727E-01, 1.427272727272728E-01,  1.0
-7.627272727272727E-01, 2.209090909090911E-01, -1.0
-7.627272727272727E-01, 1.790909090909092E-01,  1.0
-7.627272727272727E-01, 2.149140669239427E-01, -1.0
-7.977076509731278E-01, 2.297862337892603E-01,  1.0
-7.427272727272727E-01, 2.687953068866695E-01, -1.0
-7.827272727272727E-01, 3.118181818181820E-01,  1.0
-7.427272727272727E-01, 2.834699904791792E-01, -1.0
-7.827272727272727E-01, 3.281818181818184E-01,  1.0
-7.427272727272727E-01, 2.863636363636365E-01, -1.0
-7.827272727272727E-01, 3.445454545454547E-01,  1.0
-7.427272727272727E-01, 3.427272727272729E-01, -1.0
-7.368625257432792E-01, 4.116047754020137E-01,  1.0
-8.027272727272727E-01, 4.193961085283062E-01, -1.0
-7.427272727272727E-01, 4.385329492588900E-01,  1.0
-7.827272727272727E-01, 4.554545454545456E-01, -1.0
-7.427272727272727E-01, 4.336363636363638E-01,  1.0
-7.827272727272727E-01, 5.016820974428992E-01, -1.0
-7.401992143703435E-01, 4.545596680674177E-01,  1.0
-7.827272727272727E-01, 5.081818181818184E-01, -1.0
-8.027272727272727E-01, 5.663636363636366E-01,  1.0
-7.378377085964278E-01, 5.350098415558573E-01, -1.0
-7.892098121174360E-01, 5.653093740583434E-01,  1.0
-7.827272727272727E-01, 6.361936552402278E-01, -1.0
-7.768661336865695E-01, 5.798628944715457E-01,  1.0
-7.644813324416529E-01, 6.237444735356351E-01, -1.0
-8.227272727272728E-01, 6.554545454545456E-01,  1.0
-7.822851575825939E-01, 6.809429147710155E-01, -1.0
-8.227272727272728E-01, 6.609380560603632E-01,  1.0
-7.768497639073531E-01, 7.100000000000002E-01, -1.0
-7.228415344159221E-01, 7.197731284320209E-01,  1.0
-8.027272727272727E-01, 7.463636363636366E-01, -1.0
-7.427272727272727E-01, 7.245454545454547E-01,  1.0
-7.627272727272727E-01, 7.627272727272729E-01, -1.0
-8.027272727272727E-01, 7.809090909090911E-01,  1.0
-7.627272727272727E-01, 8.190909090909093E-01, -1.0
-8.227272727272728E-01, 8.101056377189302E-01,  1.0
-7.299317610921450E-01, 8.346852320504420E-01, -1.0
-8.027272727272727E-01, 8.936363636363639E-01,  1.0
-7.627272727272727E-01, 8.318181818181820E-01, -1.0
-7.785233706193218E-01, 9.049705221845388E-01,  1.0
-7.584425114856125E-01,-9.500000000000001E-01,  1.0
-7.792882641969580E-01,-8.718181818181818E-01, -1.0
-7.645454545454545E-01,-8.883578989276950E-01,  1.0
-7.146900289668493E-01,-8.554545454545455E-01, -1.0
-7.445454545454545E-01,-8.394102635091066E-01,  1.0
-7.845454545454545E-01,-8.190909090909091E-01, -1.0
-7.612227663130278E-01,-7.809090909090909E-01,  1.0
-7.245454545454545E-01,-7.286620995332116E-01, -1.0
-7.445454545454545E-01,-7.961093285700048E-01,  1.0
-7.893509795320039E-01,-7.600346224603569E-01, -1.0
-7.645454545454545E-01,-7.293839260606121E-01,  1.0
-7.245454545454545E-01,-7.300000000000000E-01, -1.0
-7.845454545454545E-01,-6.918181818181818E-01,  1.0
-8.041797149186181E-01,-6.398002702472504E-01, -1.0
-7.845454545454545E-01,-6.154545454545454E-01,  1.0
-7.245454545454545E-01,-6.563909090534430E-01, -1.0
-7.942244034150669E-01,-5.590909090909091E-01,  1.0
-7.245454545454545E-01,-6.337259343829864E-01, -1.0
-8.045454545454546E-01,-5.627272727272727E-01,  1.0
-7.283424579795541E-01,-5.423568344330750E-01, -1.0
-7.845454545454545E-01,-5.463636363636364E-01,  1.0
-7.645454545454545E-01,-4.912854935866949E-01, -1.0
-7.245454545454545E-01,-4.899999999999999E-01,  1.0
-7.645454545454545E-01,-4.718181818181817E-01, -1.0
-7.245454545454545E-01,-4.736363636363636E-01,  1.0
-7.645454545454545E-01,-4.354545454545454E-01, -1.0
-7.293475559329750E-01,-4.172727272727272E-01,  1.0
-7.445454545454545E-01,-3.990909090909091E-01, -1.0
-7.445454545454545E-01,-4.000489252842930E-01,  1.0
-7.245454545454545E-01,-3.627272727272727E-01, -1.0
-7.845454545454545E-01,-3.245454545454545E-01,  1.0
-7.245454545454545E-01,-3.720008524655079E-01, -1.0
-7.845454545454545E-01,-3.080876114975087E-01,  1.0
-7.445454545454545E-01,-3.300000000000000E-01, -1.0
-7.245454545454545E-01,-2.718181818181817E-01,  1.0
-7.645454545454545E-01,-2.616647916629709E-01, -1.0
-7.245454545454545E-01,-2.554545454545454E-01,  1.0
-7.522206062303070E-01,-2.528834872514341E-01, -1.0
-7.645454545454545E-01,-1.990909090909090E-01,  1.0
-7.245454545454545E-01,-1.409090909090908E-01, -1.0
-7.645454545454545E-01,-2.027272727272727E-01,  1.0
-7.245454545454545E-01,-1.445454545454544E-01, -1.0
-7.790009480326213E-01,-1.863636363636363E-01,  1.0
-7.284583485756881E-01,-1.281818181818181E-01, -1.0
-7.845454545454545E-01,-1.010238964179498E-01,  1.0
-7.067807017550243E-01,-7.181818181818173E-02, -1.0
-7.445454545454545E-01,-4.509692779161813E-02,  1.0
-8.045454545454546E-01,-3.545454545454536E-02, -1.0
-7.448681855128197E-01,-4.888782029565281E-02,  1.0
-7.665740419065541E-01, 1.845864203254716E-02, -1.0
-7.368240032186412E-01,-1.174296575607810E-02,  1.0
-7.845454545454545E-01, 1.727272727272738E-02, -1.0
-7.445454545454545E-01, 5.545454545454557E-02,  1.0
-7.845454545454545E-01, 7.363636363636375E-02, -1.0
-7.445454545454545E-01, 6.465882890730826E-02,  1.0
-7.845454545454545E-01, 8.409675187516781E-02, -1.0
-7.520548464785504E-01, 8.818181818181832E-02,  1.0
-7.645454545454545E-01, 1.463636363636365E-01, -1.0
-7.481519865995150E-01, 1.845454545454547E-01,  1.0
-7.223524997996549E-01, 1.227272727272728E-01, -1.0
-7.467756294924787E-01, 1.809090909090910E-01,  1.0
-7.706633130068103E-01, 2.343513753492163E-01, -1.0
-7.445454545454545E-01, 1.972727272727274E-01,  1.0
-7.045454545454545E-01, 2.679710065502096E-01, -1.0
-7.845454545454545E-01, 2.336363636363638E-01,  1.0
-7.245454545454545E-01, 2.815833501696627E-01, -1.0
-7.845454545454545E-01, 3.300000000000002E-01,  1.0
-7.245454545454545E-01, 3.593122836066039E-01, -1.0
-7.979954007093965E-01, 3.359948353426419E-01,  1.0
-7.245454545454545E-01, 3.530264631538051E-01, -1.0
-7.546197455808952E-01, 4.067962068111871E-01,  1.0
-7.845454545454545E-01, 4.009090909090911E-01, -1.0
-7.445454545454545E-01, 4.190909090909093E-01,  1.0
-7.845454545454545E-01, 3.985790982604763E-01, -1.0
-7.534292109821352E-01, 4.288043596848515E-01,  1.0
-7.645454545454545E-01, 4.936363636363638E-01, -1.0
-7.245454545454545E-01, 4.518181818181820E-01,  1.0
-7.645454545454545E-01, 5.100000000000002E-01, -1.0
-7.445454545454545E-01, 4.681818181818184E-01,  1.0
-7.245454545454545E-01, 5.463636363636366E-01, -1.0
-7.843166459618838E-01, 5.845454545454547E-01,  1.0
-7.245454545454545E-01, 5.427272727272728E-01, -1.0
-7.845454545454545E-01, 5.809090909090910E-01,  1.0
-7.649501738790305E-01, 6.390909090909093E-01, -1.0
-7.479299111739625E-01, 6.129912403382076E-01,  1.0
-7.645454545454545E-01, 6.354545454545456E-01, -1.0
-7.504085047988978E-01, 6.536363636363638E-01,  1.0
-7.857543747230838E-01, 6.918181818181820E-01, -1.0
-7.445454545454545E-01, 7.100000000000002E-01,  1.0
-7.845454545454545E-01, 7.481818181818184E-01, -1.0
-7.294268274989683E-01, 7.263636363636365E-01,  1.0
-7.667106983557630E-01, 7.715739735779217E-01, -1.0
-7.845454545454545E-01, 8.014574860530367E-01,  1.0
-7.445454545454545E-01, 7.809090909090911E-01, -1.0
-8.045454545454546E-01, 7.976324508844650E-01,  1.0
-7.445454545454545E-01, 8.372727272727275E-01, -1.0
-7.445454545454545E-01, 8.754545454545457E-01,  1.0
-7.473102279741912E-01, 8.336363636363638E-01, -1.0
-7.845454545454545E-01, 9.066607812207991E-01,  1.0
-7.045454545454545E-01, 8.900000000000002E-01, -1.0
-7.063636363636363E-01,-8.700000000000000E-01, -1.0
-7.463636363636363E-01,-9.118181818181819E-01,  1.0
-7.263636363636363E-01,-8.550158436053126E-01, -1.0
-7.472840950845834E-01,-8.346800597181925E-01,  1.0
-7.863636363636364E-01,-8.172727272727273E-01, -1.0
-7.663636363636364E-01,-7.790909090909091E-01,  1.0
-7.063636363636363E-01,-8.202488659933295E-01, -1.0
-7.560330447107101E-01,-7.937628534140144E-01,  1.0
-7.263636363636363E-01,-7.445454545454545E-01, -1.0
-7.663636363636364E-01,-7.443037032461093E-01,  1.0
-7.168664864681756E-01,-6.681818181818181E-01, -1.0
-7.663636363636364E-01,-7.100000000000000E-01,  1.0
-7.263636363636363E-01,-6.518181818181817E-01, -1.0
-7.646638946799897E-01,-7.136325505424033E-01,  1.0
-7.263636363636363E-01,-6.554545454545454E-01, -1.0
-7.663636363636364E-01,-5.972727272727272E-01,  1.0
-7.294435689867970E-01,-6.246294260192736E-01, -1.0
-7.863636363636364E-01,-5.525552838366816E-01,  1.0
-7.263636363636363E-01,-6.022478903976741E-01, -1.0
-7.463636363636363E-01,-5.645454545454546E-01,  1.0
-7.332855971497199E-01,-5.463636363636364E-01, -1.0
-7.677813860690239E-01,-5.272876855415305E-01,  1.0
-7.463636363636363E-01,-5.499999999999999E-01, -1.0
-7.439053838283599E-01,-4.718181818181817E-01,  1.0
-7.172267530079883E-01,-4.373897902651596E-01, -1.0
-7.379459891829244E-01,-4.754545454545455E-01,  1.0
-7.663636363636364E-01,-4.405264894026040E-01, -1.0
-7.399314494389940E-01,-4.164396882085179E-01,  1.0
-7.263636363636363E-01,-3.809090909090909E-01, -1.0
-7.344545465631276E-01,-4.027272727272727E-01,  1.0
-6.951072576715430E-01,-3.845454545454545E-01, -1.0
-7.663636363636364E-01,-3.063636363636363E-01,  1.0
-7.138235172542047E-01,-3.681818181818182E-01, -1.0
-7.263636363636363E-01,-2.558563813800366E-01,  1.0
-7.445741109528908E-01,-3.118181818181818E-01, -1.0
-7.063636363636363E-01,-2.736363636363636E-01,  1.0
-7.613139901442553E-01,-2.511690979705803E-01, -1.0
-7.263636363636363E-01,-2.172727272727272E-01,  1.0
-7.663636363636364E-01,-2.422662810357503E-01, -1.0
-7.193424950568363E-01,-2.209090909090909E-01,  1.0
-7.263636363636363E-01,-1.427272727272726E-01, -1.0
-7.621614535198300E-01,-1.845454545454545E-01,  1.0
-7.108123523282562E-01,-1.463636363636363E-01, -1.0
-7.863636363636364E-01,-1.081818181818181E-01,  1.0
-7.463636363636363E-01,-1.099999999999999E-01, -1.0
-7.463636363636363E-01,-9.181818181818172E-02,  1.0
-7.063636363636363E-01,-5.363636363636354E-02, -1.0
-7.463636363636363E-01,-6.021393648036504E-02,  1.0
-7.063636363636363E-01, 1.090271137400185E-04, -1.0
-7.463636363636363E-01,-1.909090909090898E-02,  1.0
-7.070609390513543E-01,-9.090909090908005E-04, -1.0
-7.263636363636363E-01, 6.193054538396354E-02,  1.0
-7.863636363636364E-01, 2.247915686732641E-02, -1.0
-7.263636363636363E-01, 5.363636363636375E-02,  1.0
-7.371904058194616E-01, 1.318181818181819E-01, -1.0
-7.263636363636363E-01, 7.000000000000013E-02,  1.0
-7.364660731987311E-01, 1.182112472724405E-01, -1.0
-6.922577166317916E-01, 1.366912329386036E-01,  1.0
-7.463636363636363E-01, 1.592583702617121E-01, -1.0
-7.463636363636363E-01, 1.827272727272729E-01,  1.0
-7.263636363636363E-01, 1.809090909090910E-01, -1.0
-7.463636363636363E-01, 1.919804292508725E-01,  1.0
-7.063636363636363E-01, 2.372727272727274E-01, -1.0
-7.663636363636364E-01, 2.154545454545456E-01,  1.0
-7.463636363636363E-01, 2.736363636363638E-01, -1.0
-7.463636363636363E-01, 3.118181818181820E-01,  1.0
-7.463636363636363E-01, 2.900000000000001E-01, -1.0
-7.650556110134392E-01, 3.081818181818183E-01,  1.0
-7.263636363636363E-01, 3.463636363636365E-01, -1.0
-7.417332868444997E-01, 4.045454545454548E-01,  1.0
-7.263636363636363E-01, 3.427272727272729E-01, -1.0
-7.356650892826846E-01, 4.209090909090911E-01,  1.0
-7.663636363636364E-01, 3.790909090909093E-01, -1.0
-7.463636363636363E-01, 4.372727272727274E-01,  1.0
-7.463636363636363E-01, 4.754545454545456E-01, -1.0
-7.463636363636363E-01, 4.343726096136991E-01,  1.0
-7.263636363636363E-01, 4.718181818181820E-01, -1.0
-7.299654545044437E-01, 4.799708654553808E-01,  1.0
-7.063636363636363E-01, 5.281818181818184E-01, -1.0
-7.263636363636363E-01, 4.863636363636366E-01,  1.0
-7.263636363636363E-01, 5.645454545454547E-01, -1.0
-7.491899173723374E-01, 5.627272727272729E-01,  1.0
-7.168785171216838E-01, 5.663141825330062E-01, -1.0
-7.474693069912316E-01, 5.978858181787550E-01,  1.0
-7.063636363636363E-01, 6.572727272727275E-01, -1.0
-7.463636363636363E-01, 6.554545454545456E-01,  1.0
-6.872705889828469E-01, 6.615327244615509E-01, -1.0
-7.263636363636363E-01, 7.118181818181820E-01,  1.0
-7.663636363636364E-01, 6.979995203195130E-01, -1.0
-7.263636363636363E-01, 7.102657106759106E-01,  1.0
-7.338936938665765E-01, 7.863636363636366E-01, -1.0
-7.363498582568814E-01, 7.255883492495017E-01,  1.0
-7.263636363636363E-01, 7.975635380415560E-01, -1.0
-7.463636363636363E-01, 7.500579147587383E-01,  1.0
-7.145777504432241E-01, 8.190909090909093E-01, -1.0
-6.967781880728838E-01, 7.851815986005496E-01,  1.0
-7.063636363636363E-01, 8.354545454545457E-01, -1.0
-7.663636363636364E-01, 9.081723504247973E-01,  1.0
-7.463636363636363E-01, 8.518181818181820E-01, -1.0
-7.863636363636364E-01, 8.929022286137971E-01,  1.0
-7.481818181818182E-01,-9.300000000000000E-01,  1.0
-7.081818181818181E-01,-8.718181818181818E-01, -1.0
-7.281818181818182E-01,-8.536363636363636E-01,  1.0
-6.727575078368332E-01,-8.354545454545454E-01, -1.0
-7.481818181818182E-01,-8.381860408531787E-01,  1.0
-7.081818181818181E-01,-8.033051286425898E-01, -1.0
-7.481818181818182E-01,-7.809090909090909E-01,  1.0
-7.081818181818181E-01,-7.627272727272727E-01, -1.0
-7.398382734198349E-01,-7.845454545454545E-01,  1.0
-7.081818181818181E-01,-7.463636363636363E-01, -1.0
-7.681818181818182E-01,-7.081818181818181E-01,  1.0
-7.258448567102466E-01,-6.699999999999999E-01, -1.0
-6.681818181818181E-01,-7.118181818181818E-01,  1.0
-7.281818181818182E-01,-6.408937818807058E-01, -1.0
-6.940139509720424E-01,-6.481102362515130E-01,  1.0
-7.160334779335840E-01,-6.239348103313059E-01, -1.0
-7.681818181818182E-01,-5.590909090909091E-01,  1.0
-7.081818181818181E-01,-6.209090909090910E-01, -1.0
-6.681818181818181E-01,-5.227272727272727E-01,  1.0
-7.281818181818182E-01,-5.310249760759910E-01, -1.0
-6.881818181818181E-01,-5.263636363636364E-01,  1.0
-7.281818181818182E-01,-5.481818181818182E-01, -1.0
-7.081818181818181E-01,-4.899999999999999E-01,  1.0
-7.681818181818182E-01,-4.318181818181817E-01, -1.0
-6.681818181818181E-01,-5.031060787470290E-01,  1.0
-7.281818181818182E-01,-4.433501508497976E-01, -1.0
-7.481818181818182E-01,-4.172727272727272E-01,  1.0
-6.683306415461798E-01,-4.390909090909091E-01, -1.0
-6.881818181818181E-01,-4.120671441693226E-01,  1.0
-7.104848771376815E-01,-3.627272727272727E-01, -1.0
-6.681818181818181E-01,-3.045454545454545E-01,  1.0
-7.281818181818182E-01,-3.823538648013692E-01, -1.0
-7.081818181818181E-01,-2.881818181818181E-01,  1.0
-7.281818181818182E-01,-3.500000000000000E-01, -1.0
-7.081818181818181E-01,-2.415364221046245E-01,  1.0
-7.681818181818182E-01,-2.536363636363635E-01, -1.0
-7.281818181818182E-01,-2.354545454545454E-01,  1.0
-7.476539122738932E-01,-2.572727272727272E-01, -1.0
-7.281818181818182E-01,-2.190909090909090E-01,  1.0
-7.081818181818181E-01,-1.437452821249004E-01, -1.0
-7.281818181818182E-01,-2.027272727272727E-01,  1.0
-7.176674883402951E-01,-1.445454545454544E-01, -1.0
-6.898842625004041E-01,-1.063636363636363E-01,  1.0
-7.246324339360156E-01,-1.281818181818181E-01, -1.0
-7.426143437055707E-01,-8.999999999999991E-02,  1.0
-6.881818181818181E-01,-7.181818181818173E-02, -1.0
-7.283644321582800E-01,-9.363636363636353E-02,  1.0
-6.965188126829642E-01,-1.545454545454535E-02, -1.0
-7.585532755365864E-01,-5.727272727272718E-02,  1.0
-6.917834685205397E-01,-1.909090909090898E-02, -1.0
-7.281818181818182E-01, 3.909090909090920E-02,  1.0
-7.081818181818181E-01,-1.282543387459173E-03, -1.0
-7.281818181818182E-01, 6.954667978960759E-02,  1.0
-6.783921913528059E-01, 8.314763403549544E-02, -1.0
-7.281818181818182E-01, 7.181818181818193E-02,  1.0
-7.275723357787152E-01, 1.100000000000001E-01, -1.0
-6.871622654578281E-01, 1.350472977180491E-01,  1.0
-7.281818181818182E-01, 1.263636363636365E-01, -1.0
-7.481818181818182E-01, 1.891373814054481E-01,  1.0
-7.081818181818181E-01, 1.627272727272729E-01, -1.0
-7.481818181818182E-01, 1.968374988924378E-01,  1.0
-6.942637325632340E-01, 2.190909090909092E-01, -1.0
-7.481818181818182E-01, 1.837828308484053E-01,  1.0
-7.281818181818182E-01, 2.754545454545456E-01, -1.0
-7.662087946711243E-01, 2.336363636363638E-01,  1.0
-7.281818181818182E-01, 2.718181818181820E-01, -1.0
-7.481818181818182E-01, 3.255957681665679E-01,  1.0
-7.111263616955361E-01, 3.616564865200657E-01, -1.0
-7.681818181818182E-01, 3.263636363636365E-01,  1.0
-7.081818181818181E-01, 3.481198191325297E-01, -1.0
-7.380275724651640E-01, 4.227272727272730E-01,  1.0
-7.281818181818182E-01, 3.609090909090911E-01, -1.0
-7.373387925653190E-01, 4.074039291455847E-01,  1.0
-6.881818181818181E-01, 3.972727272727274E-01, -1.0
-7.281818181818182E-01, 4.554545454545456E-01,  1.0
-7.098856685749316E-01, 4.736363636363638E-01, -1.0
-7.281818181818182E-01, 4.718181818181820E-01,  1.0
-7.154047204058309E-01, 5.300000000000002E-01, -1.0
-7.281818181818182E-01, 4.966829752122128E-01,  1.0
-7.081818181818181E-01, 5.463636363636366E-01, -1.0
-6.681818181818181E-01, 5.500217005902882E-01,  1.0
-7.081818181818181E-01, 5.827272727272729E-01, -1.0
-6.916406819453056E-01, 5.963891876580238E-01,  1.0
-7.158001058818475E-01, 5.790909090909092E-01, -1.0
-7.496334089257486E-01, 6.097066740437149E-01,  1.0
-6.943184469894506E-01, 6.554545454545456E-01, -1.0
-7.481818181818182E-01, 6.617553460146333E-01,  1.0
-7.081818181818181E-01, 6.568957577031032E-01, -1.0
-7.081818181818181E-01, 7.300000000000002E-01,  1.0
-7.481818181818182E-01, 7.681818181818184E-01, -1.0
-6.881818181818181E-01, 7.263636363636365E-01,  1.0
-7.281818181818182E-01, 7.845454545454548E-01, -1.0
-6.881818181818181E-01, 7.427272727272729E-01,  1.0
-7.309972745118207E-01, 7.809090909090911E-01, -1.0
-6.881818181818181E-01, 7.990909090909093E-01,  1.0
-7.281818181818182E-01, 8.372727272727275E-01, -1.0
-7.481818181818182E-01, 8.885883761004196E-01,  1.0
-7.081818181818181E-01, 8.536363636363639E-01, -1.0
-7.481818181818182E-01, 8.718276771370931E-01,  1.0
-7.063876731397245E-01, 8.700000000000002E-01, -1.0
-7.100000000000000E-01,-8.900000000000000E-01, -1.0
-6.785344612801101E-01,-9.252646350835886E-01,  1.0
-7.100000000000000E-01,-8.536363636363636E-01, -1.0
-6.849654397924999E-01,-8.954545454545455E-01,  1.0
-6.699999999999999E-01,-8.372727272727273E-01, -1.0
-7.300000000000000E-01,-7.790909090909091E-01,  1.0
-6.899999999999999E-01,-8.197418377499555E-01, -1.0
-7.068580230594884E-01,-7.827272727272727E-01,  1.0
-7.023035266891337E-01,-7.363029716875246E-01, -1.0
-6.699999999999999E-01,-7.063636363636363E-01,  1.0
-7.100000000000000E-01,-7.281818181818182E-01, -1.0
-6.699999999999999E-01,-7.001503471269769E-01,  1.0
-7.300000000000000E-01,-6.518181818181817E-01, -1.0
-6.699999999999999E-01,-6.936363636363636E-01,  1.0
-7.149492933324020E-01,-6.354545454545454E-01, -1.0
-6.499999999999999E-01,-5.772727272727272E-01,  1.0
-7.100000000000000E-01,-6.190909090909091E-01, -1.0
-6.646102952359855E-01,-5.409090909090909E-01,  1.0
-7.100000000000000E-01,-6.027272727272728E-01, -1.0
-6.699999999999999E-01,-5.245454545454545E-01,  1.0
-7.100000000000000E-01,-5.863636363636364E-01, -1.0
-6.635908530655660E-01,-5.281818181818182E-01,  1.0
-7.125801015149209E-01,-5.299999999999999E-01, -1.0
-6.699999999999999E-01,-5.118181818181817E-01,  1.0
-7.100000000000000E-01,-4.536363636363636E-01, -1.0
-6.852056568299789E-01,-4.954545454545455E-01,  1.0
-6.859455725463990E-01,-4.572727272727273E-01, -1.0
-6.699999999999999E-01,-3.990909090909091E-01,  1.0
-7.100000000000000E-01,-3.809090909090909E-01, -1.0
-6.699999999999999E-01,-4.166181401931808E-01,  1.0
-7.300000000000000E-01,-3.645454545454545E-01, -1.0
-6.899999999999999E-01,-2.863636363636363E-01,  1.0
-7.245825488542892E-01,-3.681818181818182E-01, -1.0
-6.899999999999999E-01,-2.699999999999999E-01,  1.0
-6.699999999999999E-01,-2.518181818181817E-01, -1.0
-7.100000000000000E-01,-2.536363636363635E-01,  1.0
-6.699999999999999E-01,-2.354545454545454E-01, -1.0
-7.100000000000000E-01,-2.726444081276954E-01,  1.0
-6.699999999999999E-01,-1.990909090909090E-01, -1.0
-7.284453406711251E-01,-2.008458901672117E-01,  1.0
-7.212724401681673E-01,-1.427272727272726E-01, -1.0
-7.082013703902761E-01,-2.045454545454545E-01,  1.0
-7.100000000000000E-01,-1.350118906920391E-01, -1.0
-6.699999999999999E-01,-1.143434266247434E-01,  1.0
-6.899999999999999E-01,-6.999999999999992E-02, -1.0
-7.500000000000000E-01,-6.686513181863661E-02,  1.0
-6.699999999999999E-01,-3.363636363636354E-02, -1.0
-7.178030971231349E-01,-7.460126316340651E-02,  1.0
-7.100000000000000E-01,-1.727272727272717E-02, -1.0
-6.499999999999999E-01, 1.360195397018727E-02,  1.0
-7.100000000000000E-01,-9.090909090908022E-04, -1.0
-7.100000000000000E-01, 5.095390669149649E-02,  1.0
-6.499999999999999E-01, 7.545454545454557E-02, -1.0
-7.300000000000000E-01, 5.363636363636375E-02,  1.0
-6.706463103265544E-01, 7.181818181818193E-02, -1.0
-7.100000000000000E-01, 7.000000000000013E-02,  1.0
-7.300000000000000E-01, 1.081818181818183E-01, -1.0
-6.899999999999999E-01, 1.263636363636365E-01,  1.0
-7.100000000000000E-01, 1.645454545454547E-01, -1.0
-6.835527963304688E-01, 1.227272727272728E-01,  1.0
-7.009748499166375E-01, 2.333546365172222E-01, -1.0
-6.631782403660169E-01, 1.790909090909092E-01,  1.0
-7.100000000000000E-01, 2.572727272727274E-01, -1.0
-7.500000000000000E-01, 2.154545454545456E-01,  1.0
-7.100000000000000E-01, 2.736363636363638E-01, -1.0
-7.300000000000000E-01, 3.118181818181820E-01,  1.0
-6.910003054069507E-01, 2.700000000000001E-01, -1.0
-7.300000000000000E-01, 3.081818181818183E-01,  1.0
-7.100000000000000E-01, 3.463636363636365E-01, -1.0
-6.499999999999999E-01, 3.245454545454547E-01,  1.0
-7.100000000000000E-01, 3.427272727272729E-01, -1.0
-7.300000000000000E-01, 4.209090909090911E-01,  1.0
-6.877448489048755E-01, 3.790909090909093E-01, -1.0
-7.100000000000000E-01, 4.372727272727274E-01,  1.0
-6.699999999999999E-01, 4.554545454545456E-01, -1.0
-7.100000000000000E-01, 4.536363636363638E-01,  1.0
-6.699999999999999E-01, 4.718181818181820E-01, -1.0
-7.300000000000000E-01, 4.700000000000002E-01,  1.0
-6.899999999999999E-01, 5.281818181818184E-01, -1.0
-6.833773177023745E-01, 5.566157786111954E-01,  1.0
-7.100000000000000E-01, 5.645454545454547E-01, -1.0
-6.499999999999999E-01, 5.427272727272728E-01,  1.0
-6.899999999999999E-01, 6.209090909090911E-01, -1.0
-6.899999999999999E-01, 5.790909090909092E-01,  1.0
-6.699999999999999E-01, 6.572727272727275E-01, -1.0
-6.787302418548109E-01, 6.954545454545457E-01,  1.0
-6.899999999999999E-01, 6.515677631968622E-01, -1.0
-6.899999999999999E-01, 7.118181818181820E-01,  1.0
-7.100000000000000E-01, 6.700000000000002E-01, -1.0
-6.899999999999999E-01, 7.139768951492105E-01,  1.0
-7.100000000000000E-01, 6.863636363636365E-01, -1.0
-6.899999999999999E-01, 7.300287737420591E-01,  1.0
-7.300000000000000E-01, 7.956721841972926E-01, -1.0
-6.904972173061843E-01, 7.418853413046814E-01,  1.0
-7.147945545430108E-01, 8.390909090909093E-01, -1.0
-6.989021483705241E-01, 7.972727272727275E-01,  1.0
-6.899999999999999E-01, 8.354545454545457E-01, -1.0
-7.300000000000000E-01, 8.736363636363639E-01,  1.0
-7.018695891765863E-01, 8.677710982106009E-01, -1.0
-7.500000000000000E-01, 9.500000000000003E-01,  1.0
-7.036296517271683E-01,-9.497478793272474E-01,  1.0
-6.918181818181818E-01,-8.718181818181818E-01, -1.0
-6.918181818181818E-01,-9.136363636363637E-01,  1.0
-6.518181818181817E-01,-8.354545454545454E-01, -1.0
-6.718181818181818E-01,-8.039241935713700E-01,  1.0
-6.918181818181818E-01,-8.190909090909091E-01, -1.0
-6.537945853278189E-01,-8.009090909090909E-01,  1.0
-7.148912039036509E-01,-7.427272727272727E-01, -1.0
-6.525287664578483E-01,-7.445454545454545E-01,  1.0
-7.118181818181818E-01,-7.463636363636363E-01, -1.0
-6.718181818181818E-01,-7.081818181818181E-01,  1.0
-6.918181818181818E-01,-7.100000000000000E-01, -1.0
-6.718181818181818E-01,-7.009560587363334E-01,  1.0
-7.318181818181818E-01,-6.536363636363636E-01, -1.0
-6.718181818181818E-01,-6.754545454545454E-01,  1.0
-7.118181818181818E-01,-6.172521765591900E-01, -1.0
-6.718181818181818E-01,-5.626812349282730E-01,  1.0
-6.962233296874585E-01,-6.209090909090910E-01, -1.0
-6.584968701304288E-01,-5.427272727272727E-01,  1.0
-7.118181818181818E-01,-5.834889250309765E-01, -1.0
-6.718181818181818E-01,-5.263636363636364E-01,  1.0
-7.118181818181818E-01,-5.664393501106921E-01, -1.0
-6.718181818181818E-01,-5.099999999999999E-01,  1.0
-7.118181818181818E-01,-4.518181818181817E-01, -1.0
-6.718181818181818E-01,-5.136363636363637E-01,  1.0
-6.918181818181818E-01,-4.554545454545454E-01, -1.0
-6.518181818181817E-01,-4.083160609909020E-01,  1.0
-6.851033081500453E-01,-4.190909090909091E-01, -1.0
-6.518181818181817E-01,-3.593676978742375E-01,  1.0
-7.162384117340080E-01,-3.710121032846225E-01, -1.0
-6.518181818181817E-01,-3.245454545454545E-01,  1.0
-7.318181818181818E-01,-3.663636363636363E-01, -1.0
-6.718181818181818E-01,-2.881818181818181E-01,  1.0
-7.221772606972358E-01,-3.387940779543862E-01, -1.0
-6.918181818181818E-01,-2.719307650193172E-01,  1.0
-6.885323391816106E-01,-2.536363636363635E-01, -1.0
-6.318181818181817E-01,-2.554545454545454E-01,  1.0
-6.518181818181817E-01,-1.972727272727272E-01, -1.0
-7.158866713459140E-01,-2.132246146552924E-01,  1.0
-7.118181818181818E-01,-1.409090909090908E-01, -1.0
-7.114989034595194E-01,-2.227272727272727E-01,  1.0
-7.318181818181818E-01,-1.420045736703537E-01, -1.0
-6.718181818181818E-01,-1.263636363636363E-01,  1.0
-6.318181818181817E-01,-1.281818181818181E-01, -1.0
-6.718181818181818E-01,-1.010124812537966E-01,  1.0
-6.971963683879009E-01,-5.181818181818172E-02, -1.0
-6.713006674357586E-01,-1.110842068479102E-01,  1.0
-6.642147260816648E-01,-3.545454545454536E-02, -1.0
-6.918181818181818E-01,-2.191412532940282E-02,  1.0
-6.918181818181818E-01,-3.084989760689705E-03, -1.0
-6.702804419480524E-01, 1.909090909090920E-02,  1.0
-6.918181818181818E-01,-2.727272727272616E-03, -1.0
-6.533600502465481E-01, 1.545454545454556E-02,  1.0
-6.518181818181817E-01, 7.363636363636375E-02, -1.0
-6.918181818181818E-01, 5.066695320688800E-02,  1.0
-6.518181818181817E-01, 9.000000000000012E-02, -1.0
-6.918181818181818E-01, 1.281818181818183E-01,  1.0
-6.318181818181817E-01, 1.292242622599285E-01, -1.0
-6.918181818181818E-01, 1.445454545454547E-01,  1.0
-6.406388137274502E-01, 1.646476974503036E-01, -1.0
-6.718181818181818E-01, 1.609090909090910E-01,  1.0
-7.118181818181818E-01, 2.276014764334972E-01, -1.0
-6.399616015835852E-01, 2.172727272727274E-01,  1.0
-6.918181818181818E-01, 2.554545454545456E-01, -1.0
-6.513324709795766E-01, 2.136363636363637E-01,  1.0
-6.918181818181818E-01, 2.718181818181820E-01, -1.0
-6.518181818181817E-01, 3.100000000000002E-01,  1.0
-6.918181818181818E-01, 2.881818181818183E-01, -1.0
-6.402498244981402E-01, 3.663636363636366E-01,  1.0
-7.118181818181818E-01, 3.645454545454547E-01, -1.0
-6.718181818181818E-01, 3.799231120574978E-01,  1.0
-7.158899413847190E-01, 3.582531644463892E-01, -1.0
-7.026655585889405E-01, 4.390909090909093E-01,  1.0
-6.518181818181817E-01, 4.720149672663059E-01, -1.0
-7.118181818181818E-01, 4.354545454545456E-01,  1.0
-6.518181818181817E-01, 4.536363636363638E-01, -1.0
-7.118181818181818E-01, 4.718181818181820E-01,  1.0
-6.982847016599888E-01, 5.300000000000002E-01, -1.0
-7.006529486947172E-01, 4.881818181818184E-01,  1.0
-7.050147652381158E-01, 5.263636363636366E-01, -1.0
-6.718181818181818E-01, 5.266116069290129E-01,  1.0
-7.118181818181818E-01, 5.595101754567605E-01, -1.0
-6.518181818181817E-01, 5.809090909090910E-01,  1.0
-6.982110199727223E-01, 6.190909090909092E-01, -1.0
-7.318181818181818E-01, 6.104308730332998E-01,  1.0
-6.718181818181818E-01, 6.420807215585200E-01, -1.0
-6.816583626016596E-01, 7.136363636363638E-01,  1.0
-6.918181818181818E-01, 6.518181818181820E-01, -1.0
-6.918181818181818E-01, 7.300000000000002E-01,  1.0
-7.118181818181818E-01, 6.881818181818183E-01, -1.0
-6.918181818181818E-01, 7.263636363636365E-01,  1.0
-7.318181818181818E-01, 7.845454545454548E-01, -1.0
-6.918181818181818E-01, 7.251663574950946E-01,  1.0
-6.718181818181818E-01, 8.209090909090911E-01, -1.0
-6.718181818181818E-01, 7.790909090909093E-01,  1.0
-6.718181818181818E-01, 8.172727272727275E-01, -1.0
-6.518181818181817E-01, 8.754545454545457E-01,  1.0
-7.022353328028267E-01, 8.536363636363639E-01, -1.0
-6.518181818181817E-01, 8.918181818181821E-01,  1.0
-7.005881183176162E-01, 8.867318855766505E-01, -1.0
-6.136363636363635E-01,-8.755043067476940E-01, -1.0
-6.936363636363636E-01,-9.318181818181819E-01,  1.0
-6.691402595403504E-01,-8.479318990209005E-01, -1.0
-6.736363636363636E-01,-8.867232736160562E-01,  1.0
-6.896691074644619E-01,-8.372727272727273E-01, -1.0
-6.533153791971419E-01,-8.039766448984343E-01,  1.0
-6.880529137749962E-01,-7.845558844779069E-01, -1.0
-6.336363636363636E-01,-7.627272727272727E-01,  1.0
-6.799194523702122E-01,-7.751877264527381E-01, -1.0
-6.736363636363636E-01,-7.263636363636363E-01,  1.0
-6.336363636363636E-01,-6.967512401170247E-01, -1.0
-6.736363636363636E-01,-6.952113764973950E-01,  1.0
-6.336363636363636E-01,-6.718181818181818E-01, -1.0
-6.443551294095825E-01,-6.536363636363636E-01,  1.0
-6.313352311239062E-01,-6.769643409326678E-01, -1.0
-6.536363636363636E-01,-6.684897483803305E-01,  1.0
-6.936363636363636E-01,-6.190909090909091E-01, -1.0
-6.281252820244245E-01,-5.881560009246904E-01,  1.0
-6.895338675352786E-01,-6.059606209162430E-01, -1.0
-6.608084220197293E-01,-5.245454545454545E-01,  1.0
-6.936363636363636E-01,-5.863636363636364E-01, -1.0
-6.608967137272931E-01,-5.404389128705781E-01,  1.0
-6.136363636363635E-01,-5.299999999999999E-01, -1.0
-6.736363636363636E-01,-5.103405076450318E-01,  1.0
-6.736363636363636E-01,-4.536363636363636E-01, -1.0
-6.173848561764241E-01,-4.136594347362536E-01,  1.0
-6.866905185075181E-01,-4.399572975099303E-01, -1.0
-6.136363636363635E-01,-4.017050901098389E-01,  1.0
-6.936363636363636E-01,-3.883768653150972E-01, -1.0
-6.336363636363636E-01,-3.427272727272727E-01,  1.0
-7.136363636363636E-01,-3.845454545454545E-01, -1.0
-6.650851315371568E-01,-3.146753102734691E-01,  1.0
-6.536363636363636E-01,-3.481818181818181E-01, -1.0
-6.699838710124904E-01,-2.899999999999999E-01,  1.0
-6.846875143352954E-01,-2.518181818181817E-01, -1.0
-6.936363636363636E-01,-2.736363636363636E-01,  1.0
-6.736363636363636E-01,-2.354545454545454E-01, -1.0
-7.136363636363636E-01,-2.371290859609705E-01,  1.0
-6.336363636363636E-01,-1.772696187345742E-01, -1.0
-6.936363636363636E-01,-2.009090909090908E-01,  1.0
-6.336363636363636E-01,-1.427272727272726E-01, -1.0
-6.600963628357907E-01,-1.822537183270480E-01,  1.0
-6.336363636363636E-01,-1.336544913446890E-01, -1.0
-6.536363636363636E-01,-1.081818181818181E-01,  1.0
-6.536363636363636E-01,-4.999999999999992E-02, -1.0
-6.536363636363636E-01,-9.181818181818172E-02,  1.0
-6.736363636363636E-01,-3.363636363636354E-02, -1.0
-6.278457035499495E-01,-9.545454545454535E-02,  1.0
-6.633937884242131E-01,-3.727272727272717E-02, -1.0
-6.336363636363636E-01, 9.090909090910138E-04,  1.0
-6.336363636363636E-01, 5.909090909090921E-02, -1.0
-6.136363636363635E-01,-2.727272727272616E-03,  1.0
-6.409618448674768E-01, 7.545454545454557E-02, -1.0
-6.936363636363636E-01, 3.363636363636375E-02,  1.0
-6.536363636363636E-01, 9.181818181818192E-02, -1.0
-6.936363636363636E-01, 1.300000000000001E-01,  1.0
-6.269901312786819E-01, 9.645624866675746E-02, -1.0
-6.936363636363636E-01, 1.263636363636365E-01,  1.0
-6.336363636363636E-01, 1.045454545454547E-01, -1.0
-6.736363636363636E-01, 1.427272727272728E-01,  1.0
-6.392360901592231E-01, 1.609090909090910E-01, -1.0
-6.318722592433281E-01, 1.990909090909092E-01,  1.0
-7.136363636363636E-01, 2.372727272727274E-01, -1.0
-6.336363636363636E-01, 2.154545454545456E-01,  1.0
-6.936363636363636E-01, 2.736363636363638E-01, -1.0
-6.536363636363636E-01, 3.283087803390426E-01,  1.0
-6.736363636363636E-01, 2.900000000000001E-01, -1.0
-6.536363636363636E-01, 3.281818181818184E-01,  1.0
-6.736363636363636E-01, 3.463636363636365E-01, -1.0
-6.536363636363636E-01, 3.613237882331614E-01,  1.0
-7.037278682257775E-01, 3.667607178272666E-01, -1.0
-7.108210651345178E-01, 4.409090909090911E-01,  1.0
-6.469723695990188E-01, 4.190909090909093E-01, -1.0
-6.136363636363635E-01, 4.159819799363454E-01,  1.0
-6.536363636363636E-01, 4.554545454545456E-01, -1.0
-7.136363636363636E-01, 4.736363636363638E-01,  1.0
-6.536363636363636E-01, 4.718181818181820E-01, -1.0
-6.536363636363636E-01, 5.300000000000002E-01,  1.0
-7.086393677247635E-01, 5.281818181818184E-01, -1.0
-6.536363636363636E-01, 5.463636363636366E-01,  1.0
-7.136363636363636E-01, 5.507905157523684E-01, -1.0
-6.516721382259956E-01, 5.620109342666962E-01,  1.0
-6.847502033928750E-01, 6.297896382537848E-01, -1.0
-6.736363636363636E-01, 5.790909090909092E-01,  1.0
-6.736363636363636E-01, 6.572727272727275E-01, -1.0
-6.159332919380226E-01, 6.354545454545456E-01,  1.0
-6.892051817949544E-01, 6.384801340212986E-01, -1.0
-6.136363636363635E-01, 6.518181818181820E-01,  1.0
-6.736363636363636E-01, 6.598611772864108E-01, -1.0
-6.769531752939932E-01, 7.280081670479527E-01,  1.0
-6.480760791180091E-01, 7.663636363636366E-01, -1.0
-6.736363636363636E-01, 7.107194845366919E-01,  1.0
-6.460605505140541E-01, 7.546550380158472E-01, -1.0
-6.736363636363636E-01, 7.609090909090911E-01,  1.0
-6.624752845707977E-01, 8.190909090909093E-01, -1.0
-6.669893362145439E-01, 8.489772530156571E-01,  1.0
-6.936363636363636E-01, 8.354545454545457E-01, -1.0
-6.536363636363636E-01, 8.723135069314052E-01,  1.0
-6.936363636363636E-01, 8.718181818181820E-01, -1.0
-6.487066614182939E-01, 9.500000000000003E-01,  1.0
-6.754545454545454E-01,-9.100000000000000E-01,  1.0
-6.554545454545454E-01,-8.518181818181818E-01, -1.0
-6.354545454545454E-01,-8.987390944767988E-01,  1.0
-6.712277424048380E-01,-8.354545454545454E-01, -1.0
-6.430618189802513E-01,-8.063350115640436E-01,  1.0
-6.754545454545454E-01,-7.790909090909091E-01, -1.0
-6.354545454545454E-01,-8.009090909090909E-01,  1.0
-6.738916586835123E-01,-7.827272727272727E-01, -1.0
-6.490651808617292E-01,-7.645454545454545E-01,  1.0
-6.154545454545454E-01,-7.114256191800933E-01, -1.0
-6.554545454545454E-01,-7.081818181818181E-01,  1.0
-6.154545454545454E-01,-6.899999999999999E-01, -1.0
-6.754545454545454E-01,-6.918181818181818E-01,  1.0
-6.280203045211675E-01,-6.736363636363636E-01, -1.0
-5.954545454545453E-01,-6.164507459038859E-01,  1.0
-6.633853579440844E-01,-6.172727272727272E-01, -1.0
-5.954545454545453E-01,-5.910869710594023E-01,  1.0
-6.954545454545454E-01,-6.131574992109304E-01, -1.0
-6.554545454545454E-01,-5.237841626759995E-01,  1.0
-6.154545454545454E-01,-5.314952337145025E-01, -1.0
-6.539937533543404E-01,-5.263636363636364E-01,  1.0
-6.154545454545454E-01,-5.216436359242479E-01, -1.0
-6.554545454545454E-01,-5.299999999999999E-01,  1.0
-6.430539519298359E-01,-4.918181818181817E-01, -1.0
-6.589807931312276E-01,-5.136363636363637E-01,  1.0
-6.754545454545454E-01,-4.354545454545454E-01, -1.0
-6.174862869070668E-01,-4.098672252793794E-01,  1.0
-6.954545454545454E-01,-4.190909090909091E-01, -1.0
-6.154545454545454E-01,-3.609090909090908E-01,  1.0
-6.693901561114912E-01,-4.027272727272727E-01, -1.0
-6.154545454545454E-01,-3.445454545454545E-01,  1.0
-6.447299444406549E-01,-3.463636363636363E-01, -1.0
-6.559112212653532E-01,-2.881818181818181E-01,  1.0
-6.554545454545454E-01,-3.300000000000000E-01, -1.0
-6.488407227894462E-01,-2.918181818181818E-01,  1.0
-6.754545454545454E-01,-2.536363636363635E-01, -1.0
-6.354545454545454E-01,-2.554545454545454E-01,  1.0
-6.554545454545454E-01,-1.980473977751828E-01, -1.0
-6.255978335908046E-01,-2.538794983659600E-01,  1.0
-6.554545454545454E-01,-2.060117627533189E-01, -1.0
-6.754545454545454E-01,-1.827272727272727E-01,  1.0
-6.154545454545454E-01,-1.245454545454544E-01, -1.0
-6.778763698266957E-01,-1.663636363636363E-01,  1.0
-6.154545454545454E-01,-1.430330791902154E-01, -1.0
-6.234579164441064E-01,-8.999999999999991E-02,  1.0
-6.554545454545454E-01,-5.181818181818172E-02, -1.0
-6.354545454545454E-01,-9.363636363636353E-02,  1.0
-6.554545454545454E-01,-3.545454545454536E-02, -1.0
-5.954545454545453E-01,-1.727272727272717E-02,  1.0
-6.754545454545454E-01,-3.909090909090899E-02, -1.0
-5.954545454545453E-01,-9.090909090908005E-04,  1.0
-6.754545454545454E-01,-2.272727272727262E-02, -1.0
-6.354545454545454E-01, 1.545454545454556E-02,  1.0
-6.440425590706254E-01, 9.363636363636374E-02, -1.0
-6.754545454545454E-01, 5.181818181818193E-02,  1.0
-6.554545454545454E-01, 7.206138052122224E-02, -1.0
-6.754545454545454E-01, 1.281818181818183E-01,  1.0
-6.354545454545454E-01, 1.063636363636365E-01, -1.0
-6.754545454545454E-01, 1.445454545454547E-01,  1.0
-6.951921235958510E-01, 2.027272727272729E-01, -1.0
-6.354545454545454E-01, 2.009090909090910E-01,  1.0
-6.754324300211805E-01, 1.790909090909092E-01, -1.0
-6.206762205224967E-01, 2.172727272727274E-01,  1.0
-6.754545454545454E-01, 2.714921889599333E-01, -1.0
-6.154545454545454E-01, 2.267320405320687E-01,  1.0
-6.748132269634232E-01, 2.682748116196261E-01, -1.0
-6.437016168199391E-01, 3.300000000000002E-01,  1.0
-6.154545454545454E-01, 3.081818181818183E-01, -1.0
-6.554545454545454E-01, 3.263636363636365E-01,  1.0
-6.484854338776576E-01, 4.014133729622869E-01, -1.0
-6.485244890635496E-01, 3.627272727272729E-01,  1.0
-6.557601051337675E-01, 4.365668942637294E-01, -1.0
-6.154545454545454E-01, 3.990909090909093E-01,  1.0
-6.554545454545454E-01, 4.572727272727274E-01, -1.0
-6.881823219151854E-01, 4.024612028171098E-01,  1.0
-6.554545454545454E-01, 4.736363636363638E-01, -1.0
-6.354545454545454E-01, 4.918181818181819E-01,  1.0
-6.554545454545454E-01, 4.700000000000002E-01, -1.0
-6.455094035342881E-01, 5.253868684196153E-01,  1.0
-5.954545454545453E-01, 5.463636363636366E-01, -1.0
-6.554545454545454E-01, 5.445454545454547E-01,  1.0
-6.154545454545454E-01, 5.627272727272729E-01, -1.0
-6.354545454545454E-01, 6.009090909090911E-01,  1.0
-6.754545454545454E-01, 6.501333812948006E-01, -1.0
-6.354545454545454E-01, 6.172727272727274E-01,  1.0
-6.554545454545454E-01, 6.754545454545456E-01, -1.0
-6.351242768154290E-01, 6.336363636363638E-01,  1.0
-6.554545454545454E-01, 6.781207510277852E-01, -1.0
-6.954545454545454E-01, 7.208308384948362E-01,  1.0
-6.554545454545454E-01, 7.481818181818184E-01, -1.0
-6.729985890714019E-01, 7.263636363636365E-01,  1.0
-6.422209169995664E-01, 7.645454545454548E-01, -1.0
-6.754545454545454E-01, 7.749244952790563E-01,  1.0
-6.354545454545454E-01, 7.885026824410664E-01, -1.0
-6.548644843966391E-01, 7.790909090909093E-01,  1.0
-6.554545454545454E-01, 8.172727272727275E-01, -1.0
-6.154545454545454E-01, 8.526099230186259E-01,  1.0
-6.354545454545454E-01, 8.625947133113460E-01, -1.0
-6.554545454545454E-01, 8.918181818181821E-01,  1.0
-6.357763515129256E-01, 8.900000000000002E-01, -1.0
-6.730841417490461E-01,-8.578855321665190E-01, -1.0
-6.372727272727272E-01,-8.918181818181818E-01,  1.0
-6.085134235641210E-01,-8.336363636363636E-01, -1.0
-6.372727272727272E-01,-8.154545454545454E-01,  1.0
-5.972727272727272E-01,-8.372727272727273E-01, -1.0
-6.234047704924540E-01,-7.790909090909091E-01,  1.0
-6.765768599480472E-01,-8.409090909090909E-01, -1.0
-6.192443760839349E-01,-7.673532779501779E-01,  1.0
-6.182535720285465E-01,-7.245454545454545E-01, -1.0
-6.372727272727272E-01,-7.463636363636363E-01,  1.0
-6.172727272727272E-01,-7.081818181818181E-01, -1.0
-6.572727272727272E-01,-7.100000000000000E-01,  1.0
-6.172727272727272E-01,-7.073151279139437E-01, -1.0
-6.572727272727272E-01,-6.536363636363636E-01,  1.0
-6.756257278021712E-01,-6.154545454545454E-01, -1.0
-5.772727272727272E-01,-6.275496942609372E-01,  1.0
-6.456949012110944E-01,-6.590909090909092E-01, -1.0
-6.172727272727272E-01,-5.838771189165440E-01,  1.0
-6.772727272727272E-01,-6.027272727272728E-01, -1.0
-6.547198365444469E-01,-5.405726510165726E-01,  1.0
-5.972727272727272E-01,-5.263636363636364E-01, -1.0
-6.572727272727272E-01,-5.281818181818182E-01,  1.0
-6.141760428905072E-01,-5.299999999999999E-01, -1.0
-5.953937795946070E-01,-4.718181818181817E-01,  1.0
-6.572727272727272E-01,-4.536363636363636E-01, -1.0
-6.171246231625094E-01,-4.154545454545454E-01,  1.0
-6.772727272727272E-01,-4.389103669955595E-01, -1.0
-6.172727272727272E-01,-3.990909090909091E-01,  1.0
-6.772727272727272E-01,-3.843599867753696E-01, -1.0
-5.972727272727272E-01,-3.562152722702776E-01,  1.0
-6.772727272727272E-01,-4.036431593067852E-01, -1.0
-6.321739773686187E-01,-3.063636363636363E-01,  1.0
-6.572727272727272E-01,-3.481818181818181E-01, -1.0
-6.572727272727272E-01,-2.699999999999999E-01,  1.0
-6.024674154172900E-01,-3.061870225375716E-01, -1.0
-6.372727272727272E-01,-2.608785536353926E-01,  1.0
-6.572727272727272E-01,-2.154545454545453E-01, -1.0
-6.093067740341641E-01,-2.480758381850594E-01,  1.0
-6.372727272727272E-01,-1.838477718080890E-01, -1.0
-5.803911345520293E-01,-2.209090909090909E-01,  1.0
-6.144248233412749E-01,-1.427272727272726E-01, -1.0
-6.772727272727272E-01,-1.645454545454545E-01,  1.0
-6.274485527215545E-01,-1.463636363636363E-01, -1.0
-6.270219129670529E-01,-8.818181818181811E-02,  1.0
-6.325211386768401E-01,-6.999999999999992E-02, -1.0
-6.772727272727272E-01,-7.181818181818173E-02,  1.0
-6.772727272727272E-01,-7.363636363636354E-02, -1.0
-6.172727272727272E-01, 4.545454545454646E-03,  1.0
-6.772727272727272E-01,-3.727272727272717E-02, -1.0
-5.972727272727272E-01, 1.220901740747594E-02,  1.0
-6.289219117931838E-01, 5.909090909090921E-02, -1.0
-6.234554461100332E-01,-2.727272727272616E-03,  1.0
-6.528882446191520E-01, 7.545454545454557E-02, -1.0
-5.772727272727272E-01, 5.363636363636375E-02,  1.0
-6.372727272727272E-01, 9.181818181818192E-02, -1.0
-5.991982611754544E-01, 1.500000000000001E-01,  1.0
-6.172727272727272E-01, 8.818181818181832E-02, -1.0
-5.915366928257506E-01, 1.675972609450342E-01,  1.0
-6.463822311997915E-01, 1.527649260831077E-01, -1.0
-6.244926814472584E-01, 2.179039587620066E-01,  1.0
-6.372727272727272E-01, 1.470813148013404E-01, -1.0
-6.172727272727272E-01, 2.190909090909092E-01,  1.0
-5.972727272727272E-01, 2.572727272727274E-01, -1.0
-6.234205516464474E-01, 2.154545454545456E-01,  1.0
-6.045549733176926E-01, 2.536363636363638E-01, -1.0
-6.605998340791600E-01, 3.118181818181820E-01,  1.0
-6.172727272727272E-01, 2.900000000000001E-01, -1.0
-6.372727272727272E-01, 2.849972462404511E-01,  1.0
-6.172727272727272E-01, 3.063636363636365E-01, -1.0
-6.172727272727272E-01, 3.664459151176580E-01,  1.0
-6.311291651961022E-01, 4.027272727272729E-01, -1.0
-6.372727272727272E-01, 3.609090909090911E-01,  1.0
-6.372727272727272E-01, 4.590909090909093E-01, -1.0
-6.172727272727272E-01, 4.188281846519033E-01,  1.0
-6.372727272727272E-01, 4.554545454545456E-01, -1.0
-6.154237673313453E-01, 4.136363636363637E-01,  1.0
-6.572727272727272E-01, 4.640749773224210E-01, -1.0
-6.221085233348806E-01, 4.900000000000002E-01,  1.0
-6.514440795362546E-01, 4.800533689059103E-01, -1.0
-6.572727272727272E-01, 5.356710843006497E-01,  1.0
-6.172727272727272E-01, 5.626714979417915E-01, -1.0
-6.572727272727272E-01, 5.627272727272729E-01,  1.0
-5.813836218440893E-01, 5.609090909090910E-01, -1.0
-6.330315847788910E-01, 5.990909090909092E-01,  1.0
-6.772727272727272E-01, 6.572727272727275E-01, -1.0
-6.172727272727272E-01, 6.328340062381440E-01,  1.0
-6.471381077042340E-01, 6.936363636363638E-01, -1.0
-6.334743492750028E-01, 6.524827928945819E-01,  1.0
-5.972727272727272E-01, 7.100000000000002E-01, -1.0
-6.572727272727272E-01, 7.281818181818184E-01,  1.0
-6.372727272727272E-01, 7.588954705116704E-01, -1.0
-5.972727272727272E-01, 7.645454545454548E-01,  1.0
-6.572727272727272E-01, 7.827272727272729E-01, -1.0
-5.972727272727272E-01, 7.609090909090911E-01,  1.0
-6.372727272727272E-01, 7.990909090909093E-01, -1.0
-5.972727272727272E-01, 8.172727272727275E-01,  1.0
-6.238403258538180E-01, 8.554545454545457E-01, -1.0
-5.972727272727272E-01, 8.336363636363638E-01,  1.0
-6.372727272727272E-01, 8.868920705339686E-01, -1.0
-6.572727272727272E-01, 9.500000000000003E-01,  1.0
-5.992066348205044E-01,-9.500000000000001E-01,  1.0
-6.117652985416224E-01,-8.718181818181818E-01, -1.0
-6.356520675225175E-01,-8.841539809961754E-01,  1.0
-5.790909090909091E-01,-8.194803499716746E-01, -1.0
-6.390909090909092E-01,-7.972727272727272E-01,  1.0
-5.790909090909091E-01,-8.386418044763109E-01, -1.0
-5.858044835289659E-01,-7.609090909090909E-01,  1.0
-5.929701749475259E-01,-7.876572676028184E-01, -1.0
-6.190909090909091E-01,-7.645454545454545E-01,  1.0
-6.190909090909091E-01,-7.063636363636363E-01, -1.0
-6.106307476087791E-01,-7.681818181818182E-01,  1.0
-6.155034195717782E-01,-7.156226773014792E-01, -1.0
-5.919002851413846E-01,-6.718181818181818E-01,  1.0
-6.243226303478726E-01,-6.898619767932584E-01, -1.0
-5.790909090909091E-01,-6.154545454545454E-01,  1.0
-6.590909090909092E-01,-6.372727272727272E-01, -1.0
-5.998046672779956E-01,-6.024985908904188E-01,  1.0
-6.084650885435898E-01,-5.703910396799549E-01, -1.0
-5.590909090909091E-01,-5.635004682021576E-01,  1.0
-6.446426356938652E-01,-6.011023174059922E-01, -1.0
-6.590909090909092E-01,-5.263636363636364E-01,  1.0
-6.131917096125485E-01,-5.353973307950872E-01, -1.0
-5.990909090909091E-01,-4.699999999999999E-01,  1.0
-6.390909090909092E-01,-4.917711712825668E-01, -1.0
-6.180902704544312E-01,-4.892400091568325E-01,  1.0
-5.642947408999535E-01,-4.407130220889663E-01, -1.0
-5.990909090909091E-01,-3.972727272727272E-01,  1.0
-6.590909090909092E-01,-4.590909090909091E-01, -1.0
-6.190909090909091E-01,-4.009090909090909E-01,  1.0
-5.608920369016214E-01,-3.840544779494171E-01, -1.0
-6.030671655853999E-01,-3.445454545454545E-01,  1.0
-6.190909090909091E-01,-3.063636363636363E-01, -1.0
-5.590909090909091E-01,-3.081818181818181E-01,  1.0
-6.204835643152907E-01,-2.899999999999999E-01, -1.0
-6.190909090909091E-01,-2.718181818181817E-01,  1.0
-6.067366649352370E-01,-2.936363636363636E-01, -1.0
-6.190909090909091E-01,-2.544410562054578E-01,  1.0
-6.390909090909092E-01,-1.772727272727272E-01, -1.0
-5.990909090909091E-01,-2.390909090909090E-01,  1.0
-6.059068992294319E-01,-1.409090909090908E-01, -1.0
-5.667796405335026E-01,-2.027272727272727E-01,  1.0
-5.990909090909091E-01,-1.445454545454544E-01, -1.0
-6.590909090909092E-01,-1.013598152175525E-01,  1.0
-5.990909090909091E-01,-1.438117767838935E-01, -1.0
-6.390909090909092E-01,-8.999999999999991E-02,  1.0
-6.080865581396090E-01,-9.181818181818172E-02, -1.0
-5.645480884395042E-01,-5.848895619834012E-02,  1.0
-6.487441224258843E-01,-3.694841323717458E-02, -1.0
-5.871123988866924E-01, 2.727272727272832E-03,  1.0
-6.392713843664286E-01, 4.090909090909102E-02, -1.0
-5.990909090909091E-01, 1.909090909090920E-02,  1.0
-6.390909090909092E-01, 5.727272727272738E-02, -1.0
-5.889247036672944E-01,-4.545454545454438E-03,  1.0
-6.390909090909092E-01, 7.363636363636375E-02, -1.0
-5.846655192647295E-01, 5.209585641742036E-02,  1.0
-6.190909090909091E-01, 9.000000000000012E-02, -1.0
-5.790909090909091E-01, 1.481818181818183E-01,  1.0
-6.190909090909091E-01, 1.063636363636365E-01, -1.0
-5.990909090909091E-01, 1.834748243635836E-01,  1.0
-6.307351376810229E-01, 1.622672630032352E-01, -1.0
-6.034341873200312E-01, 1.809090909090910E-01,  1.0
-5.990909090909091E-01, 2.590909090909093E-01, -1.0
-6.190909090909091E-01, 2.329600937793898E-01,  1.0
-5.990909090909091E-01, 2.554545454545456E-01, -1.0
-6.190909090909091E-01, 2.136363636363637E-01,  1.0
-5.990909090909091E-01, 2.718181818181820E-01, -1.0
-5.790909090909091E-01, 3.262156771318205E-01,  1.0
-6.254675231341540E-01, 3.081818181818183E-01, -1.0
-6.390909090909092E-01, 3.263636363636365E-01,  1.0
-6.330434695818994E-01, 3.471184283251436E-01, -1.0
-6.270992569992805E-01, 3.639678659601256E-01,  1.0
-6.590909090909092E-01, 4.209090909090911E-01, -1.0
-6.169533061333694E-01, 4.190909090909093E-01,  1.0
-6.390909090909092E-01, 4.653580107767362E-01, -1.0
-5.990909090909091E-01, 4.112242668418568E-01,  1.0
-6.390909090909092E-01, 4.736363636363638E-01, -1.0
-5.790909090909091E-01, 4.518181818181820E-01,  1.0
-5.790909090909091E-01, 5.307440634107944E-01, -1.0
-6.190909090909091E-01, 5.081818181818184E-01,  1.0
-5.790909090909091E-01, 5.463636363636366E-01, -1.0
-6.590909090909092E-01, 5.445454545454547E-01,  1.0
-5.990909090909091E-01, 5.627272727272729E-01, -1.0
-6.190909090909091E-01, 6.107329932996030E-01,  1.0
-5.590909090909091E-01, 5.997363866195934E-01, -1.0
-6.190909090909091E-01, 6.172727272727274E-01,  1.0
-6.390909090909092E-01, 6.754545454545456E-01, -1.0
-6.190909090909091E-01, 6.336363636363638E-01,  1.0
-5.822412733792649E-01, 6.918181818181820E-01, -1.0
-5.590909090909091E-01, 7.500000000000002E-01,  1.0
-6.143740036999996E-01, 7.081818181818184E-01, -1.0
-5.990909090909091E-01, 7.463636363636366E-01,  1.0
-6.390909090909092E-01, 7.837714709813485E-01, -1.0
-5.790909090909091E-01, 7.627272727272729E-01,  1.0
-6.390909090909092E-01, 8.009090909090911E-01, -1.0
-5.790909090909091E-01, 7.990909090909093E-01,  1.0
-6.390909090909092E-01, 8.772727272727275E-01, -1.0
-5.790909090909091E-01, 8.154545454545457E-01,  1.0
-6.590909090909092E-01, 8.341982684887866E-01, -1.0
-5.790909090909091E-01, 8.718181818181820E-01,  1.0
-6.355854796665199E-01, 8.754293720343390E-01, -1.0
-5.926624953122137E-01,-8.528617577734682E-01, -1.0
-5.943773394533627E-01,-9.318181818181819E-01,  1.0
-5.809090909090909E-01,-8.336363636363636E-01, -1.0
-6.322830797970500E-01,-8.754545454545455E-01,  1.0
-5.809090909090909E-01,-8.172727272727273E-01, -1.0
-6.209090909090910E-01,-7.698598712063421E-01,  1.0
-5.609090909090909E-01,-8.209090909090909E-01, -1.0
-6.041625012312566E-01,-7.627272727272727E-01,  1.0
-5.939381432928527E-01,-7.045454545454545E-01, -1.0
-6.009090909090909E-01,-7.632205426882371E-01,  1.0
-6.209090909090910E-01,-7.081818181818181E-01, -1.0
-5.514495252132474E-01,-7.300000000000000E-01,  1.0
-6.209090909090910E-01,-7.118181818181818E-01, -1.0
-5.609090909090909E-01,-6.536363636363636E-01,  1.0
-6.066306302287618E-01,-6.754545454545454E-01, -1.0
-5.862910723226303E-01,-6.172727272727272E-01,  1.0
-6.009090909090909E-01,-6.555244218667544E-01, -1.0
-6.009090909090909E-01,-6.009090909090909E-01,  1.0
-5.809090909090909E-01,-5.827272727272728E-01, -1.0
-5.609090909090909E-01,-5.645454545454546E-01,  1.0
-6.009090909090909E-01,-5.332848697949524E-01, -1.0
-5.409090909090909E-01,-4.881818181818182E-01,  1.0
-5.972138661323775E-01,-5.299999999999999E-01, -1.0
-6.009090909090909E-01,-4.718181818181817E-01,  1.0
-5.609090909090909E-01,-4.336363636363636E-01, -1.0
-6.019259241640784E-01,-4.154545454545454E-01,  1.0
-5.609090909090909E-01,-4.496487635164321E-01, -1.0
-6.009090909090909E-01,-3.990909090909091E-01,  1.0
-5.609090909090909E-01,-4.009090909090909E-01, -1.0
-6.009090909090909E-01,-3.827272727272727E-01,  1.0
-6.009090909090909E-01,-3.645454545454545E-01, -1.0
-5.609090909090909E-01,-3.263636363636363E-01,  1.0
-6.168323993477770E-01,-3.081818181818181E-01, -1.0
-5.707690951879559E-01,-3.099999999999999E-01,  1.0
-6.009090909090909E-01,-2.918181818181818E-01, -1.0
-5.625010032937265E-01,-3.084261054343683E-01,  1.0
-6.009090909090909E-01,-2.554545454545454E-01, -1.0
-5.809090909090909E-01,-2.172727272727272E-01,  1.0
-6.041649478668385E-01,-1.687665606522330E-01, -1.0
-5.609090909090909E-01,-2.209090909090909E-01,  1.0
-5.941808104994272E-01,-1.427272727272726E-01, -1.0
-5.609090909090909E-01,-2.045454545454545E-01,  1.0
-6.009090909090909E-01,-1.495111509393009E-01, -1.0
-6.409090909090910E-01,-1.081818181818181E-01,  1.0
-6.009090909090909E-01,-1.299999999999999E-01, -1.0
-5.609090909090909E-01,-8.462246209590173E-02,  1.0
-6.063883243117173E-01,-1.010685128303189E-01, -1.0
-5.809090909090909E-01,-3.545454545454536E-02,  1.0
-6.209090909090910E-01,-5.727272727272718E-02, -1.0
-5.809090909090909E-01, 9.090909090910156E-04,  1.0
-6.209090909090910E-01,-2.090909090909080E-02, -1.0
-5.809090909090909E-01, 1.727272727272738E-02,  1.0
-6.342406631499364E-01, 9.545454545454556E-02, -1.0
-5.809090909090909E-01, 3.363636363636375E-02,  1.0
-6.009090909090909E-01, 9.181818181818192E-02, -1.0
-5.558798957112560E-01, 7.000000000000013E-02,  1.0
-6.009090909090909E-01, 1.049863542322299E-01, -1.0
-5.809090909090909E-01, 1.863636363636365E-01,  1.0
-5.809090909090909E-01, 2.045454545454547E-01, -1.0
-6.009090909090909E-01, 1.827272727272729E-01,  1.0
-5.809090909090909E-01, 1.533868391536166E-01, -1.0
-5.565913437837905E-01, 2.005445119617532E-01,  1.0
-5.839162010260708E-01, 2.572727272727274E-01, -1.0
-5.423599866023555E-01, 2.154545454545456E-01,  1.0
-6.009090909090909E-01, 2.892514515957013E-01, -1.0
-5.409090909090909E-01, 3.017407116686157E-01,  1.0
-6.009090909090909E-01, 2.900000000000001E-01, -1.0
-6.209090909090910E-01, 3.681818181818184E-01,  1.0
-6.009090909090909E-01, 3.463636363636365E-01, -1.0
-5.609090909090909E-01, 3.245454545454547E-01,  1.0
-5.809090909090909E-01, 3.827272727272729E-01, -1.0
-6.009090909090909E-01, 4.209090909090911E-01,  1.0
-5.809090909090909E-01, 3.790909090909093E-01, -1.0
-5.991107340772730E-01, 4.239582983823900E-01,  1.0
-5.609090909090909E-01, 4.554545454545456E-01, -1.0
-6.009090909090909E-01, 4.362794375842272E-01,  1.0
-5.609090909090909E-01, 5.118181818181819E-01, -1.0
-6.209090909090910E-01, 4.900000000000002E-01,  1.0
-5.609090909090909E-01, 5.281818181818184E-01, -1.0
-6.209090909090910E-01, 5.063636363636366E-01,  1.0
-5.793147237011207E-01, 5.445454545454547E-01, -1.0
-5.409090909090909E-01, 5.627272727272729E-01,  1.0
-5.809090909090909E-01, 5.667874964535726E-01, -1.0
-6.209090909090910E-01, 6.190909090909092E-01,  1.0
-5.809090909090909E-01, 6.372727272727274E-01, -1.0
-6.306571337341068E-01, 6.221871206158254E-01,  1.0
-5.809090909090909E-01, 6.590964984375008E-01, -1.0
-6.209090909090910E-01, 6.558679314651243E-01,  1.0
-6.009090909090909E-01, 7.100000000000002E-01, -1.0
-6.104429910349528E-01, 6.681818181818183E-01,  1.0
-6.087029152539518E-01, 7.063636363636365E-01, -1.0
-5.809090909090909E-01, 7.645454545454548E-01,  1.0
-6.409090909090910E-01, 7.977725425949701E-01, -1.0
-5.609090909090909E-01, 7.809090909090911E-01,  1.0
-5.694042989827510E-01, 8.390909090909093E-01, -1.0
-5.946423578658672E-01, 7.972727272727275E-01,  1.0
-6.409090909090910E-01, 8.470606832050265E-01, -1.0
-5.908587375963633E-01, 8.136363636363638E-01,  1.0
-5.809090909090909E-01, 8.518181818181820E-01, -1.0
-5.807529339371933E-01, 8.835830711158654E-01,  1.0
-5.606862532646600E-01,-9.489447378337950E-01,  1.0
-5.627272727272727E-01,-8.518181818181818E-01, -1.0
-5.940491356590252E-01,-8.936363636363637E-01,  1.0
-5.627272727272727E-01,-8.357089296613901E-01, -1.0
-6.191926609781659E-01,-8.772727272727273E-01,  1.0
-5.627272727272727E-01,-8.364315583709809E-01, -1.0
-6.027272727272728E-01,-7.609090909090909E-01,  1.0
-5.452805604321816E-01,-8.227272727272728E-01, -1.0
-5.696444894796276E-01,-7.445454545454545E-01,  1.0
-6.027272727272728E-01,-7.063636363636363E-01, -1.0
-5.516090444550039E-01,-7.143309320049147E-01,  1.0
-6.027272727272728E-01,-7.100000000000000E-01, -1.0
-5.427272727272727E-01,-7.039549334598967E-01,  1.0
-6.227272727272728E-01,-6.723782767698819E-01, -1.0
-5.543677211912337E-01,-6.154545454545454E-01,  1.0
-5.827272727272728E-01,-6.435661730537228E-01, -1.0
-5.427272727272727E-01,-5.990909090909091E-01,  1.0
-5.827272727272728E-01,-5.844776401268349E-01, -1.0
-5.427272727272727E-01,-5.627272727272727E-01,  1.0
-6.027272727272728E-01,-5.427240813783268E-01, -1.0
-5.480078088640040E-01,-4.863636363636363E-01,  1.0
-5.827272727272728E-01,-5.281818181818182E-01, -1.0
-5.427272727272727E-01,-4.899999999999999E-01,  1.0
-5.742151975774784E-01,-4.318181818181817E-01, -1.0
-6.027272727272728E-01,-4.736363636363636E-01,  1.0
-5.624842424298498E-01,-4.385526454570594E-01, -1.0
-6.027272727272728E-01,-4.172727272727272E-01,  1.0
-5.496307651199827E-01,-4.254936925642027E-01, -1.0
-6.025182111230440E-01,-3.542764647179137E-01,  1.0
-5.627272727272727E-01,-4.185056138712601E-01, -1.0
-5.627272727272727E-01,-3.245454545454545E-01,  1.0
-6.191534861618493E-01,-3.308784108380387E-01, -1.0
-5.627272727272727E-01,-3.287635542781321E-01,  1.0
-6.027272727272728E-01,-2.899999999999999E-01, -1.0
-5.627272727272727E-01,-3.203936120656273E-01,  1.0
-5.627272727272727E-01,-2.536363636363635E-01, -1.0
-5.596385307891885E-01,-2.954545454545454E-01,  1.0
-5.400826620126253E-01,-2.572727272727272E-01, -1.0
-5.627272727272727E-01,-2.361756363001946E-01,  1.0
-5.887669978829190E-01,-1.409090909090908E-01, -1.0
-5.712822122833200E-01,-2.027272727272727E-01,  1.0
-5.827272727272728E-01,-1.445454545454544E-01, -1.0
-5.427272727272727E-01,-1.663636363636363E-01,  1.0
-5.827272727272728E-01,-1.250634063670138E-01, -1.0
-5.627272727272727E-01,-8.999999999999991E-02,  1.0
-6.027272727272728E-01,-6.255457968957093E-02, -1.0
-5.464304704293372E-01,-7.363636363636354E-02,  1.0
-5.363171075011389E-01,-4.734422006175817E-02, -1.0
-5.827272727272728E-01, 6.828567723402672E-04,  1.0
-6.027272727272728E-01,-3.909090909090899E-02, -1.0
-5.827272727272728E-01, 6.852859831001481E-03,  1.0
-6.090578301533311E-01, 7.727272727272738E-02, -1.0
-5.827272727272728E-01, 2.080653310007691E-02,  1.0
-5.662033618521366E-01, 7.363636363636375E-02, -1.0
-5.627272727272727E-01, 3.181818181818193E-02,  1.0
-6.027272727272728E-01, 1.100000000000001E-01, -1.0
-5.240235424253322E-01, 1.281818181818183E-01,  1.0
-6.027272727272728E-01, 1.063636363636365E-01, -1.0
-5.627272727272727E-01, 1.456802602044528E-01,  1.0
-5.827272727272728E-01, 1.602855894395173E-01, -1.0
-5.427272727272727E-01, 2.126452974346215E-01,  1.0
-5.733754176375386E-01, 1.590909090909092E-01, -1.0
-5.427272727272727E-01, 1.972727272727274E-01,  1.0
-6.027272727272728E-01, 2.754545454545456E-01, -1.0
-5.427272727272727E-01, 2.136363636363637E-01,  1.0
-5.934022876706364E-01, 2.918181818181820E-01, -1.0
-5.505337768040812E-01, 2.900000000000001E-01,  1.0
-6.027272727272728E-01, 2.722316872089368E-01, -1.0
-5.627272727272727E-01, 3.267546496502092E-01,  1.0
-5.827272727272728E-01, 3.845454545454547E-01, -1.0
-5.799964235388388E-01, 3.427272727272729E-01,  1.0
-5.780470201284073E-01, 3.809090909090911E-01, -1.0
-5.427272727272727E-01, 4.050080951745110E-01,  1.0
-5.427272727272727E-01, 4.772727272727275E-01, -1.0
-5.627272727272727E-01, 4.354545454545456E-01,  1.0
-5.627272727272727E-01, 4.965127485693481E-01, -1.0
-5.981376711337890E-01, 4.518181818181820E-01,  1.0
-5.427272727272727E-01, 4.957526546472274E-01, -1.0
-6.027272727272728E-01, 5.081818181818184E-01,  1.0
-5.627272727272727E-01, 5.405088807202297E-01, -1.0
-5.347619064229671E-01, 5.645454545454547E-01,  1.0
-5.827272727272728E-01, 5.427272727272728E-01, -1.0
-6.027272727272728E-01, 6.209090909090911E-01,  1.0
-5.627272727272727E-01, 5.790909090909092E-01, -1.0
-5.627272727272727E-01, 6.372727272727274E-01,  1.0
-5.827272727272728E-01, 6.554545454545456E-01, -1.0
-5.627272727272727E-01, 6.536363636363638E-01,  1.0
-5.752908637389128E-01, 6.718181818181820E-01, -1.0
-5.427272727272727E-01, 7.129778706356917E-01,  1.0
-5.827272727272728E-01, 7.081818181818184E-01, -1.0
-5.627272727272727E-01, 7.663636363636366E-01,  1.0
-6.027272727272728E-01, 7.045454545454547E-01, -1.0
-5.627272727272727E-01, 7.827272727272729E-01,  1.0
-6.027272727272728E-01, 8.009090909090911E-01, -1.0
-5.627272727272727E-01, 7.790909090909093E-01,  1.0
-5.627272727272727E-01, 8.561769202158919E-01, -1.0
-5.827272727272728E-01, 8.041930052791729E-01,  1.0
-5.627272727272727E-01, 8.420006155082861E-01, -1.0
-5.943822450808586E-01, 8.318181818181820E-01,  1.0
-6.048243388090985E-01, 9.100000000000003E-01, -1.0
-5.578489202654993E-01,-8.700000000000000E-01, -1.0
-5.045454545454545E-01,-8.718181818181818E-01,  1.0
-5.734799644582660E-01,-8.336363636363636E-01, -1.0
-5.133803184361414E-01,-8.754545454545455E-01,  1.0
-5.645454545454546E-01,-8.172727272727273E-01, -1.0
-6.045454545454546E-01,-7.790909090909091E-01,  1.0
-5.589477967079082E-01,-8.094081296217168E-01, -1.0
-5.447418452287240E-01,-7.427272727272727E-01,  1.0
-5.527849675085680E-01,-8.045454545454546E-01, -1.0
-5.371536521622549E-01,-7.063636363636363E-01,  1.0
-6.045454545454546E-01,-7.172685475919062E-01, -1.0
-5.286517574905499E-01,-7.118968593313807E-01,  1.0
-5.549535456851827E-01,-6.718181818181818E-01, -1.0
-5.381164276464739E-01,-7.136363636363636E-01,  1.0
-5.622178117325434E-01,-6.754545454545454E-01, -1.0
-5.245454545454545E-01,-6.172727272727272E-01,  1.0
-5.845454545454546E-01,-5.945047318450486E-01, -1.0
-5.445454545454546E-01,-5.863743748013048E-01,  1.0
-5.822379810088821E-01,-6.027272727272728E-01, -1.0
-5.445454545454546E-01,-5.728707581347797E-01,  1.0
-5.845454545454546E-01,-5.330869480473549E-01, -1.0
-5.445454545454546E-01,-5.049691676864728E-01,  1.0
-6.045454545454546E-01,-5.299999999999999E-01, -1.0
-5.245454545454545E-01,-4.718181818181817E-01,  1.0
-5.645454545454546E-01,-4.196910856920761E-01, -1.0
-5.220620856495474E-01,-4.682948777597405E-01,  1.0
-5.645454545454546E-01,-4.290113488682352E-01, -1.0
-5.845454545454546E-01,-3.971995789660160E-01,  1.0
-5.645454545454546E-01,-4.009090909090909E-01, -1.0
-5.314181254329207E-01,-3.627272727272727E-01,  1.0
-5.770336571526532E-01,-4.016637011733388E-01, -1.0
-5.519762201118891E-01,-3.296519487834282E-01,  1.0
-6.045454545454546E-01,-3.081818181818181E-01, -1.0
-5.645454545454546E-01,-3.099999999999999E-01,  1.0
-5.445454545454546E-01,-2.718181818181817E-01, -1.0
-5.058769652707733E-01,-2.631085485485765E-01,  1.0
-5.445454545454546E-01,-2.554545454545454E-01, -1.0
-5.645454545454546E-01,-2.172727272727272E-01,  1.0
-5.045454545454545E-01,-2.190909090909090E-01, -1.0
-5.645454545454546E-01,-2.009090909090908E-01,  1.0
-5.645454545454546E-01,-1.427272727272726E-01, -1.0
-5.445454545454546E-01,-1.845454545454545E-01,  1.0
-5.862625467169905E-01,-1.318318918712933E-01, -1.0
-5.645454545454546E-01,-1.081818181818181E-01,  1.0
-5.455963688690451E-01,-1.299999999999999E-01, -1.0
-5.645454545454546E-01,-9.181818181818172E-02,  1.0
-5.453431144729504E-01,-5.363636363636354E-02, -1.0
-5.722417873793030E-01, 4.545454545454646E-03,  1.0
-5.445454545454546E-01,-3.727272727272717E-02, -1.0
-5.845454545454546E-01,-5.771055293939823E-03,  1.0
-5.448495384364388E-01, 1.909090909090920E-02, -1.0
-5.645454545454546E-01, 5.727272727272738E-02,  1.0
-5.249053644983533E-01, 2.626512062256244E-02, -1.0
-5.522508985614990E-01, 4.348681168997080E-02,  1.0
-5.645454545454546E-01, 8.273484287815784E-02, -1.0
-5.245454545454545E-01, 1.300000000000001E-01,  1.0
-5.730416680562427E-01, 1.681818181818183E-01, -1.0
-5.245454545454545E-01, 1.107210131421773E-01,  1.0
-5.703129699018248E-01, 1.645454545454547E-01, -1.0
-5.245454545454545E-01, 2.027272727272729E-01,  1.0
-5.645454545454546E-01, 1.609090909090910E-01, -1.0
-5.426399674957265E-01, 1.990909090909092E-01,  1.0
-5.845454545454546E-01, 2.707769110432614E-01, -1.0
-5.445454545454546E-01, 2.283326486703781E-01,  1.0
-5.970765071695778E-01, 2.736363636363638E-01, -1.0
-5.469638947136410E-01, 2.718181818181820E-01,  1.0
-5.845454545454546E-01, 2.900000000000001E-01, -1.0
-5.524675632455993E-01, 3.081818181818183E-01,  1.0
-5.670972887824833E-01, 3.863636363636366E-01, -1.0
-5.645454545454546E-01, 3.445454545454547E-01,  1.0
-5.045454545454545E-01, 3.627272727272729E-01, -1.0
-5.645454545454546E-01, 3.409090909090911E-01,  1.0
-5.845454545454546E-01, 3.944558600703053E-01, -1.0
-5.445454545454546E-01, 4.172727272727274E-01,  1.0
-5.445454545454546E-01, 4.850402351870074E-01, -1.0
-5.245454545454545E-01, 4.536363636363638E-01,  1.0
-5.445454545454546E-01, 5.118181818181819E-01, -1.0
-5.845454545454546E-01, 4.545907278348440E-01,  1.0
-5.450359569307033E-01, 5.081818181818184E-01, -1.0
-5.445454545454546E-01, 5.663636363636366E-01,  1.0
-5.645454545454546E-01, 5.655226639049546E-01, -1.0
-5.262696395128703E-01, 5.627272727272729E-01,  1.0
-5.711140071861625E-01, 5.809090909090910E-01, -1.0
-5.445454545454546E-01, 6.188464404399157E-01,  1.0
-5.645454545454546E-01, 6.746675497873609E-01, -1.0
-5.442012400228468E-01, 6.354545454545456E-01,  1.0
-5.704043486003960E-01, 6.772885229837587E-01, -1.0
-5.445454545454546E-01, 7.318181818181820E-01,  1.0
-5.645454545454546E-01, 6.700000000000002E-01, -1.0
-5.556248467897805E-01, 7.632625530242340E-01,  1.0
-5.845454545454546E-01, 6.955018109593659E-01, -1.0
-5.638626987122128E-01, 7.645454545454548E-01,  1.0
-5.845454545454546E-01, 7.427272727272729E-01, -1.0
-5.445454545454546E-01, 7.809090909090911E-01,  1.0
-5.726656331613822E-01, 8.531399244495513E-01, -1.0
-5.645454545454546E-01, 7.972727272727275E-01,  1.0
-5.716559574433396E-01, 8.554545454545457E-01, -1.0
-5.237029382160941E-01, 8.736363636363639E-01,  1.0
-5.645454545454546E-01, 8.518181818181820E-01, -1.0
-5.100063717254043E-01, 8.900000000000002E-01,  1.0
-5.663636363636364E-01,-9.500000000000001E-01,  1.0
-5.554258850553111E-01,-8.318181818181818E-01, -1.0
-5.067726512184677E-01,-8.736363636363637E-01,  1.0
-5.663636363636364E-01,-8.154545454545454E-01, -1.0
-5.180629122494278E-01,-8.572727272727273E-01,  1.0
-5.663636363636364E-01,-8.141918564610475E-01, -1.0
-5.279897540748064E-01,-7.609090909090909E-01,  1.0
-5.645154063055446E-01,-8.227272727272728E-01, -1.0
-5.263636363636364E-01,-7.245454545454545E-01,  1.0
-5.746713967284428E-01,-7.663586233879908E-01, -1.0
-5.463636363636364E-01,-7.128000454158603E-01,  1.0
-5.466409207130833E-01,-6.635813703711816E-01, -1.0
-5.263636363636364E-01,-7.118181818181818E-01,  1.0
-5.570816236719092E-01,-6.536363636363636E-01, -1.0
-5.063636363636363E-01,-6.354545454545454E-01,  1.0
-5.580882645674046E-01,-6.572727272727272E-01, -1.0
-5.349879282822245E-01,-5.790909090909091E-01,  1.0
-5.244879590181538E-01,-6.009090909090909E-01, -1.0
-5.263636363636364E-01,-5.695412318859312E-01,  1.0
-5.663636363636364E-01,-5.468419604766102E-01, -1.0
-5.263636363636364E-01,-5.063636363636363E-01,  1.0
-5.498470074216611E-01,-5.481818181818182E-01, -1.0
-5.263636363636364E-01,-4.899999999999999E-01,  1.0
-5.663636363636364E-01,-5.118181818181817E-01, -1.0
-5.300396947913529E-01,-4.736363636363636E-01,  1.0
-5.463636363636364E-01,-4.154545454545454E-01, -1.0
-5.263636363636364E-01,-4.772727272727273E-01,  1.0
-5.463636363636364E-01,-4.082403523664024E-01, -1.0
-5.263636363636364E-01,-3.809090909090909E-01,  1.0
-5.543570154241164E-01,-4.104047135030914E-01, -1.0
-5.463636363636364E-01,-3.445454545454545E-01,  1.0
-4.863636363636363E-01,-3.221868714319709E-01, -1.0
-5.463636363636364E-01,-3.281818181818181E-01,  1.0
-4.863636363636363E-01,-3.197770141965160E-01, -1.0
-5.463636363636364E-01,-3.118181818181818E-01,  1.0
-5.263636363636364E-01,-2.911366275746914E-01, -1.0
-5.663636363636364E-01,-2.154545454545453E-01,  1.0
-5.063636363636363E-01,-2.372727272727272E-01, -1.0
-5.463636363636364E-01,-2.190909090909090E-01,  1.0
-5.263636363636364E-01,-1.409090909090908E-01, -1.0
-5.527339585119908E-01,-2.227272727272727E-01,  1.0
-5.263636363636364E-01,-1.445454545454544E-01, -1.0
-5.263636363636364E-01,-1.063636363636363E-01,  1.0
-5.463636363636364E-01,-1.481818181818181E-01, -1.0
-5.463636363636364E-01,-8.999999999999991E-02,  1.0
-5.081620141257307E-01,-6.195970223414384E-02, -1.0
-5.663636363636364E-01,-7.363636363636354E-02,  1.0
-5.263636363636364E-01,-5.545454545454536E-02, -1.0
-5.863636363636364E-01, 9.852193880347674E-03,  1.0
-5.417256816194846E-01, 2.090909090909102E-02, -1.0
-5.063636363636363E-01, 3.189281343066869E-02,  1.0
-5.263636363636364E-01, 1.727272727272738E-02, -1.0
-5.463636363636364E-01, 5.545454545454557E-02,  1.0
-5.463636363636364E-01, 3.363636363636375E-02, -1.0
-5.263636363636364E-01, 1.118181818181819E-01,  1.0
-5.863636363636364E-01, 8.452139495423906E-02, -1.0
-5.263636363636364E-01, 1.108206124355745E-01,  1.0
-5.863636363636364E-01, 1.663636363636365E-01, -1.0
-5.263636363636364E-01, 1.245454545454547E-01,  1.0
-5.663636363636364E-01, 1.763216250833896E-01, -1.0
-5.337209829122874E-01, 1.809090909090910E-01,  1.0
-5.634879654843932E-01, 2.379717295391850E-01, -1.0
-5.263636363636364E-01, 2.172727272727274E-01,  1.0
-5.863636363636364E-01, 2.754545454545456E-01, -1.0
-5.333933113497547E-01, 2.758951498070632E-01,  1.0
-4.876475255889183E-01, 3.118181818181820E-01, -1.0
-5.463636363636364E-01, 3.100000000000002E-01,  1.0
-4.903705512774816E-01, 2.962564262956474E-01, -1.0
-5.370700483507771E-01, 3.263636363636365E-01,  1.0
-4.863636363636363E-01, 3.645454545454547E-01, -1.0
-5.463636363636364E-01, 3.990226107692114E-01,  1.0
-5.752047544289360E-01, 3.764832586953268E-01, -1.0
-5.263636363636364E-01, 4.104072721203091E-01,  1.0
-4.863636363636363E-01, 4.372727272727274E-01, -1.0
-5.443135463742438E-01, 4.154545454545456E-01,  1.0
-5.463636363636364E-01, 4.936363636363638E-01, -1.0
-5.152361842036346E-01, 4.518181818181820E-01,  1.0
-5.593394257086849E-01, 5.039655493455136E-01, -1.0
-5.263636363636364E-01, 5.681818181818185E-01,  1.0
-5.463636363636364E-01, 5.263636363636366E-01, -1.0
-5.063636363636363E-01, 5.645454545454547E-01,  1.0
-5.663636363636364E-01, 5.827272727272729E-01, -1.0
-5.263636363636364E-01, 5.809090909090910E-01,  1.0
-5.263636363636364E-01, 6.171438753932649E-01, -1.0
-5.463636363636364E-01, 6.372727272727274E-01,  1.0
-5.063636363636363E-01, 6.268378929952365E-01, -1.0
-5.364981250675988E-01, 6.936363636363638E-01,  1.0
-5.863636363636364E-01, 6.886660829013468E-01, -1.0
-5.306202080870301E-01, 6.853587841119452E-01,  1.0
-5.063636363636363E-01, 6.681818181818183E-01, -1.0
-5.463636363636364E-01, 7.663636363636366E-01,  1.0
-5.263636363636364E-01, 7.245454545454547E-01, -1.0
-5.515164058027567E-01, 7.827272727272729E-01,  1.0
-5.463636363636364E-01, 8.209090909090911E-01, -1.0
-4.863636363636363E-01, 8.044065978808497E-01,  1.0
-5.663636363636364E-01, 8.372727272727275E-01, -1.0
-5.063636363636363E-01, 8.754545454545457E-01,  1.0
-5.663636363636364E-01, 8.536363636363639E-01, -1.0
-5.263636363636364E-01, 8.718181818181820E-01,  1.0
-5.063636363636363E-01, 9.300000000000003E-01, -1.0
-5.288344934308276E-01,-8.852702684175228E-01, -1.0
-5.185516598799552E-01,-8.718181818181818E-01,  1.0
-5.481818181818182E-01,-8.169166802398513E-01, -1.0
-4.979294551755176E-01,-8.096810004752336E-01,  1.0
-5.481818181818182E-01,-8.172727272727273E-01, -1.0
-5.081818181818182E-01,-8.190909090909091E-01,  1.0
-5.481818181818182E-01,-8.209090909090909E-01, -1.0
-4.681818181818181E-01,-7.742840918183949E-01,  1.0
-5.281818181818182E-01,-7.445454545454545E-01, -1.0
-5.281818181818182E-01,-7.063636363636363E-01,  1.0
-4.881818181818182E-01,-7.081818181818181E-01, -1.0
-5.281818181818182E-01,-7.100000000000000E-01,  1.0
-5.660482960796529E-01,-6.657127003088983E-01, -1.0
-4.881818181818182E-01,-6.536363636363636E-01,  1.0
-5.481818181818182E-01,-6.554545454545454E-01, -1.0
-4.803224425579722E-01,-6.467066086999879E-01,  1.0
-5.254514051180192E-01,-5.906759930965326E-01, -1.0
-5.281818181818182E-01,-5.809090909090909E-01,  1.0
-5.081818181818182E-01,-5.827272727272728E-01, -1.0
-5.109678843219637E-01,-5.245454545454545E-01,  1.0
-5.081818181818182E-01,-5.663636363636364E-01, -1.0
-4.881818181818182E-01,-5.081818181818182E-01,  1.0
-4.958757582710247E-01,-5.299999999999999E-01, -1.0
-5.245533145259244E-01,-4.712884459628771E-01,  1.0
-4.881818181818182E-01,-4.336363636363636E-01, -1.0
-5.281818181818182E-01,-4.754545454545455E-01,  1.0
-4.830691485556305E-01,-4.172727272727272E-01, -1.0
-5.281818181818182E-01,-3.790909090909090E-01,  1.0
-5.481818181818182E-01,-4.209090909090909E-01, -1.0
-5.256722491575376E-01,-3.627272727272727E-01,  1.0
-4.881818181818182E-01,-3.445454545454545E-01, -1.0
-5.481818181818182E-01,-3.263636363636363E-01,  1.0
-4.881818181818182E-01,-3.281818181818181E-01, -1.0
-5.481818181818182E-01,-3.188536686695311E-01,  1.0
-5.281818181818182E-01,-2.568538515249220E-01, -1.0
-5.081818181818182E-01,-2.785845176197279E-01,  1.0
-4.881818181818182E-01,-2.252474660728264E-01, -1.0
-5.481818181818182E-01,-2.106567641396315E-01,  1.0
-5.081818181818182E-01,-2.190909090909090E-01, -1.0
-5.237105738856050E-01,-2.009090909090908E-01,  1.0
-4.681818181818181E-01,-1.627272727272726E-01, -1.0
-5.395082393826255E-01,-2.045454545454545E-01,  1.0
-5.271659514158554E-01,-1.463636363636363E-01, -1.0
-4.881818181818182E-01,-1.081818181818181E-01,  1.0
-5.081818181818182E-01,-6.999999999999992E-02, -1.0
-5.481818181818182E-01,-9.181818181818172E-02,  1.0
-5.081818181818182E-01,-5.363636363636354E-02, -1.0
-5.281818181818182E-01,-2.993648115706866E-03,  1.0
-5.096513221214251E-01,-5.727272727272718E-02, -1.0
-5.081818181818182E-01, 2.090909090909102E-02,  1.0
-5.081818181818182E-01,-4.090909090909080E-02, -1.0
-5.281818181818182E-01, 5.320514542907562E-02,  1.0
-4.758997430449341E-01, 7.545454545454557E-02, -1.0
-5.081818181818182E-01, 5.363636363636375E-02,  1.0
-4.753001074897306E-01, 5.880837598738365E-02, -1.0
-5.281818181818182E-01, 1.300000000000001E-01,  1.0
-4.778200261892400E-01, 6.818181818181833E-02, -1.0
-5.028409340761172E-01, 1.537925547154855E-01,  1.0
-5.681818181818182E-01, 1.530375510836254E-01, -1.0
-5.096111666407982E-01, 1.627272727272729E-01,  1.0
-4.881818181818182E-01, 2.209090909090911E-01, -1.0
-5.281818181818182E-01, 1.990909090909092E-01,  1.0
-4.881818181818182E-01, 2.372727272727274E-01, -1.0
-5.281818181818182E-01, 2.354545454545456E-01,  1.0
-4.681818181818181E-01, 2.936363636363638E-01, -1.0
-5.367360044170251E-01, 2.603478733262579E-01,  1.0
-4.811161790467967E-01, 3.500000000000002E-01, -1.0
-5.481818181818182E-01, 3.081818181818183E-01,  1.0
-4.681818181818181E-01, 3.663636363636366E-01, -1.0
-5.465943981817525E-01, 3.245454545454547E-01,  1.0
-4.681818181818181E-01, 3.511849341053349E-01, -1.0
-5.288556757887947E-01, 3.864009974768300E-01,  1.0
-4.881818181818182E-01, 4.390909090909093E-01, -1.0
-5.363003956016668E-01, 3.972727272727274E-01,  1.0
-4.881818181818182E-01, 4.228731562563238E-01, -1.0
-5.081818181818182E-01, 4.536363636363638E-01,  1.0
-5.481818181818182E-01, 5.118181818181819E-01, -1.0
-5.081818181818182E-01, 4.700000000000002E-01,  1.0
-5.279343332132832E-01, 5.081818181818184E-01, -1.0
-4.881818181818182E-01, 5.063636363636366E-01,  1.0
-5.481818181818182E-01, 5.134179908651768E-01, -1.0
-5.081818181818182E-01, 5.627272727272729E-01,  1.0
-5.081818181818182E-01, 6.209090909090911E-01, -1.0
-5.081818181818182E-01, 5.790909090909092E-01,  1.0
-5.081818181818182E-01, 6.369281256158699E-01, -1.0
-5.315704067030956E-01, 6.872620531452985E-01,  1.0
-5.081818181818182E-01, 6.340222076363901E-01, -1.0
-5.265167980666607E-01, 7.318181818181820E-01,  1.0
-5.081818181818182E-01, 6.500000000000001E-01, -1.0
-4.681818181818181E-01, 7.446737468067662E-01,  1.0
-5.081818181818182E-01, 7.263636363636365E-01, -1.0
-5.481818181818182E-01, 7.645454545454548E-01,  1.0
-5.281818181818182E-01, 7.427272727272729E-01, -1.0
-4.681818181818181E-01, 8.076593226117538E-01,  1.0
-5.481818181818182E-01, 8.190909090909093E-01, -1.0
-4.881818181818182E-01, 8.000274895107830E-01,  1.0
-5.093412209614870E-01, 8.354545454545457E-01, -1.0
-5.081818181818182E-01, 8.736363636363639E-01,  1.0
-5.281818181818182E-01, 9.318181818181821E-01, -1.0
-5.081818181818182E-01, 8.835536555228362E-01,  1.0
-4.899999999999999E-01,-9.334574873563878E-01,  1.0
-5.354087756010079E-01,-8.961843801906595E-01, -1.0
-4.995400336547041E-01,-8.651287192702940E-01,  1.0
-4.699999999999999E-01,-8.354545454545454E-01, -1.0
-5.084639172904403E-01,-8.510158880138754E-01,  1.0
-4.699999999999999E-01,-8.301964991142478E-01, -1.0
-4.699999999999999E-01,-7.809090909090909E-01,  1.0
-5.099999999999999E-01,-7.627272727272727E-01, -1.0
-4.699999999999999E-01,-7.845454545454545E-01,  1.0
-5.191059408831569E-01,-7.748695475410204E-01, -1.0
-5.299999999999999E-01,-7.081818181818181E-01,  1.0
-4.899999999999999E-01,-7.167821746034988E-01, -1.0
-5.299999999999999E-01,-7.118181818181818E-01,  1.0
-5.499999999999999E-01,-6.658331013262202E-01, -1.0
-4.899999999999999E-01,-6.354545454545454E-01,  1.0
-5.099999999999999E-01,-5.844754496481813E-01, -1.0
-4.699999999999999E-01,-6.390909090909092E-01,  1.0
-5.099999999999999E-01,-5.707478976178593E-01, -1.0
-4.699999999999999E-01,-5.427272727272727E-01,  1.0
-5.018013404389015E-01,-5.684751099633319E-01, -1.0
-5.253758307110338E-01,-5.063636363636363E-01,  1.0
-5.099999999999999E-01,-5.303665616662310E-01, -1.0
-5.299999999999999E-01,-4.899999999999999E-01,  1.0
-4.699999999999999E-01,-4.518181818181817E-01, -1.0
-5.299999999999999E-01,-4.736363636363636E-01,  1.0
-4.699999999999999E-01,-4.314653739800579E-01, -1.0
-5.299999999999999E-01,-3.972727272727272E-01,  1.0
-4.699999999999999E-01,-4.190909090909091E-01, -1.0
-5.299999999999999E-01,-3.703254416401695E-01,  1.0
-4.716649964686842E-01,-4.227272727272727E-01, -1.0
-5.299999999999999E-01,-3.645454545454545E-01,  1.0
-4.699999999999999E-01,-3.463636363636363E-01, -1.0
-5.314731359904945E-01,-3.050095255830695E-01,  1.0
-4.899999999999999E-01,-3.300000000000000E-01, -1.0
-5.044338180287509E-01,-2.718181818181817E-01,  1.0
-5.099999999999999E-01,-2.136363636363635E-01, -1.0
-5.020033825394914E-01,-2.754545454545454E-01,  1.0
-4.915757145416439E-01,-1.972727272727272E-01, -1.0
-5.299999999999999E-01,-1.990909090909090E-01,  1.0
-4.899999999999999E-01,-1.809090909090908E-01, -1.0
-5.380908941347293E-01,-1.910492796439054E-01,  1.0
-5.299999999999999E-01,-1.445454545454544E-01, -1.0
-4.899999999999999E-01,-1.205254076709560E-01,  1.0
-5.299999999999999E-01,-1.481818181818181E-01, -1.0
-4.739980288214198E-01,-9.394424176770010E-02,  1.0
-5.099999999999999E-01,-5.181818181818172E-02, -1.0
-4.699999999999999E-01,-1.363636363636354E-02,  1.0
-5.099999999999999E-01,-5.545454545454536E-02, -1.0
-5.299999999999999E-01,-3.727272727272717E-02,  1.0
-4.899999999999999E-01,-1.909090909090898E-02, -1.0
-5.099999999999999E-01, 3.280176995930298E-03,  1.0
-5.299999999999999E-01, 3.352776410700836E-02, -1.0
-5.231512855574797E-01, 3.545454545454556E-02,  1.0
-4.499999999999999E-01, 5.363636363636375E-02, -1.0
-5.099999999999999E-01, 1.118181818181819E-01,  1.0
-4.699999999999999E-01, 7.000000000000013E-02, -1.0
-4.975949385979782E-01, 1.659929187013902E-01,  1.0
-4.699999999999999E-01, 8.636363636363650E-02, -1.0
-4.699999999999999E-01, 1.604973906793872E-01,  1.0
-4.899999999999999E-01, 2.227272727272729E-01, -1.0
-5.099999999999999E-01, 1.609090909090910E-01,  1.0
-4.742211872100982E-01, 2.390909090909092E-01, -1.0
-5.299999999999999E-01, 2.172727272727274E-01,  1.0
-4.699999999999999E-01, 2.554545454545456E-01, -1.0
-5.299999999999999E-01, 2.907225572346323E-01,  1.0
-4.899999999999999E-01, 2.918181818181820E-01, -1.0
-5.345998668604502E-01, 3.201585128009872E-01,  1.0
-4.699999999999999E-01, 3.281818181818184E-01, -1.0
-5.299999999999999E-01, 3.151617334512578E-01,  1.0
-4.783301324734170E-01, 3.579026746892252E-01, -1.0
-5.299999999999999E-01, 4.027272727272729E-01,  1.0
-4.499999999999999E-01, 3.475867801036740E-01, -1.0
-5.402582299477572E-01, 3.954861291965218E-01,  1.0
-4.699999999999999E-01, 4.372727272727274E-01, -1.0
-5.414788237575142E-01, 4.354545454545456E-01,  1.0
-5.228646217239620E-01, 5.093652682910254E-01, -1.0
-5.099999999999999E-01, 4.718181818181820E-01,  1.0
-5.299999999999999E-01, 5.100000000000002E-01, -1.0
-4.699999999999999E-01, 5.081818181818184E-01,  1.0
-4.722457319794663E-01, 5.463636363636366E-01, -1.0
-5.217047480415081E-01, 5.645454545454547E-01,  1.0
-5.222777673783829E-01, 6.227272727272729E-01, -1.0
-4.520203459120935E-01, 6.009090909090911E-01,  1.0
-4.899999999999999E-01, 6.190909090909092E-01, -1.0
-4.499999999999999E-01, 6.074049573821408E-01,  1.0
-5.022339716063207E-01, 6.420765226487316E-01, -1.0
-5.499999999999999E-01, 7.038383393867499E-01,  1.0
-4.899999999999999E-01, 6.669275687593771E-01, -1.0
-5.424454506129212E-01, 7.500000000000002E-01,  1.0
-5.099999999999999E-01, 7.081818181818184E-01, -1.0
-4.699999999999999E-01, 7.801260330138283E-01,  1.0
-5.277468602130281E-01, 7.445454545454547E-01, -1.0
-4.603256585199395E-01, 7.783546312738304E-01,  1.0
-5.099999999999999E-01, 7.538800429904384E-01, -1.0
-4.699999999999999E-01, 7.990909090909093E-01,  1.0
-5.299999999999999E-01, 8.372727272727275E-01, -1.0
-4.909587737466670E-01, 8.754545454545457E-01,  1.0
-5.099999999999999E-01, 8.536363636363639E-01, -1.0
-4.699999999999999E-01, 8.777332882052673E-01,  1.0
-5.099999999999999E-01, 9.348853569798073E-01, -1.0
-4.518181818181817E-01,-8.675679367787086E-01, -1.0
-4.810752902093092E-01,-9.318181818181819E-01,  1.0
-4.518181818181817E-01,-8.536363636363636E-01, -1.0
-5.118181818181817E-01,-8.580043566269072E-01,  1.0
-4.570769619319069E-01,-8.372727272727273E-01, -1.0
-4.918181818181817E-01,-8.360857902013634E-01,  1.0
-4.718181818181817E-01,-8.209090909090909E-01, -1.0
-4.718181818181817E-01,-7.827272727272727E-01,  1.0
-5.109195791330794E-01,-7.645454545454545E-01, -1.0
-4.718181818181817E-01,-7.863636363636364E-01,  1.0
-4.928759791218851E-01,-7.481818181818182E-01, -1.0
-4.918181818181817E-01,-6.699999999999999E-01,  1.0
-4.918181818181818E-01,-7.224529309734145E-01, -1.0
-4.918181818181817E-01,-6.536363636363636E-01,  1.0
-4.718181818181817E-01,-6.697147879582086E-01, -1.0
-4.872017469012176E-01,-6.443733522241093E-01,  1.0
-5.118181818181817E-01,-5.990909090909091E-01, -1.0
-4.518181818181817E-01,-6.209090909090910E-01,  1.0
-4.918181818181817E-01,-5.627272727272727E-01, -1.0
-4.518181818181817E-01,-5.245454545454545E-01,  1.0
-4.918181818181817E-01,-5.642201095369976E-01, -1.0
-4.718181818181817E-01,-5.281818181818182E-01,  1.0
-4.918181818181818E-01,-5.028594120309685E-01, -1.0
-5.118181818181817E-01,-4.718181818181817E-01,  1.0
-4.596039195400762E-01,-4.536363636363636E-01, -1.0
-5.118181818181817E-01,-4.754545454545455E-01,  1.0
-4.718181818181817E-01,-4.172727272727272E-01, -1.0
-5.318181818181817E-01,-3.790909090909090E-01,  1.0
-4.698219587954767E-01,-4.326047809007036E-01, -1.0
-5.118181818181817E-01,-3.761762492040365E-01,  1.0
-4.918181818181818E-01,-3.445454545454545E-01, -1.0
-4.387453803609858E-01,-2.863636363636363E-01,  1.0
-4.871485947818091E-01,-3.281818181818181E-01, -1.0
-4.918181818181817E-01,-2.752829487086210E-01,  1.0
-4.918181818181818E-01,-3.111965844259844E-01, -1.0
-4.610998610431089E-01,-2.536363636363635E-01,  1.0
-4.918181818181817E-01,-2.133049343536743E-01, -1.0
-4.430385920379677E-01,-2.572727272727272E-01,  1.0
-4.718181818181817E-01,-1.790909090909090E-01, -1.0
-4.518181818181817E-01,-2.409090909090909E-01,  1.0
-4.718181818181817E-01,-1.627272727272726E-01, -1.0
-4.718181818181817E-01,-1.245454545454544E-01,  1.0
-4.619490082780335E-01,-1.595454468277255E-01, -1.0
-4.574305921946195E-01,-9.153650498548066E-02,  1.0
-5.100784965483735E-01,-6.999999999999992E-02, -1.0
-4.518181818181817E-01,-7.604626848576300E-02,  1.0
-4.918181818181818E-01,-5.363636363636354E-02, -1.0
-4.518181818181817E-01,-3.545454545454536E-02,  1.0
-4.918181818181818E-01,-6.660383758394769E-03, -1.0
-4.486466237770637E-01,-1.996965367329807E-02,  1.0
-4.918181818181818E-01,-3.529852242237456E-02, -1.0
-5.143409558440049E-01, 2.244558815067697E-02,  1.0
-4.518181818181817E-01, 5.545454545454557E-02, -1.0
-5.183347011066053E-01, 4.806525019432227E-02,  1.0
-4.518181818181817E-01, 5.181818181818193E-02, -1.0
-4.718181818181817E-01, 1.273192198477991E-01,  1.0
-4.596614572081278E-01, 6.818181818181833E-02, -1.0
-4.881447074458918E-01, 1.568678293330522E-01,  1.0
-4.718181818181817E-01, 1.048097187336659E-01, -1.0
-4.816667065668433E-01, 1.627272727272729E-01,  1.0
-4.718181818181817E-01, 2.409090909090911E-01, -1.0
-4.840422186653907E-01, 1.590909090909092E-01,  1.0
-4.775009290140557E-01, 2.572727272727274E-01, -1.0
-4.518181818181817E-01, 2.154545454545456E-01,  1.0
-4.718181818181817E-01, 2.779023552104823E-01, -1.0
-5.318181818181817E-01, 2.385650805747719E-01,  1.0
-4.894117186857484E-01, 2.991898187114329E-01, -1.0
-5.118181818181817E-01, 3.281818181818184E-01,  1.0
-4.518181818181817E-01, 3.578916061442082E-01, -1.0
-5.118181818181817E-01, 3.245454545454547E-01,  1.0
-4.655220452048584E-01, 3.600248817858808E-01, -1.0
-5.118181818181817E-01, 4.009090909090911E-01,  1.0
-4.718181818181817E-01, 4.390909090909093E-01, -1.0
-4.956066160814790E-01, 3.972727272727274E-01,  1.0
-4.718181818181817E-01, 4.232819833422709E-01, -1.0
-4.385608634875865E-01, 4.936363636363638E-01,  1.0
-4.861701125994473E-01, 4.531094846708191E-01, -1.0
-4.892513858812909E-01, 4.900000000000002E-01,  1.0
-4.596160649728412E-01, 5.481818181818184E-01, -1.0
-5.118181818181817E-01, 5.663636363636366E-01,  1.0
-4.718181818181817E-01, 5.680631134190548E-01, -1.0
-5.025173780237465E-01, 5.673713853885529E-01,  1.0
-5.118181818181817E-01, 6.103356219324739E-01, -1.0
-4.518181818181817E-01, 6.190909090909092E-01,  1.0
-4.816567602470641E-01, 6.467574669032686E-01, -1.0
-4.318181818181817E-01, 6.754545454545456E-01,  1.0
-4.918181818181817E-01, 6.338120110098501E-01, -1.0
-4.318181818181817E-01, 6.782065497988030E-01,  1.0
-4.982867472051968E-01, 6.542867132643064E-01, -1.0
-4.518181818181817E-01, 7.481818181818184E-01,  1.0
-5.118181818181817E-01, 6.863636363636365E-01, -1.0
-4.718181818181817E-01, 7.645454545454548E-01,  1.0
-5.288473232801059E-01, 7.706633605861776E-01, -1.0
-4.518181818181817E-01, 7.809090909090911E-01,  1.0
-5.073800545680448E-01, 7.790909090909093E-01, -1.0
-4.718181818181817E-01, 7.972727272727275E-01,  1.0
-4.477936625540564E-01, 8.554545454545457E-01, -1.0
-4.918181818181818E-01, 8.736363636363639E-01,  1.0
-4.518181818181817E-01, 8.476447744685290E-01, -1.0
-4.797392457661801E-01, 8.813208314970805E-01,  1.0
-4.936363636363637E-01,-9.500000000000001E-01,  1.0
-4.536363636363636E-01,-8.403461736283345E-01, -1.0
-5.136363636363637E-01,-8.736363636363637E-01,  1.0
-4.761016361097846E-01,-8.554545454545455E-01, -1.0
-4.736363636363636E-01,-7.772727272727272E-01,  1.0
-4.736363636363636E-01,-8.390909090909091E-01, -1.0
-4.588276724723571E-01,-7.809090909090909E-01,  1.0
-4.141603477720051E-01,-7.827272727272727E-01, -1.0
-4.536363636363636E-01,-7.045454545454545E-01,  1.0
-4.936363636363637E-01,-7.463636363636363E-01, -1.0
-4.610588346061442E-01,-6.969894400128693E-01,  1.0
-4.736363636363636E-01,-7.168144795796275E-01, -1.0
-4.536363636363636E-01,-6.718181818181818E-01,  1.0
-4.899445271237842E-01,-7.035690062749574E-01, -1.0
-4.936363636363637E-01,-6.504754265658276E-01,  1.0
-4.736363636363636E-01,-6.572727272727272E-01, -1.0
-4.544837270531727E-01,-6.190909090909091E-01,  1.0
-4.936363636363637E-01,-5.809090909090909E-01, -1.0
-4.336363636363636E-01,-6.027272727272728E-01,  1.0
-4.936363636363637E-01,-5.645454545454546E-01, -1.0
-4.536363636363636E-01,-5.612059546986589E-01,  1.0
-4.905279625863092E-01,-5.033810372922306E-01, -1.0
-4.536363636363636E-01,-5.099999999999999E-01,  1.0
-4.736363636363636E-01,-4.518181818181817E-01, -1.0
-5.136363636363637E-01,-4.736363636363636E-01,  1.0
-4.736363636363636E-01,-4.354545454545454E-01, -1.0
-4.336363636363636E-01,-3.807068619755615E-01,  1.0
-4.736363636363636E-01,-4.190909090909091E-01, -1.0
-4.336363636363636E-01,-3.609090909090908E-01,  1.0
-4.736363636363636E-01,-3.627272727272727E-01, -1.0
-4.410594270118935E-01,-3.717152748778599E-01,  1.0
-4.736363636363636E-01,-3.463636363636363E-01, -1.0
-4.464821637371802E-01,-2.881818181818181E-01,  1.0
-4.736363636363636E-01,-3.300000000000000E-01, -1.0
-4.536363636363636E-01,-2.518181818181817E-01,  1.0
-5.136363636363637E-01,-2.336363636363635E-01, -1.0
-4.506525121917207E-01,-2.463525203011714E-01,  1.0
-4.806937265492288E-01,-1.792419067374716E-01, -1.0
-4.625207198451321E-01,-2.390909090909090E-01,  1.0
-4.778322718915197E-01,-1.609090909090908E-01, -1.0
-4.336363636363636E-01,-2.027272727272727E-01,  1.0
-4.726350453345866E-01,-1.548079310396507E-01, -1.0
-4.536363636363636E-01,-1.063636363636363E-01,  1.0
-4.600206256433123E-01,-1.681818181818181E-01, -1.0
-4.736363636363636E-01,-1.099999999999999E-01,  1.0
-4.934462477587351E-01,-5.801485537749795E-02, -1.0
-4.336363636363636E-01,-6.951320428708335E-02,  1.0
-4.936363636363637E-01,-6.269444574355570E-02, -1.0
-4.336363636363636E-01,-3.727272727272717E-02,  1.0
-4.736363636363636E-01, 2.090909090909102E-02, -1.0
-4.136363636363636E-01,-2.090909090909080E-02,  1.0
-4.579970043410330E-01, 3.555935098213516E-02, -1.0
-5.136363636363637E-01, 3.545454545454556E-02,  1.0
-4.381196724366470E-01, 5.363636363636375E-02, -1.0
-4.652287125526072E-01, 1.318181818181819E-01,  1.0
-4.386034777836441E-01, 7.000000000000013E-02, -1.0
-4.736363636363636E-01, 1.519850441366658E-01,  1.0
-4.304001238143942E-01, 8.636363636363650E-02, -1.0
-4.861169208040296E-01, 1.445454545454547E-01,  1.0
-4.536363636363636E-01, 1.723643716326498E-01, -1.0
-4.336363636363636E-01, 1.809090909090910E-01,  1.0
-4.881030641194338E-01, 2.551730125018875E-01, -1.0
-4.336363636363636E-01, 1.972727272727274E-01,  1.0
-4.736363636363636E-01, 2.923253341878924E-01, -1.0
-4.336363636363636E-01, 2.736363636363638E-01,  1.0
-4.728003164824826E-01, 2.837660135300125E-01, -1.0
-4.336363636363636E-01, 2.900000000000001E-01,  1.0
-4.536363636363636E-01, 3.446441974726255E-01, -1.0
-5.136363636363637E-01, 3.263636363636365E-01,  1.0
-4.536363636363636E-01, 3.281788254948123E-01, -1.0
-4.136363636363636E-01, 3.794966706027798E-01,  1.0
-4.736363636363636E-01, 3.609090909090911E-01, -1.0
-5.136363636363637E-01, 3.937966764454983E-01,  1.0
-4.587671726403884E-01, 3.972727272727274E-01, -1.0
-4.336363636363636E-01, 4.674745826852258E-01,  1.0
-4.736363636363636E-01, 4.367929665135755E-01, -1.0
-4.324806307864563E-01, 4.918181818181820E-01,  1.0
-4.936363636363637E-01, 5.300000000000002E-01, -1.0
-4.336363636363636E-01, 4.881818181818184E-01,  1.0
-4.936363636363637E-01, 5.238825985332509E-01, -1.0
-4.165435767818516E-01, 5.196055677982894E-01,  1.0
-4.742159670854590E-01, 5.627272727272729E-01, -1.0
-4.336995952982688E-01, 6.009090909090911E-01,  1.0
-4.736363636363636E-01, 5.790909090909092E-01, -1.0
-4.136363636363636E-01, 6.172727272727274E-01,  1.0
-4.940092845689965E-01, 6.354545454545456E-01, -1.0
-4.336363636363636E-01, 6.936363636363638E-01,  1.0
-4.936363636363637E-01, 6.718181818181820E-01, -1.0
-4.242733178728947E-01, 6.950048400735030E-01,  1.0
-4.936363636363637E-01, 6.881818181818183E-01, -1.0
-4.336363636363636E-01, 7.613252980227656E-01,  1.0
-4.936363636363637E-01, 7.084723223452363E-01, -1.0
-4.536363636363636E-01, 7.827272727272729E-01,  1.0
-5.136363636363637E-01, 8.409090909090912E-01, -1.0
-4.536363636363636E-01, 7.790909090909093E-01,  1.0
-4.336363636363636E-01, 8.372727272727275E-01, -1.0
-4.879194796753201E-01, 8.754545454545457E-01,  1.0
-4.536363636363636E-01, 8.541289217500148E-01, -1.0
-4.736363636363636E-01, 8.918181818181821E-01,  1.0
-5.136363636363637E-01, 9.300000000000003E-01, -1.0
-4.215083983723868E-01,-9.478251445812611E-01, -1.0
-3.954545454545454E-01,-8.918181818181818E-01,  1.0
-4.554545454545454E-01,-8.536363636363636E-01, -1.0
-4.642736002807753E-01,-7.954545454545454E-01,  1.0
-4.554545454545454E-01,-8.372727272727273E-01, -1.0
-4.620358622389595E-01,-7.932560590446963E-01,  1.0
-4.154545454545454E-01,-7.809090909090909E-01, -1.0
-4.754545454545455E-01,-7.827272727272727E-01,  1.0
-4.154545454545454E-01,-7.645454545454545E-01, -1.0
-4.554545454545454E-01,-7.143469817235505E-01,  1.0
-4.754545454545455E-01,-7.081818181818181E-01, -1.0
-4.454352152511894E-01,-6.499999999999999E-01,  1.0
-4.099743934871508E-01,-7.318181818181818E-01, -1.0
-4.554545454545454E-01,-6.536363636363636E-01,  1.0
-4.154545454545454E-01,-6.558639698671090E-01, -1.0
-4.554545454545454E-01,-6.172727272727272E-01,  1.0
-4.954545454545455E-01,-5.790909090909091E-01, -1.0
-4.354545454545454E-01,-6.009090909090909E-01,  1.0
-4.954545454545455E-01,-5.715881501935529E-01, -1.0
-4.393024829997136E-01,-5.445454545454546E-01,  1.0
-4.354545454545454E-01,-5.463636363636364E-01, -1.0
-4.554545454545454E-01,-5.205723494387868E-01,  1.0
-4.675790373070452E-01,-4.499999999999999E-01, -1.0
-4.510507504929478E-01,-5.118181818181817E-01,  1.0
-4.554545454545454E-01,-4.336363636363636E-01, -1.0
-4.154545454545454E-01,-4.154545454545454E-01,  1.0
-4.554545454545454E-01,-4.172727272727272E-01, -1.0
-4.354545454545454E-01,-3.671880698627362E-01,  1.0
-4.754545454545455E-01,-4.263592091210151E-01, -1.0
-4.154545454545454E-01,-3.773413342984052E-01,  1.0
-4.754545454545455E-01,-3.445454545454545E-01, -1.0
-4.354545454545454E-01,-3.663636363636363E-01,  1.0
-4.554545454545454E-01,-3.342172305004714E-01, -1.0
-4.354545454545454E-01,-2.699999999999999E-01,  1.0
-4.354545454545454E-01,-3.318181818181818E-01, -1.0
-4.554545454545454E-01,-2.536363636363635E-01,  1.0
-4.695894302105486E-01,-2.954545454545454E-01, -1.0
-4.617551325742890E-01,-2.572727272727272E-01,  1.0
-3.954545454545454E-01,-2.050552711926096E-01, -1.0
-4.554545454545454E-01,-2.194761490021022E-01,  1.0
-4.754545454545455E-01,-1.627272727272726E-01, -1.0
-4.554545454545454E-01,-1.245454545454544E-01,  1.0
-4.754545454545455E-01,-1.663636363636363E-01, -1.0
-4.554545454545454E-01,-1.081818181818181E-01,  1.0
-4.154545454545454E-01,-1.099999999999999E-01, -1.0
-4.554545454545454E-01,-9.181818181818172E-02,  1.0
-4.954545454545455E-01,-5.363636363636354E-02, -1.0
-4.154545454545454E-01,-3.545454545454536E-02,  1.0
-4.954545454545455E-01,-5.727272727272718E-02, -1.0
-4.154545454545454E-01,-1.909090909090898E-02,  1.0
-4.554545454545454E-01, 3.909090909090920E-02, -1.0
-4.154545454545454E-01, 1.988142124241361E-02,  1.0
-4.554545454545454E-01, 3.545454545454556E-02, -1.0
-4.173253434428343E-01, 1.363636363636375E-02,  1.0
-4.354545454545454E-01, 5.181818181818193E-02, -1.0
-4.754545454545455E-01, 1.232231243046864E-01,  1.0
-4.354545454545454E-01, 9.050449855408538E-02, -1.0
-4.354545454545454E-01, 1.463636363636365E-01,  1.0
-3.954545454545454E-01, 1.445454545454547E-01, -1.0
-4.754545454545455E-01, 1.627272727272729E-01,  1.0
-4.718638487201735E-01, 2.066216006971592E-01, -1.0
-4.354545454545454E-01, 1.817975385782885E-01,  1.0
-4.754545454545455E-01, 2.580183414072139E-01, -1.0
-4.354545454545454E-01, 2.154545454545456E-01,  1.0
-4.754545454545455E-01, 2.736363636363638E-01, -1.0
-4.354545454545454E-01, 2.789261831978199E-01,  1.0
-4.706442982379204E-01, 3.448044393711985E-01, -1.0
-4.154545454545454E-01, 3.081818181818183E-01,  1.0
-4.666770329544094E-01, 3.463636363636365E-01, -1.0
-4.077364242693100E-01, 3.845454545454547E-01,  1.0
-4.554545454545454E-01, 3.628336739007588E-01, -1.0
-4.333914035323365E-01, 4.409090909090911E-01,  1.0
-4.554545454545454E-01, 3.790909090909093E-01, -1.0
-4.264402301586700E-01, 3.972727272727274E-01,  1.0
-4.754545454545455E-01, 4.354545454545456E-01, -1.0
-4.154545454545454E-01, 5.134274827847977E-01,  1.0
-4.554545454545454E-01, 4.318181818181819E-01, -1.0
-4.354545454545454E-01, 4.900000000000002E-01,  1.0
-4.754545454545455E-01, 5.481818181818184E-01, -1.0
-4.154545454545454E-01, 5.063636363636366E-01,  1.0
-4.554545454545454E-01, 5.721222454866334E-01, -1.0
-4.181008131610687E-01, 6.027272727272729E-01,  1.0
-4.554545454545454E-01, 5.609090909090910E-01, -1.0
-4.380930365592349E-01, 6.098060609502400E-01,  1.0
-4.620448943579866E-01, 6.372727272727274E-01, -1.0
-4.154545454545454E-01, 6.811800610910638E-01,  1.0
-4.754545454545455E-01, 6.536363636363638E-01, -1.0
-4.154545454545454E-01, 6.760132298068195E-01,  1.0
-4.769130501279370E-01, 6.861710348286107E-01, -1.0
-4.134768782721998E-01, 7.681818181818184E-01,  1.0
-4.653403169691911E-01, 7.078134007565401E-01, -1.0
-4.554545454545454E-01, 7.645454545454548E-01,  1.0
-4.554545454545454E-01, 7.427272727272729E-01, -1.0
-4.154545454545454E-01, 7.960289986981773E-01,  1.0
-4.354545454545454E-01, 8.252666029242665E-01, -1.0
-4.554545454545454E-01, 7.972727272727275E-01,  1.0
-4.554545454545454E-01, 8.554545454545457E-01, -1.0
-4.754545454545455E-01, 8.936363636363639E-01,  1.0
-4.474760143722989E-01, 9.318181818181821E-01, -1.0
-4.754545454545455E-01, 8.900000000000002E-01,  1.0
-4.068888647015481E-01,-8.700000000000000E-01,  1.0
-4.378287221273849E-01,-8.518181818181818E-01, -1.0
-3.972727272727272E-01,-8.822870809791329E-01,  1.0
-4.372727272727273E-01,-8.363903633784269E-01, -1.0
-3.972727272727272E-01,-8.572727272727273E-01,  1.0
-4.172727272727272E-01,-7.990909090909091E-01, -1.0
-4.572727272727273E-01,-7.809090909090909E-01,  1.0
-3.972727272727272E-01,-7.755093530912169E-01, -1.0
-4.572727272727273E-01,-7.045454545454545E-01,  1.0
-3.987616153781775E-01,-7.663636363636364E-01, -1.0
-4.549373082719577E-01,-6.681818181818181E-01,  1.0
-4.099054716638562E-01,-7.500000000000000E-01, -1.0
-4.372727272727273E-01,-6.670909356931656E-01,  1.0
-4.172727272727272E-01,-6.901432327539750E-01, -1.0
-4.372727272727273E-01,-6.354545454545454E-01,  1.0
-4.197823390603398E-01,-6.416333288573514E-01, -1.0
-4.371489250515659E-01,-5.990909090909091E-01,  1.0
-4.304561654959803E-01,-5.409090909090909E-01, -1.0
-4.399802364175692E-01,-5.827272727272728E-01,  1.0
-4.255769358071200E-01,-5.445454545454546E-01, -1.0
-3.972727272727272E-01,-5.063636363636363E-01,  1.0
-4.172727272727272E-01,-5.281818181818182E-01, -1.0
-4.572727272727273E-01,-5.299999999999999E-01,  1.0
-4.509973494401029E-01,-4.635250849223506E-01, -1.0
-3.972727272727272E-01,-4.736363636363636E-01,  1.0
-4.572727272727273E-01,-4.522439322534434E-01, -1.0
-3.972727272727272E-01,-4.772727272727273E-01,  1.0
-4.572727272727273E-01,-4.395085097661838E-01, -1.0
-4.516250569567636E-01,-3.677205757091234E-01,  1.0
-3.972727272727272E-01,-3.627272727272727E-01, -1.0
-4.372727272727273E-01,-3.845454545454545E-01,  1.0
-4.372727272727273E-01,-3.344134461489914E-01, -1.0
-3.972727272727272E-01,-3.151480932294839E-01,  1.0
-4.556705295048010E-01,-2.907577635742681E-01, -1.0
-4.572727272727273E-01,-2.918181818181818E-01,  1.0
-3.772727272727272E-01,-2.592968916896105E-01, -1.0
-4.209874599853465E-01,-2.754545454545454E-01,  1.0
-3.972727272727272E-01,-2.172727272727272E-01, -1.0
-4.572727272727273E-01,-2.508110546548161E-01,  1.0
-3.972727272727272E-01,-2.009090909090908E-01, -1.0
-4.172727272727272E-01,-1.736059196691986E-01,  1.0
-3.972727272727272E-01,-1.245454545454544E-01, -1.0
-4.328705248459754E-01,-1.863636363636363E-01,  1.0
-3.772727272727272E-01,-1.281818181818181E-01, -1.0
-4.372727272727273E-01,-1.064879576805973E-01,  1.0
-3.972727272727272E-01,-1.318181818181817E-01, -1.0
-4.372727272727273E-01,-5.570477250030807E-02,  1.0
-4.772727272727273E-01,-4.892802516928437E-02, -1.0
-4.172727272727272E-01,-3.727272727272717E-02,  1.0
-4.572727272727273E-01, 4.090909090909102E-02, -1.0
-4.172727272727272E-01,-2.956137278408651E-02,  1.0
-4.372727272727273E-01, 5.534427685468638E-02, -1.0
-3.972727272727272E-01, 9.545454545454556E-02,  1.0
-4.311247064340752E-01, 5.363636363636375E-02, -1.0
-4.282972943090155E-01, 1.318181818181819E-01,  1.0
-4.378342595777108E-01, 7.000000000000013E-02, -1.0
-4.172727272727272E-01, 1.428803504720026E-01,  1.0
-4.372727272727273E-01, 1.063636363636365E-01, -1.0
-4.772727272727273E-01, 1.445454545454547E-01,  1.0
-4.372727272727273E-01, 1.810038225960894E-01, -1.0
-4.172727272727272E-01, 1.830742732275676E-01,  1.0
-4.076500015189117E-01, 2.464327762864598E-01, -1.0
-4.222309931536301E-01, 1.972727272727274E-01,  1.0
-4.172727272727272E-01, 2.354545454545456E-01, -1.0
-3.772727272727272E-01, 2.336363636363638E-01,  1.0
-4.372727272727273E-01, 3.115097845013703E-01, -1.0
-4.372727272727273E-01, 2.700000000000001E-01,  1.0
-4.376931052637265E-01, 3.376689921021633E-01, -1.0
-4.172727272727272E-01, 2.974680983266533E-01,  1.0
-4.572727272727273E-01, 3.445454545454547E-01, -1.0
-4.172727272727272E-01, 3.763822911396562E-01,  1.0
-4.572727272727273E-01, 4.009090909090911E-01, -1.0
-3.972727272727272E-01, 4.390909090909093E-01,  1.0
-4.399509563669505E-01, 4.172727272727274E-01, -1.0
-4.172727272727272E-01, 4.856331120679416E-01,  1.0
-4.372727272727273E-01, 4.136363636363637E-01, -1.0
-4.172727272727272E-01, 4.718181818181820E-01,  1.0
-3.784127705410281E-01, 5.300000000000002E-01, -1.0
-4.172727272727272E-01, 4.993330278735143E-01,  1.0
-4.572727272727273E-01, 5.663636363636366E-01, -1.0
-4.172727272727272E-01, 5.245454545454546E-01,  1.0
-4.372727272727273E-01, 5.821061557800796E-01, -1.0
-4.172727272727272E-01, 6.009090909090911E-01,  1.0
-4.772727272727273E-01, 6.390909090909093E-01, -1.0
-4.172727272727272E-01, 6.172727272727274E-01,  1.0
-4.772727272727273E-01, 6.354545454545456E-01, -1.0
-4.172727272727272E-01, 6.838831283529249E-01,  1.0
-4.322767718368644E-01, 6.318181818181819E-01, -1.0
-4.090869478598754E-01, 6.900000000000002E-01,  1.0
-4.662099732561352E-01, 7.000022732523854E-01, -1.0
-4.172727272727272E-01, 7.410235445263115E-01,  1.0
-4.372727272727273E-01, 7.245454545454547E-01, -1.0
-4.172727272727272E-01, 7.827272727272729E-01,  1.0
-4.372727272727273E-01, 8.209090909090911E-01, -1.0
-3.972727272727272E-01, 7.990909090909093E-01,  1.0
-4.533182186190172E-01, 8.451545622458322E-01, -1.0
-3.983035072908893E-01, 8.063891568787075E-01,  1.0
-4.172727272727272E-01, 8.736363636363639E-01, -1.0
-4.406765311533883E-01, 8.997266889328455E-01,  1.0
-4.372727272727273E-01, 9.300000000000003E-01, -1.0
-4.390909090909091E-01,-9.300000000000000E-01, -1.0
-3.990909090909091E-01,-8.744981758761002E-01,  1.0
-4.390909090909091E-01,-8.136363636363636E-01, -1.0
-3.790909090909090E-01,-8.554545454545455E-01,  1.0
-4.190909090909091E-01,-7.972727272727272E-01, -1.0
-3.590909090909090E-01,-8.590909090909091E-01,  1.0
-3.990909090909091E-01,-7.809090909090909E-01, -1.0
-4.491925949429004E-01,-7.267928207882655E-01,  1.0
-3.990909090909091E-01,-7.548397275772775E-01, -1.0
-3.790909090909090E-01,-6.863636363636363E-01,  1.0
-3.990909090909091E-01,-7.481818181818182E-01, -1.0
-4.590909090909091E-01,-6.499999999999999E-01,  1.0
-4.190909090909091E-01,-7.318181818181818E-01, -1.0
-3.790909090909090E-01,-6.336363636363636E-01,  1.0
-4.039581268416231E-01,-6.954545454545454E-01, -1.0
-3.990909090909091E-01,-6.216326784292284E-01,  1.0
-4.190909090909091E-01,-6.390909090909092E-01, -1.0
-4.207036428838178E-01,-6.009090909090909E-01,  1.0
-3.730028717849018E-01,-6.027272727272728E-01, -1.0
-4.190909090909091E-01,-5.645454545454546E-01,  1.0
-4.075782056026114E-01,-5.463636363636364E-01, -1.0
-3.790909090909090E-01,-4.881818181818182E-01,  1.0
-4.156952024912541E-01,-5.299999999999999E-01, -1.0
-3.830495031357725E-01,-4.857144993152492E-01,  1.0
-4.590909090909091E-01,-4.474087182619859E-01, -1.0
-3.990909090909091E-01,-4.754545454545455E-01,  1.0
-4.590909090909091E-01,-4.372727272727273E-01, -1.0
-3.992612804018194E-01,-3.990909090909091E-01,  1.0
-3.790909090909090E-01,-3.809090909090909E-01, -1.0
-4.228121803557516E-01,-3.827272727272727E-01,  1.0
-3.790909090909090E-01,-3.645454545454545E-01, -1.0
-3.841908780589624E-01,-3.263636363636363E-01,  1.0
-4.383273989386389E-01,-3.481818181818181E-01, -1.0
-3.990909090909091E-01,-3.099999999999999E-01,  1.0
-3.790909090909090E-01,-2.518181818181817E-01, -1.0
-4.381776012107355E-01,-2.736363636363636E-01,  1.0
-3.742252267898093E-01,-2.154545454545453E-01, -1.0
-4.590909090909091E-01,-2.413383755534329E-01,  1.0
-3.790909090909090E-01,-2.190909090909090E-01, -1.0
-4.243000594130251E-01,-1.809090909090908E-01,  1.0
-3.790909090909090E-01,-2.024325151170616E-01, -1.0
-3.990909090909091E-01,-1.680453862995414E-01,  1.0
-3.838677608685045E-01,-1.255331790572710E-01, -1.0
-4.388221971230662E-01,-6.818181818181812E-02,  1.0
-3.790909090909090E-01,-1.134963951005052E-01, -1.0
-4.390909090909091E-01,-5.181818181818172E-02,  1.0
-4.263264283761485E-01,-9.363636363636353E-02, -1.0
-4.190909090909091E-01,-3.545454545454536E-02,  1.0
-4.390909090909091E-01, 5.329558981296884E-03, -1.0
-4.151824950977691E-01,-1.909090909090898E-02,  1.0
-4.390909090909091E-01, 3.909090909090920E-02, -1.0
-4.190909090909091E-01,-2.272727272727262E-02,  1.0
-4.190909090909091E-01, 5.545454545454557E-02, -1.0
-4.190909090909091E-01, 1.363636363636375E-02,  1.0
-4.190909090909091E-01, 5.181818181818193E-02, -1.0
-4.588975862677338E-01, 1.001410292470223E-01,  1.0
-4.390909090909091E-01, 8.818181818181832E-02, -1.0
-4.190909090909091E-01, 1.463636363636365E-01,  1.0
-3.790909090909090E-01, 1.045454545454547E-01, -1.0
-4.030009956696471E-01, 1.801856440076973E-01,  1.0
-4.088291276003516E-01, 2.409090909090911E-01, -1.0
-4.390909090909091E-01, 1.790909090909092E-01,  1.0
-4.170698434147901E-01, 2.372727272727274E-01, -1.0
-3.790909090909090E-01, 2.354545454545456E-01,  1.0
-4.548310921312260E-01, 2.736363636363638E-01, -1.0
-3.790909090909090E-01, 2.518181818181819E-01,  1.0
-4.190909090909091E-01, 3.300000000000002E-01, -1.0
-3.790909090909090E-01, 2.681818181818183E-01,  1.0
-4.390909090909091E-01, 3.263636363636365E-01, -1.0
-4.018903754913368E-01, 3.858367035387039E-01,  1.0
-4.390909090909091E-01, 3.427272727272729E-01, -1.0
-4.190909090909091E-01, 3.670997866593892E-01,  1.0
-4.390909090909091E-01, 4.190909090909093E-01, -1.0
-3.790909090909090E-01, 4.572727272727274E-01,  1.0
-4.390909090909091E-01, 4.281855845344749E-01, -1.0
-3.790909090909090E-01, 4.536363636363638E-01,  1.0
-4.590909090909091E-01, 5.169752005073992E-01, -1.0
-4.190909090909091E-01, 5.100000000000002E-01,  1.0
-3.990909090909091E-01, 5.153575059844142E-01, -1.0
-4.190909090909091E-01, 5.348182114654066E-01,  1.0
-3.790909090909090E-01, 5.645454545454547E-01, -1.0
-4.190909090909091E-01, 5.427272727272728E-01,  1.0
-3.790909090909090E-01, 5.682844385733561E-01, -1.0
-3.990909090909091E-01, 5.990909090909092E-01,  1.0
-4.468922144558417E-01, 6.437211583055307E-01, -1.0
-4.190909090909091E-01, 6.754545454545456E-01,  1.0
-4.124726732965049E-01, 6.336363636363638E-01, -1.0
-4.190909090909091E-01, 6.918181818181820E-01,  1.0
-4.590909090909091E-01, 7.165967955886764E-01, -1.0
-3.990909090909091E-01, 7.220905606972937E-01,  1.0
-4.565652195955927E-01, 7.063636363636365E-01, -1.0
-4.126803614115058E-01, 7.845454545454548E-01,  1.0
-4.390909090909091E-01, 7.427272727272729E-01, -1.0
-3.929356709081724E-01, 7.862854380950655E-01,  1.0
-4.390909090909091E-01, 8.312741895145542E-01, -1.0
-3.615513459572961E-01, 8.372727272727275E-01,  1.0
-4.190909090909091E-01, 8.754545454545457E-01, -1.0
-3.590909090909090E-01, 8.336363636363638E-01,  1.0
-4.190909090909091E-01, 8.718181818181820E-01, -1.0
-3.990909090909091E-01, 9.100000000000003E-01,  1.0
-3.609090909090908E-01,-8.700000000000000E-01,  1.0
-3.809090909090909E-01,-9.105283347205250E-01, -1.0
-3.799630356711388E-01,-8.736363636363637E-01,  1.0
-4.135934855262267E-01,-8.154545454545454E-01, -1.0
-3.609090909090908E-01,-8.670653377943610E-01,  1.0
-4.009090909090909E-01,-7.790909090909091E-01, -1.0
-3.609090909090908E-01,-8.209090909090909E-01,  1.0
-4.087110703853131E-01,-7.745957548360354E-01, -1.0
-3.409090909090908E-01,-7.230502058536481E-01,  1.0
-4.134025543281556E-01,-7.636118325415354E-01, -1.0
-3.609090909090908E-01,-6.861280277934677E-01,  1.0
-4.009090909090909E-01,-6.899999999999999E-01, -1.0
-3.409090909090908E-01,-6.879915239515791E-01,  1.0
-4.187603648614378E-01,-7.043962658820839E-01, -1.0
-3.809090909090909E-01,-6.368420171327197E-01,  1.0
-4.007289087080083E-01,-6.237978565703364E-01, -1.0
-4.209090909090909E-01,-5.990909090909091E-01,  1.0
-3.720669307262552E-01,-6.002754020783696E-01, -1.0
-4.009090909090909E-01,-5.827272727272728E-01,  1.0
-4.027884709208016E-01,-5.301937314192415E-01, -1.0
-3.609090909090908E-01,-5.463636363636364E-01,  1.0
-4.071378363410619E-01,-5.269963466449377E-01, -1.0
-3.877132023800132E-01,-4.899999999999999E-01,  1.0
-3.627339666779553E-01,-4.601981437613671E-01, -1.0
-3.809090909090909E-01,-4.736363636363636E-01,  1.0
-3.409090909090908E-01,-4.154545454545454E-01, -1.0
-3.809090909090909E-01,-4.572727272727273E-01,  1.0
-3.797276353738412E-01,-3.990909090909091E-01, -1.0
-4.064837691027664E-01,-4.114228711690796E-01,  1.0
-3.764657449546416E-01,-3.809442265203873E-01, -1.0
-4.209090909090909E-01,-3.734983322995423E-01,  1.0
-3.445773268052389E-01,-3.663636363636363E-01, -1.0
-4.009090909090909E-01,-3.233126370254771E-01,  1.0
-3.707509600503491E-01,-2.499999999999999E-01, -1.0
-4.409090909090909E-01,-2.718181818181817E-01,  1.0
-3.609090909090908E-01,-2.336363636363635E-01, -1.0
-4.409090909090909E-01,-2.554545454545454E-01,  1.0
-3.609090909090908E-01,-2.042716250281311E-01, -1.0
-4.409090909090909E-01,-1.990909090909090E-01,  1.0
-3.609090909090908E-01,-2.209090909090909E-01, -1.0
-4.104761539574931E-01,-1.775799701600428E-01,  1.0
-4.009090909090909E-01,-1.245454545454544E-01, -1.0
-4.134418884211649E-01,-1.663636363636363E-01,  1.0
-3.809090909090909E-01,-1.260659707784542E-01, -1.0
-4.204942954763321E-01,-6.999999999999992E-02,  1.0
-3.784561176971207E-01,-1.118181818181817E-01, -1.0
-4.009090909090909E-01,-3.363636363636354E-02,  1.0
-3.672146381277653E-01,-9.545454545454535E-02, -1.0
-4.052317349848747E-01,-1.727272727272717E-02,  1.0
-3.609090909090908E-01, 2.090909090909102E-02, -1.0
-4.009090909090909E-01,-3.189718063515690E-02,  1.0
-4.209090909090909E-01, 7.215535841312445E-02, -1.0
-4.169123723801495E-01,-4.545454545454438E-03,  1.0
-4.209090909090909E-01, 5.363636363636375E-02, -1.0
-3.809090909090909E-01, 9.668860350778642E-02,  1.0
-4.209090909090909E-01, 7.000000000000013E-02, -1.0
-4.009090909090909E-01, 1.681818181818183E-01,  1.0
-3.485973729708415E-01, 8.636363636363650E-02, -1.0
-4.009090909090909E-01, 1.726144006843965E-01,  1.0
-4.209090909090909E-01, 2.200265723336526E-01, -1.0
-4.009090909090909E-01, 1.809090909090910E-01,  1.0
-4.209090909090909E-01, 2.427600945812940E-01, -1.0
-4.009090909090909E-01, 1.972727272727274E-01,  1.0
-4.214112197564778E-01, 2.954545454545456E-01, -1.0
-3.609090909090908E-01, 2.536363636363638E-01,  1.0
-4.209090909090909E-01, 3.118181818181820E-01, -1.0
-3.809090909090909E-01, 2.700000000000001E-01,  1.0
-4.209090909090909E-01, 3.281818181818184E-01, -1.0
-3.809090909090909E-01, 3.663636363636366E-01,  1.0
-4.209090909090909E-01, 3.445454545454547E-01, -1.0
-3.809090909090909E-01, 3.471841183300614E-01,  1.0
-3.609090909090908E-01, 4.009090909090911E-01, -1.0
-3.809090909090909E-01, 4.253152308704300E-01,  1.0
-4.209090909090909E-01, 4.172727272727274E-01, -1.0
-3.855926131341879E-01, 4.554545454545456E-01,  1.0
-4.009090909090909E-01, 4.736363636363638E-01, -1.0
-4.209090909090909E-01, 4.918181818181819E-01,  1.0
-3.826156576687025E-01, 4.963369223899381E-01, -1.0
-4.084381978994518E-01, 5.255123686844981E-01,  1.0
-3.609090909090908E-01, 5.506887181292108E-01, -1.0
-4.172564436521142E-01, 5.091661305341888E-01,  1.0
-3.609090909090908E-01, 5.827272727272729E-01, -1.0
-4.209090909090909E-01, 5.409090909090910E-01,  1.0
-3.912386851267474E-01, 6.190909090909092E-01, -1.0
-3.809090909090909E-01, 6.556951113890642E-01,  1.0
-3.637598844262952E-01, 5.996024290233531E-01, -1.0
-3.809090909090909E-01, 6.703911714155090E-01,  1.0
-3.409090909090908E-01, 6.918181818181820E-01, -1.0
-4.009090909090909E-01, 7.300000000000002E-01,  1.0
-3.741380248066536E-01, 7.081818181818184E-01, -1.0
-4.112112889963348E-01, 7.863636363636366E-01,  1.0
-3.686946713816223E-01, 7.245454545454547E-01, -1.0
-4.009090909090909E-01, 7.827272727272729E-01,  1.0
-3.809090909090909E-01, 7.609090909090911E-01, -1.0
-3.446762660048195E-01, 8.190909090909093E-01,  1.0
-4.009090909090909E-01, 8.748203433506072E-01, -1.0
-3.609090909090908E-01, 8.180273677112959E-01,  1.0
-4.136302164378036E-01, 8.792047038883857E-01, -1.0
-3.845947031403556E-01, 9.256809998700701E-01,  1.0
-3.609090909090908E-01, 9.158187332337882E-01, -1.0
-4.027272727272727E-01,-8.703431352738938E-01, -1.0
-4.027272727272727E-01,-8.918181818181818E-01,  1.0
-3.766710881483967E-01,-9.136363636363637E-01, -1.0
-3.627272727272727E-01,-8.554545454545455E-01,  1.0
-3.827272727272727E-01,-7.839771333141915E-01, -1.0
-3.627272727272727E-01,-8.390909090909091E-01,  1.0
-3.965285516968963E-01,-7.609090909090909E-01, -1.0
-3.452220223539225E-01,-7.827272727272727E-01,  1.0
-4.027272727272727E-01,-7.645454545454545E-01, -1.0
-3.427272727272727E-01,-6.956969666136550E-01,  1.0
-3.737683664083160E-01,-7.577068211295023E-01, -1.0
-3.408510688056323E-01,-6.899999999999999E-01,  1.0
-4.027272727272727E-01,-7.118181818181818E-01, -1.0
-3.827272727272727E-01,-6.464760041067791E-01,  1.0
-3.751786436872094E-01,-6.704129108565278E-01, -1.0
-3.827272727272727E-01,-6.343406827086334E-01,  1.0
-3.427272727272727E-01,-6.390909090909092E-01, -1.0
-4.027272727272727E-01,-5.792048263252109E-01,  1.0
-3.827272727272727E-01,-6.027272727272728E-01, -1.0
-3.427272727272727E-01,-5.445454545454546E-01,  1.0
-3.850038595008771E-01,-5.263636363636364E-01, -1.0
-3.427272727272727E-01,-5.481818181818182E-01,  1.0
-4.027272727272727E-01,-5.299999999999999E-01, -1.0
-3.983233778608075E-01,-4.918181818181818E-01,  1.0
-4.227272727272727E-01,-4.534131633050936E-01, -1.0
-3.827272727272727E-01,-4.748820728041976E-01,  1.0
-3.399177741562902E-01,-3.972727272727272E-01, -1.0
-3.986242975200166E-01,-4.590909090909091E-01,  1.0
-3.627272727272727E-01,-3.809090909090909E-01, -1.0
-4.027272727272727E-01,-3.227272727272726E-01,  1.0
-3.627272727272727E-01,-3.645454545454545E-01, -1.0
-3.902919035535972E-01,-3.158041134270939E-01,  1.0
-3.427272727272727E-01,-3.481818181818181E-01, -1.0
-4.015668668823192E-01,-3.099999999999999E-01,  1.0
-3.627272727272727E-01,-2.518181818181817E-01, -1.0
-3.774205561498134E-01,-3.136363636363636E-01,  1.0
-3.534516059999561E-01,-2.336203129638733E-01, -1.0
-3.227272727272726E-01,-2.772727272727272E-01,  1.0
-3.427272727272727E-01,-2.190909090909090E-01, -1.0
-4.027272727272727E-01,-1.791030694680331E-01,  1.0
-3.879514648631446E-01,-1.227272727272726E-01, -1.0
-3.749218683237295E-01,-1.645454545454545E-01,  1.0
-3.725947645684973E-01,-1.263636363636363E-01, -1.0
-3.827272727272727E-01,-1.570595792985522E-01,  1.0
-3.729888419795636E-01,-1.099999999999999E-01, -1.0
-4.027272727272727E-01,-7.181818181818173E-02,  1.0
-3.427272727272727E-01,-9.434650075386100E-02, -1.0
-4.012414476260141E-01,-2.812019018319947E-02,  1.0
-3.627272727272727E-01, 2.727272727272832E-03, -1.0
-4.027272727272727E-01,-1.909090909090898E-02,  1.0
-3.627272727272727E-01, 2.767357270718659E-03, -1.0
-3.627272727272727E-01, 5.671969451879721E-02,  1.0
-3.621959332165645E-01, 1.545454545454556E-02, -1.0
-3.920310368286388E-01, 1.136363636363637E-01,  1.0
-3.627272727272727E-01, 5.181818181818193E-02, -1.0
-4.027272727272727E-01, 1.300000000000001E-01,  1.0
-3.627272727272727E-01, 1.081818181818183E-01, -1.0
-4.227272727272727E-01, 1.391384020993263E-01,  1.0
-3.227272727272726E-01, 1.339582200667841E-01, -1.0
-4.027272727272727E-01, 1.627272727272729E-01,  1.0
-3.998152863767935E-01, 2.409090909090911E-01, -1.0
-3.868577639684037E-01, 1.999311092318432E-01,  1.0
-4.227272727272727E-01, 2.372727272727274E-01, -1.0
-3.714337031381875E-01, 2.354545454545456E-01,  1.0
-4.227272727272727E-01, 2.536363636363638E-01, -1.0
-3.627272727272727E-01, 2.518181818181819E-01,  1.0
-3.427272727272727E-01, 3.070577062695322E-01, -1.0
-3.627272727272727E-01, 2.724696116882085E-01,  1.0
-3.427272727272727E-01, 3.263636363636365E-01, -1.0
-3.827272727272727E-01, 3.445454545454547E-01,  1.0
-3.627272727272727E-01, 4.007157245479885E-01, -1.0
-3.781058445635199E-01, 4.409090909090911E-01,  1.0
-3.427272727272727E-01, 3.990909090909093E-01, -1.0
-3.827272727272727E-01, 4.572727272727274E-01,  1.0
-3.427272727272727E-01, 4.154545454545456E-01, -1.0
-3.427272727272727E-01, 5.082909176833401E-01,  1.0
-3.827272727272727E-01, 4.736653823320987E-01, -1.0
-3.275911335417971E-01, 5.100000000000002E-01,  1.0
-3.627272727272727E-01, 5.481818181818184E-01, -1.0
-4.027272727272727E-01, 5.279202911158820E-01,  1.0
-3.767528652911246E-01, 5.645454545454547E-01, -1.0
-3.256378525316667E-01, 5.827272727272729E-01,  1.0
-3.958577764832524E-01, 5.832270777092704E-01, -1.0
-3.959037609028979E-01, 6.190909090909092E-01,  1.0
-4.227272727272727E-01, 6.372727272727274E-01, -1.0
-3.627272727272727E-01, 6.700559384918895E-01,  1.0
-3.827272727272727E-01, 6.739044736497538E-01, -1.0
-3.528694844181802E-01, 6.518181818181820E-01,  1.0
-3.227272727272726E-01, 6.900000000000002E-01, -1.0
-4.027272727272727E-01, 7.336639976542726E-01,  1.0
-3.827272727272727E-01, 7.164044458912333E-01, -1.0
-3.609806587193674E-01, 7.845454545454548E-01,  1.0
-3.827272727272727E-01, 7.424413580549754E-01, -1.0
-3.627272727272727E-01, 8.209090909090911E-01,  1.0
-4.227272727272727E-01, 8.318331711700879E-01, -1.0
-3.455744739614620E-01, 8.372727272727275E-01,  1.0
-4.227272727272727E-01, 8.154545454545457E-01, -1.0
-3.627272727272727E-01, 8.186157064145985E-01,  1.0
-4.085477348975226E-01, 8.808110440769080E-01, -1.0
-4.027272727272727E-01, 9.100000000000003E-01,  1.0
-3.645454545454545E-01,-8.641748449205250E-01,  1.0
-4.045454545454545E-01,-8.318181818181818E-01, -1.0
-3.468905765354401E-01,-8.536363636363636E-01,  1.0
-3.845454545454545E-01,-7.990237269986431E-01, -1.0
-3.645454545454545E-01,-8.572727272727273E-01,  1.0
-3.702243739598859E-01,-7.854337710244261E-01, -1.0
-3.140466851530542E-01,-7.809090909090909E-01,  1.0
-3.845454545454545E-01,-7.480982162107565E-01, -1.0
-3.257638085513226E-01,-7.816368215604007E-01,  1.0
-3.845454545454545E-01,-7.680513638935405E-01, -1.0
-3.560452455650863E-01,-6.881818181818181E-01,  1.0
-3.501562041977124E-01,-7.300000000000000E-01, -1.0
-3.445454545454545E-01,-6.718181818181818E-01,  1.0
-3.445454545454545E-01,-6.336363636363636E-01, -1.0
-3.845454545454545E-01,-6.354545454545454E-01,  1.0
-3.468403084989813E-01,-6.372727272727272E-01, -1.0
-3.845454545454545E-01,-5.790909090909091E-01,  1.0
-3.445454545454545E-01,-6.209090909090910E-01, -1.0
-3.445454545454545E-01,-5.627272727272727E-01,  1.0
-3.845454545454545E-01,-5.845454545454546E-01, -1.0
-3.445454545454545E-01,-5.463636363636364E-01,  1.0
-3.245454545454545E-01,-4.881818181818182E-01, -1.0
-3.982973295392273E-01,-4.899999999999999E-01,  1.0
-3.245454545454545E-01,-4.518181818181817E-01, -1.0
-3.445454545454545E-01,-4.736363636363636E-01,  1.0
-3.281441427603202E-01,-4.450809666041937E-01, -1.0
-3.837435893352553E-01,-4.572727272727273E-01,  1.0
-3.445454545454545E-01,-3.990909090909091E-01, -1.0
-3.455149247347070E-01,-3.609090909090908E-01,  1.0
-3.645454545454545E-01,-3.827272727272727E-01, -1.0
-3.384812375463265E-01,-3.245454545454545E-01,  1.0
-3.645454545454545E-01,-3.663636363636363E-01, -1.0
-3.845454545454545E-01,-3.281818181818181E-01,  1.0
-3.245454545454545E-01,-2.693985794133792E-01, -1.0
-3.905139498682825E-01,-3.118181818181818E-01,  1.0
-3.557780239320116E-01,-2.310252250690331E-01, -1.0
-3.445454545454545E-01,-2.954545454545454E-01,  1.0
-3.571362123016028E-01,-2.172727272727272E-01, -1.0
-3.845454545454545E-01,-1.590909090909090E-01,  1.0
-3.445454545454545E-01,-2.209090909090909E-01, -1.0
-3.645454545454545E-01,-1.627272727272726E-01,  1.0
-3.845454545454545E-01,-1.245454545454544E-01, -1.0
-3.626591764037858E-01,-1.661483649404310E-01,  1.0
-3.730140750234155E-01,-1.081818181818181E-01, -1.0
-3.845454545454545E-01,-5.277182199384963E-02,  1.0
-3.451427759023981E-01,-9.181818181818172E-02, -1.0
-3.245454545454545E-01,-1.363636363636354E-02,  1.0
-3.445454545454545E-01,-5.545454545454536E-02, -1.0
-4.045454545454545E-01,-3.342445994996742E-02,  1.0
-3.538194286394544E-01, 2.090909090909102E-02, -1.0
-3.245454545454545E-01,-2.090909090909080E-02,  1.0
-3.645454545454545E-01, 1.727272727272738E-02, -1.0
-3.445454545454545E-01, 7.545454545454557E-02,  1.0
-3.834886797929349E-01, 3.363636363636375E-02, -1.0
-3.845454545454545E-01, 9.926969421167320E-02,  1.0
-3.645454545454545E-01, 9.061563639715803E-02, -1.0
-3.288830742588968E-01, 1.281818181818183E-01,  1.0
-3.445454545454545E-01, 1.463636363636365E-01, -1.0
-3.845454545454545E-01, 1.779667663239855E-01,  1.0
-3.445454545454545E-01, 1.627742458762577E-01, -1.0
-3.627039425390503E-01, 2.009090909090910E-01,  1.0
-3.045454545454545E-01, 1.590909090909092E-01, -1.0
-3.539925629099858E-01, 2.172727272727274E-01,  1.0
-3.332448490755407E-01, 2.877208367403012E-01, -1.0
-3.640543237534573E-01, 2.456214017467372E-01,  1.0
-3.445454545454545E-01, 3.104837430270662E-01, -1.0
-3.845454545454545E-01, 2.900000000000001E-01,  1.0
-3.481530376648547E-01, 3.281818181818184E-01, -1.0
-3.645454545454545E-01, 3.463636363636365E-01,  1.0
-3.445454545454545E-01, 3.845454545454547E-01, -1.0
-3.645454545454545E-01, 3.627272727272729E-01,  1.0
-3.494081788299351E-01, 3.809090909090911E-01, -1.0
-3.845454545454545E-01, 4.390909090909093E-01,  1.0
-3.445454545454545E-01, 3.972727272727274E-01, -1.0
-3.286842088810620E-01, 4.954545454545456E-01,  1.0
-3.445454545454545E-01, 4.536363636363638E-01, -1.0
-3.445454545454545E-01, 5.118181818181819E-01,  1.0
-3.845454545454545E-01, 4.778622603719235E-01, -1.0
-3.445454545454545E-01, 4.924202322733950E-01,  1.0
-3.645454545454545E-01, 5.663636363636366E-01, -1.0
-3.412876412014729E-01, 5.845454545454547E-01,  1.0
-3.845454545454545E-01, 5.575301800126243E-01, -1.0
-4.045454545454545E-01, 6.025747928621981E-01,  1.0
-3.444415050164333E-01, 6.190909090909092E-01, -1.0
-3.445454545454545E-01, 6.372727272727274E-01,  1.0
-3.081357126835964E-01, 6.850354256385773E-01, -1.0
-3.791638801323235E-01, 6.536363636363638E-01,  1.0
-3.245454545454545E-01, 6.890887111173257E-01, -1.0
-3.445454545454545E-01, 7.500000000000002E-01,  1.0
-3.245454545454545E-01, 7.036725802987105E-01, -1.0
-3.557344428805007E-01, 7.733133743203436E-01,  1.0
-3.845454545454545E-01, 7.245454545454547E-01, -1.0
-3.445454545454545E-01, 7.986904687611157E-01,  1.0
-3.045454545454545E-01, 7.756858254892239E-01, -1.0
-3.631519258015801E-01, 8.190909090909093E-01,  1.0
-4.045454545454545E-01, 8.572727272727275E-01, -1.0
-3.572564578272251E-01, 8.354545454545457E-01,  1.0
-3.928907883631745E-01, 8.936363636363639E-01, -1.0
-3.245454545454545E-01, 8.610777481273060E-01,  1.0
-3.450052258076338E-01, 9.045754533191830E-01, -1.0
-3.312707579745131E-01,-9.500000000000001E-01, -1.0
-3.463636363636363E-01,-8.651581230595073E-01,  1.0
-3.339524433901653E-01,-8.595797901595169E-01, -1.0
-3.063636363636363E-01,-8.223169074733274E-01,  1.0
-3.663636363636363E-01,-7.972727272727272E-01, -1.0
-3.152438244263968E-01,-7.990909090909091E-01,  1.0
-3.663636363636363E-01,-7.980673480359550E-01, -1.0
-3.263636363636363E-01,-7.955435961231390E-01,  1.0
-3.863636363636364E-01,-7.839867011805691E-01, -1.0
-3.312547836215350E-01,-7.663636363636364E-01,  1.0
-3.583543849016065E-01,-7.481818181818182E-01, -1.0
-3.263636363636363E-01,-6.899999999999999E-01,  1.0
-3.063636363636363E-01,-7.118181818181818E-01, -1.0
-3.334869651837403E-01,-6.715534991605895E-01,  1.0
-3.531635844454526E-01,-6.210766969626905E-01, -1.0
-3.263636363636363E-01,-6.372727272727272E-01,  1.0
-3.343780979700028E-01,-6.390909090909092E-01, -1.0
-3.406040790048527E-01,-5.609090909090909E-01,  1.0
-3.663636363636363E-01,-6.061029190634071E-01, -1.0
-3.463636363636363E-01,-5.595436921848648E-01,  1.0
-2.863636363636363E-01,-5.063636363636363E-01, -1.0
-3.617627878991542E-01,-5.481818181818182E-01,  1.0
-3.063636363636363E-01,-4.899999999999999E-01, -1.0
-3.863636363636364E-01,-4.918181818181817E-01,  1.0
-3.376542278095347E-01,-4.658673236813712E-01, -1.0
-3.263636363636363E-01,-4.554545454545454E-01,  1.0
-3.263636363636363E-01,-4.172727272727272E-01, -1.0
-3.488535296478977E-01,-3.790909090909090E-01,  1.0
-3.063636363636363E-01,-4.009090909090909E-01, -1.0
-3.444564072120564E-01,-3.427272727272727E-01,  1.0
-3.203774965737879E-01,-3.845454545454545E-01, -1.0
-3.263636363636363E-01,-3.278411310148792E-01,  1.0
-2.993380647369659E-01,-2.759044190419166E-01, -1.0
-3.663636363636363E-01,-3.099999999999999E-01,  1.0
-3.695636828847582E-01,-2.318181818181817E-01, -1.0
-3.393067639273555E-01,-2.936363636363636E-01,  1.0
-3.663636363636363E-01,-2.154545454545453E-01, -1.0
-3.063636363636363E-01,-2.576132624637058E-01,  1.0
-3.496835285569512E-01,-2.103166290949049E-01, -1.0
-3.463636363636363E-01,-1.809090909090908E-01,  1.0
-3.263636363636363E-01,-2.027272727272727E-01, -1.0
-3.463636363636363E-01,-1.645454545454545E-01,  1.0
-3.663636363636363E-01,-1.063636363636363E-01, -1.0
-3.263636363636363E-01,-1.481818181818181E-01,  1.0
-3.263636363636363E-01,-1.099999999999999E-01, -1.0
-3.663636363636363E-01,-5.850483599595966E-02,  1.0
-3.463636363636363E-01,-3.855543079057953E-02, -1.0
-3.063636363636363E-01,-3.545454545454536E-02,  1.0
-3.463636363636363E-01,-7.299574998367994E-02, -1.0
-3.063636363636363E-01,-1.182961476455184E-02,  1.0
-3.463636363636363E-01, 1.909090909090920E-02, -1.0
-3.461451678862519E-01, 5.727272727272738E-02,  1.0
-3.607160936449224E-01, 3.545454545454556E-02, -1.0
-2.979885889349377E-01, 3.623157401812110E-02,  1.0
-3.463636363636363E-01, 7.568887585162179E-02, -1.0
-3.330177449673224E-01, 1.300000000000001E-01,  1.0
-3.063636363636363E-01, 1.053584525111449E-01, -1.0
-3.389995791238141E-01, 1.263636363636365E-01,  1.0
-3.463636363636363E-01, 1.445454545454547E-01, -1.0
-3.721877356811963E-01, 2.027272727272729E-01,  1.0
-2.863636363636363E-01, 1.609090909090910E-01, -1.0
-3.794403970898269E-01, 2.188276707438144E-01,  1.0
-3.063636363636363E-01, 2.581679004854519E-01, -1.0
-3.663636363636363E-01, 2.154545454545456E-01,  1.0
-3.149826021061589E-01, 2.575453234724330E-01, -1.0
-3.663636363636363E-01, 2.518181818181819E-01,  1.0
-3.613987124523763E-01, 3.100000000000002E-01, -1.0
-3.063636363636363E-01, 2.842325526026679E-01,  1.0
-3.487878728002824E-01, 3.263636363636365E-01, -1.0
-3.732512948897231E-01, 3.443992280938408E-01,  1.0
-3.463636363636363E-01, 3.827272727272729E-01, -1.0
-2.863636363636363E-01, 4.009090909090911E-01,  1.0
-3.525803200592076E-01, 3.990909090909093E-01, -1.0
-3.136543534171392E-01, 4.772727272727275E-01,  1.0
-3.463636363636363E-01, 4.159912009947579E-01, -1.0
-3.863636363636364E-01, 4.491189574312264E-01,  1.0
-3.452399919021102E-01, 4.718181818181820E-01, -1.0
-3.263636363636363E-01, 5.100000000000002E-01,  1.0
-3.663636363636363E-01, 5.481818181818184E-01, -1.0
-3.263636363636363E-01, 5.063636363636366E-01,  1.0
-3.714474319504252E-01, 5.645454545454547E-01, -1.0
-3.063636363636363E-01, 5.827272727272729E-01,  1.0
-3.614172988582843E-01, 6.009090909090911E-01, -1.0
-3.063636363636363E-01, 5.790909090909092E-01,  1.0
-3.463636363636363E-01, 6.172727272727274E-01, -1.0
-3.463636363636363E-01, 6.354545454545456E-01,  1.0
-3.263636363636363E-01, 6.936363636363638E-01, -1.0
-3.663636363636363E-01, 6.518181818181820E-01,  1.0
-3.063636363636363E-01, 6.761277546569726E-01, -1.0
-3.463636363636363E-01, 7.681818181818184E-01,  1.0
-3.063636363636363E-01, 7.063636363636365E-01, -1.0
-3.463636363636363E-01, 7.962019753379108E-01,  1.0
-3.063636363636363E-01, 7.827272727272729E-01, -1.0
-3.634647930711354E-01, 8.209090909090911E-01,  1.0
-2.997366413044085E-01, 8.190909090909093E-01, -1.0
-3.463636363636363E-01, 8.172727272727275E-01,  1.0
-3.063636363636363E-01, 8.554545454545457E-01, -1.0
-3.462318760523713E-01, 8.282942276895047E-01,  1.0
-3.446342884031203E-01, 9.118181818181821E-01, -1.0
-3.363364816221935E-01, 8.500000000000002E-01,  1.0
-2.814615882584823E-01,-8.741640892572362E-01,  1.0
-3.343375256415017E-01,-9.196297811186318E-01, -1.0
-2.881818181818181E-01,-8.536363636363636E-01,  1.0
-3.123157288723642E-01,-8.737788834873332E-01, -1.0
-3.281818181818181E-01,-8.172727272727273E-01,  1.0
-2.881818181818181E-01,-7.590909090909090E-01, -1.0
-3.084324470680796E-01,-8.039638999975671E-01,  1.0
-2.881818181818181E-01,-7.427272727272727E-01, -1.0
-3.146000999960235E-01,-7.591333021575467E-01,  1.0
-3.681818181818182E-01,-7.431757002869834E-01, -1.0
-3.481818181818181E-01,-6.819318047892470E-01,  1.0
-2.881818181818181E-01,-7.133051777351274E-01, -1.0
-3.281818181818181E-01,-6.718181818181818E-01,  1.0
-2.881818181818181E-01,-6.936363636363636E-01, -1.0
-3.081818181818181E-01,-6.513427439803616E-01,  1.0
-3.481818181818181E-01,-6.372727272727272E-01, -1.0
-3.193961334127538E-01,-6.190909090909091E-01,  1.0
-3.524123680582129E-01,-6.209090909090910E-01, -1.0
-3.281818181818181E-01,-5.427272727272727E-01,  1.0
-2.881818181818181E-01,-5.245454545454545E-01, -1.0
-3.481818181818181E-01,-5.623353392992048E-01,  1.0
-3.026564985416543E-01,-5.081818181818182E-01, -1.0
-3.424227393497571E-01,-5.132274053567271E-01,  1.0
-3.081818181818181E-01,-4.974682349525343E-01, -1.0
-2.994625909704343E-01,-4.536363636363636E-01,  1.0
-3.481818181818181E-01,-4.154545454545454E-01, -1.0
-2.881818181818181E-01,-4.372727272727273E-01,  1.0
-3.081818181818181E-01,-3.990909090909091E-01, -1.0
-3.450838881103834E-01,-3.733363596949932E-01,  1.0
-3.232427834849707E-01,-3.827272727272727E-01, -1.0
-3.281818181818181E-01,-3.445454545454545E-01,  1.0
-2.881818181818181E-01,-3.063636363636363E-01, -1.0
-3.188100372621233E-01,-3.469140296014508E-01,  1.0
-3.081818181818181E-01,-2.930517686680863E-01, -1.0
-3.481818181818181E-01,-2.918181818181818E-01,  1.0
-3.481818181818181E-01,-2.336363636363635E-01, -1.0
-3.281818181818181E-01,-2.754545454545454E-01,  1.0
-3.171588831039360E-01,-1.972727272727272E-01, -1.0
-2.867750495608924E-01,-2.390909090909090E-01,  1.0
-3.281818181818181E-01,-1.856063041463030E-01, -1.0
-3.481818181818181E-01,-1.570389521644943E-01,  1.0
-3.094291804788503E-01,-1.845454545454545E-01, -1.0
-3.081818181818181E-01,-1.463636363636363E-01,  1.0
-3.133049229973635E-01,-1.081818181818181E-01, -1.0
-3.081818181818181E-01,-1.499999999999999E-01,  1.0
-3.281818181818181E-01,-9.181818181818172E-02, -1.0
-2.881818181818181E-01,-5.363636363636354E-02,  1.0
-3.281818181818181E-01,-5.545454545454536E-02, -1.0
-3.012602348482812E-01,-1.629771969949171E-02,  1.0
-3.481818181818181E-01,-5.909090909090899E-02, -1.0
-3.081818181818181E-01,-9.090909090908022E-04,  1.0
-3.421883448326609E-01, 1.727272727272738E-02, -1.0
-2.700326980668853E-01, 3.545454545454556E-02,  1.0
-3.081818181818181E-01, 9.363636363636374E-02, -1.0
-3.281818181818181E-01, 5.708546101679200E-02,  1.0
-3.081818181818181E-01, 8.571448074119181E-02, -1.0
-3.481818181818181E-01, 1.281818181818183E-01,  1.0
-3.281818181818181E-01, 1.463636363636365E-01, -1.0
-3.481818181818181E-01, 1.198765879632373E-01,  1.0
-2.690966716689284E-01, 1.678385656790859E-01, -1.0
-3.681818181818182E-01, 2.022427805631142E-01,  1.0
-3.081818181818181E-01, 2.389301175437024E-01, -1.0
-3.681818181818182E-01, 2.194770073246360E-01,  1.0
-3.281818181818181E-01, 2.754545454545456E-01, -1.0
-3.081818181818181E-01, 2.536363636363638E-01,  1.0
-3.481818181818181E-01, 3.118181818181820E-01, -1.0
-3.681818181818182E-01, 2.500000000000001E-01,  1.0
-3.281818181818181E-01, 3.281818181818184E-01, -1.0
-2.681818181818181E-01, 3.532394751235109E-01,  1.0
-3.409844779720086E-01, 3.845454545454547E-01, -1.0
-2.762792163496246E-01, 3.546444009213863E-01,  1.0
-3.281818181818181E-01, 3.809090909090911E-01, -1.0
-2.881818181818181E-01, 4.190909090909093E-01,  1.0
-3.362172250715015E-01, 3.972727272727274E-01, -1.0
-2.681818181818181E-01, 4.954545454545456E-01,  1.0
-3.281818181818181E-01, 4.336363636363638E-01, -1.0
-3.281818181818181E-01, 4.967471418348205E-01,  1.0
-3.081818181818181E-01, 4.672695896185818E-01, -1.0
-3.400088457541442E-01, 4.997719094534727E-01,  1.0
-3.481818181818181E-01, 5.663636363636366E-01, -1.0
-2.681818181818181E-01, 5.396284975188184E-01,  1.0
-3.481818181818181E-01, 5.544067864027860E-01, -1.0
-2.985221319819049E-01, 5.809090909090910E-01,  1.0
-2.881818181818181E-01, 6.390909090909093E-01, -1.0
-3.281818181818181E-01, 6.348766457803702E-01,  1.0
-2.681818181818181E-01, 6.554545454545456E-01, -1.0
-3.281818181818181E-01, 6.536363636363638E-01,  1.0
-2.881818181818181E-01, 6.557906762773995E-01, -1.0
-3.081818181818181E-01, 6.900000000000002E-01,  1.0
-3.081818181818181E-01, 6.996135967746143E-01, -1.0
-3.481818181818181E-01, 7.663636363636366E-01,  1.0
-2.881818181818181E-01, 7.245454545454547E-01, -1.0
-3.481818181818181E-01, 7.909665138585121E-01,  1.0
-2.881818181818181E-01, 7.424483318768549E-01, -1.0
-3.281818181818181E-01, 7.990909090909093E-01,  1.0
-3.007540244074410E-01, 8.372727272727275E-01, -1.0
-3.489289624229145E-01, 8.354545454545457E-01,  1.0
-3.481818181818181E-01, 9.066866658835874E-01, -1.0
-3.126181112938556E-01, 8.518181818181820E-01,  1.0
-3.481818181818181E-01, 9.100000000000003E-01, -1.0
-3.300000000000000E-01,-9.500000000000001E-01, -1.0
-2.661820971860951E-01,-8.508126693792206E-01,  1.0
-3.300000000000000E-01,-8.536363636363636E-01, -1.0
-2.699999999999999E-01,-8.603345234269554E-01,  1.0
-3.300000000000000E-01,-8.735467952318735E-01, -1.0
-3.099999999999999E-01,-7.990909090909091E-01,  1.0
-2.819313238107310E-01,-7.409090909090909E-01, -1.0
-2.987438879308915E-01,-8.027272727272727E-01,  1.0
-2.699999999999999E-01,-7.611977708833431E-01, -1.0
-3.300000000000000E-01,-7.773150145827621E-01,  1.0
-3.016345278975113E-01,-7.281818181818182E-01, -1.0
-3.300000000000000E-01,-6.699999999999999E-01,  1.0
-2.699999999999999E-01,-6.718181818181818E-01, -1.0
-3.300000000000000E-01,-6.731688667077071E-01,  1.0
-2.699999999999999E-01,-6.554545454545454E-01, -1.0
-3.144050292240603E-01,-5.772727272727272E-01,  1.0
-3.435688805123739E-01,-6.201826305391120E-01, -1.0
-2.775715563354663E-01,-5.776721469126661E-01,  1.0
-2.942467299913277E-01,-5.227272727272727E-01, -1.0
-3.300000000000000E-01,-5.645454545454546E-01,  1.0
-2.792198999102639E-01,-5.220154983263373E-01, -1.0
-3.323014233263861E-01,-5.481818181818182E-01,  1.0
-2.899999999999999E-01,-5.099999999999999E-01, -1.0
-2.699999999999999E-01,-4.718181818181817E-01,  1.0
-2.953635681897484E-01,-4.936363636363637E-01, -1.0
-3.065628788342952E-01,-4.554545454545454E-01,  1.0
-3.300000000000000E-01,-4.047210699707007E-01, -1.0
-2.701788444975486E-01,-4.330475670671303E-01,  1.0
-3.099999999999999E-01,-3.950344968303369E-01, -1.0
-3.274130616518851E-01,-3.427272727272727E-01,  1.0
-2.699999999999999E-01,-3.645454545454545E-01, -1.0
-3.105664557069025E-01,-3.429499301000614E-01,  1.0
-2.899999999999999E-01,-2.881818181818181E-01, -1.0
-3.300000000000000E-01,-3.357599437004064E-01,  1.0
-2.899999999999999E-01,-3.118181818181818E-01, -1.0
-3.300000000000000E-01,-2.669220092263375E-01,  1.0
-3.300000000000000E-01,-2.154545454545453E-01, -1.0
-2.699999999999999E-01,-2.172727272727272E-01,  1.0
-3.300000000000000E-01,-1.966974141224919E-01, -1.0
-2.499999999999999E-01,-2.009090909090908E-01,  1.0
-3.276915888176187E-01,-1.827272727272727E-01, -1.0
-2.899999999999999E-01,-1.445454545454544E-01,  1.0
-3.099999999999999E-01,-1.863636363636363E-01, -1.0
-2.699999999999999E-01,-1.594035493245247E-01,  1.0
-3.099999999999999E-01,-8.999999999999991E-02, -1.0
-2.699999999999999E-01,-5.181818181818172E-02,  1.0
-3.300000000000000E-01,-9.337976580354432E-02, -1.0
-3.073173042047108E-01,-1.910848978411944E-02,  1.0
-3.383866394487496E-01,-6.426542206463536E-02, -1.0
-2.899999999999999E-01, 9.090909090910156E-04,  1.0
-3.214350503419272E-01, 2.271993414560496E-02, -1.0
-2.699999999999999E-01, 5.334605820985069E-02,  1.0
-3.500000000000000E-01, 2.440104900396783E-02, -1.0
-2.699999999999999E-01, 3.363636363636375E-02,  1.0
-3.036413921437848E-01, 8.978255128701845E-02, -1.0
-2.525224378130292E-01, 9.000000000000012E-02,  1.0
-2.996935383677424E-01, 8.846797083499158E-02, -1.0
-2.544360640641652E-01, 1.063636363636365E-01,  1.0
-2.682524518508966E-01, 1.772921475440427E-01, -1.0
-3.293207523422081E-01, 2.027272727272729E-01,  1.0
-2.816350256065104E-01, 1.809090909090910E-01, -1.0
-3.181628701535062E-01, 2.084863854028153E-01,  1.0
-2.732888504400486E-01, 1.972727272727274E-01, -1.0
-2.899999999999999E-01, 2.354545454545456E-01,  1.0
-3.300000000000000E-01, 2.936363636363638E-01, -1.0
-2.899999999999999E-01, 2.518181818181819E-01,  1.0
-3.300000000000000E-01, 3.175628530445661E-01, -1.0
-2.699999999999999E-01, 2.944052505609026E-01,  1.0
-3.300000000000000E-01, 3.812129367205506E-01, -1.0
-2.699999999999999E-01, 3.406311315114275E-01,  1.0
-3.300000000000000E-01, 3.827272727272729E-01, -1.0
-3.042537499410218E-01, 4.209090909090911E-01,  1.0
-3.300000000000000E-01, 4.150421736800490E-01, -1.0
-2.899999999999999E-01, 4.372727272727274E-01,  1.0
-3.099999999999999E-01, 4.354545454545456E-01, -1.0
-2.699999999999999E-01, 4.671160334921350E-01,  1.0
-3.046734446287281E-01, 4.518181818181820E-01, -1.0
-3.300000000000000E-01, 5.087679980979887E-01,  1.0
-3.122293385621911E-01, 5.311694260880317E-01, -1.0
-2.699999999999999E-01, 5.263636363636366E-01,  1.0
-3.500000000000000E-01, 5.645454545454547E-01, -1.0
-2.899999999999999E-01, 5.827272727272729E-01,  1.0
-3.048109800798647E-01, 6.396009163452598E-01, -1.0
-2.899999999999999E-01, 5.790909090909092E-01,  1.0
-2.787794433372546E-01, 6.619657440368023E-01, -1.0
-3.300000000000000E-01, 6.154545454545456E-01,  1.0
-3.174868476731004E-01, 7.024304968663526E-01, -1.0
-3.446602254585002E-01, 6.518181818181820E-01,  1.0
-3.099999999999999E-01, 6.900000000000002E-01, -1.0
-2.899999999999999E-01, 7.217265539215008E-01,  1.0
-2.961423462542266E-01, 7.063636363636365E-01, -1.0
-3.447928853112112E-01, 7.985582623750945E-01,  1.0
-2.899999999999999E-01, 7.447632303592493E-01, -1.0
-3.099999999999999E-01, 8.009090909090911E-01,  1.0
-3.137773265071724E-01, 8.415620272908836E-01, -1.0
-3.099999999999999E-01, 8.275309964247726E-01,  1.0
-2.899999999999999E-01, 8.484050361649810E-01, -1.0
-3.300000000000000E-01, 8.336363636363638E-01,  1.0
-2.699999999999999E-01, 9.118181818181821E-01, -1.0
-3.300000000000000E-01, 8.700000000000002E-01,  1.0
-2.718181818181817E-01,-8.700000000000000E-01,  1.0
-3.118181818181818E-01,-9.118181818181819E-01, -1.0
-2.718181818181817E-01,-8.441093390252895E-01,  1.0
-3.064871590958960E-01,-8.527498477982435E-01, -1.0
-2.759010804988046E-01,-8.372727272727273E-01,  1.0
-2.677567700391770E-01,-7.790909090909091E-01, -1.0
-2.518181818181817E-01,-8.124154597441219E-01,  1.0
-2.718181818181817E-01,-7.615152869683467E-01, -1.0
-3.118181818181818E-01,-7.845454545454545E-01,  1.0
-2.718181818181817E-01,-7.263636363636363E-01, -1.0
-2.736446602033924E-01,-7.081818181818181E-01,  1.0
-2.901950284647640E-01,-7.100000000000000E-01, -1.0
-2.741637243960253E-01,-6.916758574960018E-01,  1.0
-2.610881607354698E-01,-6.736363636363636E-01, -1.0
-3.118181818181818E-01,-6.354545454545454E-01,  1.0
-2.697712693527253E-01,-6.572727272727272E-01, -1.0
-2.918181818181818E-01,-5.790909090909091E-01,  1.0
-2.518181818181817E-01,-6.409090909090910E-01, -1.0
-3.258492891326306E-01,-5.627272727272727E-01,  1.0
-2.918181818181818E-01,-5.245454545454545E-01, -1.0
-3.318181818181818E-01,-5.463636363636364E-01,  1.0
-2.827550593355476E-01,-5.120574762350124E-01, -1.0
-2.518181818181817E-01,-4.699999999999999E-01,  1.0
-2.918181818181818E-01,-5.118181818181817E-01, -1.0
-2.518181818181817E-01,-4.536363636363636E-01,  1.0
-2.996708062180056E-01,-4.754545454545455E-01, -1.0
-2.779844149862489E-01,-4.372727272727273E-01,  1.0
-2.918181818181818E-01,-3.990909090909091E-01, -1.0
-2.718181818181817E-01,-4.409090909090909E-01,  1.0
-2.518181818181817E-01,-3.627272727272727E-01, -1.0
-2.619360086611980E-01,-4.045454545454545E-01,  1.0
-2.718181818181817E-01,-3.663636363636363E-01, -1.0
-2.718181818181817E-01,-3.211423575696842E-01,  1.0
-2.892725749568608E-01,-2.944707787223762E-01, -1.0
-2.518181818181817E-01,-2.318181818181817E-01,  1.0
-3.007153443282169E-01,-2.824609336133921E-01, -1.0
-2.518181818181817E-01,-2.154545454545453E-01,  1.0
-3.318181818181818E-01,-2.024488331474637E-01, -1.0
-2.318181818181817E-01,-1.990909090909090E-01,  1.0
-3.118181818181818E-01,-2.009090909090908E-01, -1.0
-2.518181818181817E-01,-1.627272727272726E-01,  1.0
-2.720758559042070E-01,-1.245454545454544E-01, -1.0
-2.718181818181817E-01,-1.063636363636363E-01,  1.0
-2.718181818181817E-01,-1.281818181818181E-01, -1.0
-2.718181818181817E-01,-6.999999999999992E-02,  1.0
-3.118181818181818E-01,-1.103109325411552E-01, -1.0
-2.609819392641162E-01,-3.363636363636354E-02,  1.0
-2.918181818181818E-01,-5.545454545454536E-02, -1.0
-2.318181818181817E-01,-1.727272727272717E-02,  1.0
-3.118181818181818E-01, 1.649079425805465E-02, -1.0
-2.451207921202815E-01,-9.090909090908005E-04,  1.0
-3.118181818181818E-01, 3.398053577439047E-02, -1.0
-2.584817916729095E-01, 3.545454545454556E-02,  1.0
-3.118181818181818E-01, 9.363636363636374E-02, -1.0
-2.518181818181817E-01, 7.181818181818193E-02,  1.0
-3.085971203903544E-01, 9.000000000000012E-02, -1.0
-2.518181818181817E-01, 1.081818181818183E-01,  1.0
-2.918181818181818E-01, 1.063636363636365E-01, -1.0
-2.566013502329924E-01, 1.045454545454547E-01,  1.0
-2.834019380802492E-01, 1.627272727272729E-01, -1.0
-3.118181818181818E-01, 2.209090909090911E-01,  1.0
-2.572717175554703E-01, 1.990909090909092E-01, -1.0
-3.029563126986454E-01, 2.503232437703265E-01,  1.0
-2.718181818181817E-01, 2.154545454545456E-01, -1.0
-2.557585245994792E-01, 2.736363636363638E-01,  1.0
-3.241582612611177E-01, 3.207848369107574E-01, -1.0
-2.518181818181817E-01, 2.900522053434366E-01,  1.0
-3.112304540905035E-01, 3.113569313899490E-01, -1.0
-2.718181818181817E-01, 3.492609963722609E-01,  1.0
-3.118181818181818E-01, 3.845454545454547E-01, -1.0
-2.718181818181817E-01, 4.089400582030351E-01,  1.0
-2.918181818181818E-01, 3.809090909090911E-01, -1.0
-2.918181818181818E-01, 4.190909090909093E-01,  1.0
-3.176862429604158E-01, 4.071897159899466E-01, -1.0
-2.718181818181817E-01, 4.522621606307042E-01,  1.0
-3.118181818181818E-01, 4.536363636363638E-01, -1.0
-2.687400200397067E-01, 4.918181818181819E-01,  1.0
-3.118181818181818E-01, 4.700000000000002E-01, -1.0
-2.685594431035454E-01, 5.081818181818184E-01,  1.0
-3.118181818181818E-01, 5.463636363636366E-01, -1.0
-2.718181818181817E-01, 5.645454545454547E-01,  1.0
-3.318181818181818E-01, 5.642279753624814E-01, -1.0
-2.918181818181818E-01, 5.785178291291535E-01,  1.0
-2.331553948453964E-01, 6.242097097830623E-01, -1.0
-3.100498991735973E-01, 6.772727272727275E-01,  1.0
-2.463163506471588E-01, 6.554545454545456E-01, -1.0
-2.918181818181818E-01, 6.936363636363638E-01,  1.0
-2.518181818181817E-01, 6.718181818181820E-01, -1.0
-2.918181818181818E-01, 7.075736036306201E-01,  1.0
-2.518181818181817E-01, 6.925812091748097E-01, -1.0
-3.299655577262186E-01, 7.663636363636366E-01,  1.0
-2.718181818181817E-01, 7.309435060769034E-01, -1.0
-2.918181818181818E-01, 8.027272727272730E-01,  1.0
-2.755620816440145E-01, 7.409090909090911E-01, -1.0
-3.118181818181818E-01, 8.093385188781229E-01,  1.0
-2.318181818181817E-01, 8.496562114723718E-01, -1.0
-2.947716421055800E-01, 8.354545454545457E-01,  1.0
-2.518181818181817E-01, 8.895690512678542E-01, -1.0
-3.318181818181818E-01, 8.518181818181820E-01,  1.0
-3.015227456501491E-01, 9.500000000000003E-01, -1.0
-2.336363636363635E-01,-9.100000000000000E-01, -1.0
-2.736363636363636E-01,-8.761838379641033E-01,  1.0
-2.136363636363635E-01,-8.936363636363637E-01, -1.0
-2.589395237703734E-01,-8.554545454545455E-01,  1.0
-2.136363636363635E-01,-8.400872982353340E-01, -1.0
-2.815242237345802E-01,-8.390909090909091E-01,  1.0
-2.536363636363635E-01,-7.609090909090909E-01, -1.0
-3.136363636363636E-01,-7.570148737957271E-01,  1.0
-2.833496926130742E-01,-7.437701518220543E-01, -1.0
-2.336363636363635E-01,-7.827183509949953E-01,  1.0
-2.536363636363635E-01,-7.281818181818182E-01, -1.0
-2.593286033352307E-01,-6.982172973173860E-01,  1.0
-2.736363636363636E-01,-6.718181818181818E-01, -1.0
-2.536363636363635E-01,-6.336363636363636E-01,  1.0
-2.688532391869203E-01,-6.628708232420495E-01, -1.0
-2.536363636363635E-01,-6.289973188011273E-01,  1.0
-2.336363636363635E-01,-6.217999818132470E-01, -1.0
-2.916241641298264E-01,-5.809090909090909E-01,  1.0
-2.936363636363636E-01,-5.427272727272727E-01, -1.0
-2.336363636363635E-01,-5.645454545454546E-01,  1.0
-2.736363636363636E-01,-5.263636363636364E-01, -1.0
-2.336363636363635E-01,-5.481818181818182E-01,  1.0
-2.736363636363636E-01,-5.099999999999999E-01, -1.0
-2.336363636363635E-01,-4.540997504146489E-01,  1.0
-2.683914230811602E-01,-5.136363636363637E-01, -1.0
-2.395903858740214E-01,-4.554545454545454E-01,  1.0
-2.936363636363636E-01,-4.572727272727273E-01, -1.0
-2.536363636363635E-01,-4.404048182383498E-01,  1.0
-2.336363636363635E-01,-3.579321285763555E-01, -1.0
-2.505314677736544E-01,-4.195514332850769E-01,  1.0
-2.551226756238757E-01,-3.679202514422665E-01, -1.0
-2.623097560374207E-01,-3.555744105479797E-01,  1.0
-2.536363636363635E-01,-3.281818181818181E-01, -1.0
-2.823985590247662E-01,-3.300000000000000E-01,  1.0
-2.536363636363635E-01,-3.118181818181818E-01, -1.0
-2.336363636363635E-01,-2.136363636363635E-01,  1.0
-2.944828330850947E-01,-2.954545454545454E-01, -1.0
-2.505669863921001E-01,-2.172727272727272E-01,  1.0
-2.796733043761833E-01,-2.383965460197990E-01, -1.0
-2.336363636363635E-01,-1.884818733374805E-01,  1.0
-3.136363636363636E-01,-1.827272727272727E-01, -1.0
-2.536363636363635E-01,-1.744292582193739E-01,  1.0
-3.136363636363636E-01,-1.263636363636363E-01, -1.0
-2.936363636363636E-01,-1.481818181818181E-01,  1.0
-2.736363636363636E-01,-1.099999999999999E-01, -1.0
-2.736363636363636E-01,-7.181818181818173E-02,  1.0
-2.527017487579497E-01,-7.976189887330383E-02, -1.0
-2.136363636363635E-01, 4.545454545454646E-03,  1.0
-3.060477401259520E-01,-5.727272727272718E-02, -1.0
-2.536363636363635E-01, 2.090909090909102E-02,  1.0
-2.936363636363636E-01,-3.656076053408269E-02, -1.0
-2.548705658521290E-01, 1.727272727272738E-02,  1.0
-2.953536110705630E-01, 7.255419939353645E-02, -1.0
-2.422185244455038E-01, 4.041229352576339E-02,  1.0
-2.936363636363636E-01, 9.181818181818192E-02, -1.0
-2.536363636363635E-01, 9.000000000000012E-02,  1.0
-2.736363636363636E-01, 1.681818181818183E-01, -1.0
-2.549722463619040E-01, 1.063636363636365E-01,  1.0
-2.736363636363636E-01, 1.645454545454547E-01, -1.0
-2.336363636363635E-01, 1.227272727272728E-01,  1.0
-2.536363636363635E-01, 2.151953835713151E-01, -1.0
-2.136363636363635E-01, 2.238609810434659E-01,  1.0
-2.536363636363635E-01, 1.972727272727274E-01, -1.0
-2.477905235519197E-01, 2.754545454545456E-01,  1.0
-2.536363636363635E-01, 2.336363636363638E-01, -1.0
-2.539194777802746E-01, 2.918181818181820E-01,  1.0
-2.936363636363636E-01, 3.100000000000002E-01, -1.0
-2.478342971074459E-01, 2.930250661592235E-01,  1.0
-3.136363636363636E-01, 3.222327151683390E-01, -1.0
-2.736363636363636E-01, 3.445454545454547E-01,  1.0
-2.606782897125233E-01, 3.996345966041983E-01, -1.0
-2.736363636363636E-01, 3.609090909090911E-01,  1.0
-2.610905709520697E-01, 3.990909090909093E-01, -1.0
-2.536363636363635E-01, 4.714282373713106E-01,  1.0
-3.136363636363636E-01, 4.358386564783445E-01, -1.0
-2.536363636363635E-01, 4.536363636363638E-01,  1.0
-2.336363636363635E-01, 4.595735035110797E-01, -1.0
-2.494952489358877E-01, 4.900000000000002E-01,  1.0
-2.936363636363636E-01, 5.481818181818184E-01, -1.0
-2.536363636363635E-01, 5.063636363636366E-01,  1.0
-2.336363636363635E-01, 5.968133557788550E-01, -1.0
-2.536363636363635E-01, 5.427272727272728E-01,  1.0
-2.697228132763569E-01, 6.209090909090911E-01, -1.0
-2.936363636363636E-01, 6.051352843042946E-01,  1.0
-2.536363636363635E-01, 6.572727272727275E-01, -1.0
-2.936363636363636E-01, 6.154545454545456E-01,  1.0
-2.467449173290438E-01, 6.536363636363638E-01, -1.0
-2.936363636363636E-01, 7.118181818181820E-01,  1.0
-2.633580580463353E-01, 6.734317871999255E-01, -1.0
-2.500855332686008E-01, 7.481818181818184E-01,  1.0
-2.336363636363635E-01, 6.863636363636365E-01, -1.0
-2.336363636363635E-01, 7.645454545454548E-01,  1.0
-2.736363636363636E-01, 7.427272727272729E-01, -1.0
-2.936363636363636E-01, 8.009090909090911E-01,  1.0
-2.336363636363635E-01, 8.322194756625301E-01, -1.0
-3.136363636363636E-01, 7.972727272727275E-01,  1.0
-2.336363636363635E-01, 8.354545454545457E-01, -1.0
-2.936363636363636E-01, 8.171351036765728E-01,  1.0
-2.336363636363635E-01, 8.800285996376392E-01, -1.0
-2.642450973816081E-01, 9.228985871917815E-01,  1.0
-2.750191962898622E-01,-8.594766396466554E-01,  1.0
-2.241475824144855E-01,-9.118181818181819E-01, -1.0
-2.754545454545454E-01,-8.536363636363636E-01,  1.0
-2.249832945217449E-01,-8.940556432025034E-01, -1.0
-2.630021342053122E-01,-8.372727272727273E-01,  1.0
-2.291503309607151E-01,-8.190909090909091E-01, -1.0
-2.354545454545454E-01,-7.809090909090909E-01,  1.0
-2.754545454545454E-01,-7.427272727272727E-01, -1.0
-2.323732590613726E-01,-7.845454545454545E-01,  1.0
-2.554545454545454E-01,-7.263636363636363E-01, -1.0
-2.554545454545454E-01,-7.081818181818181E-01,  1.0
-2.554545454545454E-01,-7.300000000000000E-01, -1.0
-2.354545454545454E-01,-6.918181818181818E-01,  1.0
-2.154545454545453E-01,-6.689955565827931E-01, -1.0
-2.354545454545454E-01,-6.354545454545454E-01,  1.0
-2.638583043237233E-01,-6.396045474891039E-01, -1.0
-2.554545454545454E-01,-5.590909090909091E-01,  1.0
-2.154545454545453E-01,-6.209090909090910E-01, -1.0
-2.554545454545454E-01,-5.627272727272727E-01,  1.0
-2.354545454545454E-01,-5.316867639402794E-01, -1.0
-2.470999322462650E-01,-5.663636363636364E-01,  1.0
-2.804822488524458E-01,-5.219461616288632E-01, -1.0
-2.154545454545453E-01,-5.099999999999999E-01,  1.0
-2.830162376499631E-01,-5.105974921745772E-01, -1.0
-2.354545454545454E-01,-4.585810161648501E-01,  1.0
-2.754545454545454E-01,-4.754545454545455E-01, -1.0
-2.533703938484692E-01,-4.477593816128444E-01,  1.0
-2.354545454545454E-01,-3.990909090909091E-01, -1.0
-2.154545454545453E-01,-4.009090909090909E-01,  1.0
-2.057175591422002E-01,-3.627272727272727E-01, -1.0
-2.595867242022175E-01,-3.445454545454545E-01,  1.0
-2.154545454545453E-01,-3.463636363636363E-01, -1.0
-1.954545454545453E-01,-2.881818181818181E-01,  1.0
-2.354545454545454E-01,-3.292335590086348E-01, -1.0
-2.554545454545454E-01,-2.670006582176753E-01,  1.0
-2.376966446230190E-01,-2.631320812869427E-01, -1.0
-2.354545454545454E-01,-2.317758353387991E-01,  1.0
-2.754545454545454E-01,-2.572727272727272E-01, -1.0
-2.354545454545454E-01,-2.048728435370686E-01,  1.0
-2.954545454545454E-01,-1.856594720377789E-01, -1.0
-2.247429946025307E-01,-2.027272727272727E-01,  1.0
-2.554545454545454E-01,-1.045454545454545E-01, -1.0
-2.154545454545453E-01,-1.863636363636363E-01,  1.0
-2.354545454545454E-01,-7.389010520336271E-02, -1.0
-2.754545454545454E-01,-6.610215322581342E-02,  1.0
-2.554545454545454E-01,-9.181818181818172E-02, -1.0
-2.208964961443744E-01,-1.363636363636354E-02,  1.0
-2.580594854213201E-01,-7.245202085256174E-02, -1.0
-2.354545454545454E-01, 2.727272727272832E-03,  1.0
-2.354545454545454E-01,-1.909090909090898E-02, -1.0
-2.354545454545454E-01, 1.909090909090920E-02,  1.0
-1.954545454545453E-01, 5.719983784343512E-02, -1.0
-2.554545454545454E-01, 1.545454545454556E-02,  1.0
-2.954545454545454E-01, 5.363636363636375E-02, -1.0
-2.554545454545454E-01, 7.625296697426448E-02,  1.0
-2.797822462544435E-01, 1.435026526938902E-01, -1.0
-2.378966317695605E-01, 8.818181818181832E-02,  1.0
-2.554545454545454E-01, 1.663636363636365E-01, -1.0
-2.252703465608559E-01, 1.645454545454547E-01,  1.0
-2.554545454545454E-01, 1.689150012335627E-01, -1.0
-2.354545454545454E-01, 1.609090909090910E-01,  1.0
-2.554545454545454E-01, 2.045637280500359E-01, -1.0
-2.354545454545454E-01, 2.330047089696700E-01,  1.0
-2.554545454545454E-01, 2.125828553144155E-01, -1.0
-2.638203150728985E-01, 2.936363636363638E-01,  1.0
-1.954545454545453E-01, 3.318181818181820E-01, -1.0
-2.218327276845790E-01, 3.100000000000002E-01,  1.0
-2.754545454545454E-01, 3.081818181818183E-01, -1.0
-2.554545454545454E-01, 3.460094580843218E-01,  1.0
-1.954545454545453E-01, 3.445454545454547E-01, -1.0
-2.554545454545454E-01, 3.427272727272729E-01,  1.0
-2.754545454545454E-01, 4.009090909090911E-01, -1.0
-2.354545454545454E-01, 4.390909090909093E-01,  1.0
-2.602127587077913E-01, 3.957383817053474E-01, -1.0
-2.554545454545454E-01, 4.554545454545456E-01,  1.0
-2.154545454545453E-01, 4.136363636363637E-01, -1.0
-2.500460560092729E-01, 4.918181818181820E-01,  1.0
-1.954545454545453E-01, 5.300000000000002E-01, -1.0
-2.402765309075469E-01, 5.081818181818184E-01,  1.0
-2.754545454545454E-01, 5.667183071878900E-01, -1.0
-2.523551021390248E-01, 5.445454545454547E-01,  1.0
-1.954545454545453E-01, 6.027272727272729E-01, -1.0
-2.754545454545454E-01, 5.609090909090910E-01,  1.0
-2.154545454545453E-01, 6.344576543556701E-01, -1.0
-2.754545454545454E-01, 5.972727272727274E-01,  1.0
-2.354545454545454E-01, 6.554545454545456E-01, -1.0
-2.554545454545454E-01, 6.336363636363638E-01,  1.0
-2.354545454545454E-01, 6.718181818181820E-01, -1.0
-2.954545454545454E-01, 7.366454539689157E-01,  1.0
-2.234566556074875E-01, 6.681818181818183E-01, -1.0
-2.154545454545453E-01, 7.517360525743264E-01,  1.0
-2.809750016434491E-01, 7.445454545454547E-01, -1.0
-2.126551203796538E-01, 7.627272727272729E-01,  1.0
-2.354545454545454E-01, 8.209090909090911E-01, -1.0
-2.744469338474702E-01, 7.990909090909093E-01,  1.0
-2.354545454545454E-01, 8.191484137959063E-01, -1.0
-2.954545454545454E-01, 8.154545454545457E-01,  1.0
-2.366481055821165E-01, 8.736363636363639E-01, -1.0
-1.954545454545453E-01, 9.118181818181821E-01,  1.0
-2.204194120523661E-01, 8.917236442504823E-01, -1.0
-2.172727272727272E-01,-9.100000000000000E-01, -1.0
-2.555491913000197E-01,-8.493071652138559E-01,  1.0
-2.077222596722468E-01,-9.136363636363637E-01, -1.0
-2.572727272727272E-01,-8.554545454545455E-01,  1.0
-2.193426512012308E-01,-8.353703446310035E-01, -1.0
-2.372727272727272E-01,-7.990909090909091E-01,  1.0
-1.772727272727272E-01,-7.609090909090909E-01, -1.0
-2.285202960408558E-01,-7.896383929918269E-01,  1.0
-2.372727272727272E-01,-7.445454545454545E-01, -1.0
-2.372727272727272E-01,-7.863636363636364E-01,  1.0
-2.572727272727272E-01,-7.149710408670239E-01, -1.0
-2.172727272727272E-01,-6.899999999999999E-01,  1.0
-2.572727272727272E-01,-6.661032708894189E-01, -1.0
-1.772727272727272E-01,-6.336363636363636E-01,  1.0
-2.172727272727272E-01,-6.586094472905545E-01, -1.0
-2.572727272727272E-01,-6.172727272727272E-01,  1.0
-2.172727272727272E-01,-6.390909090909092E-01, -1.0
-1.972727272727272E-01,-5.609090909090909E-01,  1.0
-2.488115657219008E-01,-6.227272727272728E-01, -1.0
-2.172727272727272E-01,-5.445454545454546E-01,  1.0
-2.757921060357448E-01,-5.144796716674058E-01, -1.0
-2.110266721283464E-01,-5.254502403882908E-01,  1.0
-1.772727272727272E-01,-4.699999999999999E-01, -1.0
-2.172727272727272E-01,-5.118181818181817E-01,  1.0
-1.934637542051925E-01,-4.136363636363636E-01, -1.0
-2.372727272727272E-01,-4.554545454545454E-01,  1.0
-2.372727272727272E-01,-3.824787859097856E-01, -1.0
-1.972727272727272E-01,-3.990909090909091E-01,  1.0
-2.372727272727272E-01,-4.009090909090909E-01, -1.0
-2.488092026405562E-01,-4.027272727272727E-01,  1.0
-2.132789418004952E-01,-3.645454545454545E-01, -1.0
-2.772727272727272E-01,-3.199225219313255E-01,  1.0
-2.372727272727272E-01,-3.293369572122364E-01, -1.0
-1.972727272727272E-01,-2.853876676254274E-01,  1.0
-2.277840957799275E-01,-2.718181818181817E-01, -1.0
-2.172727272727272E-01,-2.840235540735586E-01,  1.0
-2.111466327585665E-01,-2.754545454545454E-01, -1.0
-2.252352153115413E-01,-2.172727272727272E-01,  1.0
-1.972727272727272E-01,-2.208775827338812E-01, -1.0
-2.423835864542261E-01,-2.009090909090908E-01,  1.0
-2.572727272727272E-01,-1.627272727272726E-01, -1.0
-1.972727272727272E-01,-1.616879054261757E-01,  1.0
-2.506304397017393E-01,-1.263636363636363E-01, -1.0
-1.940943436718743E-01,-1.458721216136547E-01,  1.0
-2.372727272727272E-01,-8.999999999999991E-02, -1.0
-1.772727272727272E-01,-1.307206626337847E-01,  1.0
-2.375962961280646E-01,-8.936296481964591E-02, -1.0
-1.972727272727272E-01,-3.545454545454536E-02,  1.0
-2.772727272727272E-01,-5.727272727272718E-02, -1.0
-1.972727272727272E-01,-2.583857948954162E-02,  1.0
-1.972727272727272E-01, 3.909090909090920E-02, -1.0
-2.372727272727272E-01, 3.192063440778489E-02,  1.0
-1.972727272727272E-01, 5.545454545454557E-02, -1.0
-2.572727272727272E-01, 3.363636363636375E-02,  1.0
-1.775479767825705E-01, 9.181818181818192E-02, -1.0
-2.554037589317745E-01, 9.417563989990270E-02,  1.0
-1.972727272727272E-01, 1.281818181818183E-01, -1.0
-2.572727272727272E-01, 1.063636363636365E-01,  1.0
-2.772727272727272E-01, 1.778738693352160E-01, -1.0
-2.278707536671876E-01, 1.627272727272729E-01,  1.0
-2.572727272727272E-01, 2.133688965772659E-01, -1.0
-2.372727272727272E-01, 2.190909090909092E-01,  1.0
-1.799759092246482E-01, 2.153862692208116E-01, -1.0
-2.226576636773182E-01, 2.354545454545456E-01,  1.0
-1.972727272727272E-01, 2.567072783516954E-01, -1.0
-2.372727272727272E-01, 2.918181818181820E-01,  1.0
-1.972727272727272E-01, 2.700000000000001E-01, -1.0
-2.564290659923983E-01, 3.481818181818184E-01,  1.0
-2.172727272727272E-01, 3.263636363636365E-01, -1.0
-2.307575307483961E-01, 4.045454545454548E-01,  1.0
-2.172727272727272E-01, 3.827272727272729E-01, -1.0
-2.372727272727272E-01, 4.162868854515082E-01,  1.0
-2.572727272727272E-01, 3.990909090909093E-01, -1.0
-2.372727272727272E-01, 4.372727272727274E-01,  1.0
-1.984660086702766E-01, 4.754545454545456E-01, -1.0
-2.372727272727272E-01, 4.536363636363638E-01,  1.0
-2.053339103788586E-01, 4.927017569102342E-01, -1.0
-2.572727272727272E-01, 4.900000000000002E-01,  1.0
-1.972727272727272E-01, 5.433685000400064E-01, -1.0
-2.372727272727272E-01, 5.463636363636366E-01,  1.0
-1.972727272727272E-01, 5.245454545454546E-01, -1.0
-2.372727272727272E-01, 5.416308911793862E-01,  1.0
-1.972727272727272E-01, 6.209090909090911E-01, -1.0
-2.372727272727272E-01, 5.779495245368866E-01,  1.0
-2.033089615134235E-01, 6.232466669858182E-01, -1.0
-2.229371055053378E-01, 6.954545454545457E-01,  1.0
-2.070047865523165E-01, 6.336363636363638E-01, -1.0
-1.972727272727272E-01, 6.866709237630230E-01,  1.0
-2.366210662542181E-01, 6.700000000000002E-01, -1.0
-2.172727272727272E-01, 7.681818181818184E-01,  1.0
-2.473999796315453E-01, 7.048310943242131E-01, -1.0
-2.172727272727272E-01, 7.507977539268336E-01,  1.0
-2.372727272727272E-01, 7.915812494263786E-01, -1.0
-2.176450856496523E-01, 7.713477967144363E-01,  1.0
-2.172727272727272E-01, 8.303289142212387E-01, -1.0
-2.593983931993053E-01, 8.521998254365484E-01,  1.0
-2.172727272727272E-01, 8.154545454545457E-01, -1.0
-2.772727272727272E-01, 8.336363636363638E-01,  1.0
-2.372727272727272E-01, 8.918181818181821E-01, -1.0
-1.937239210896358E-01, 9.272811772906713E-01,  1.0
-1.990909090909090E-01,-9.493497025130888E-01,  1.0
-1.853819481966236E-01,-9.118181818181819E-01, -1.0
-2.383203912995297E-01,-8.699552196539306E-01,  1.0
-1.790909090909090E-01,-8.417688266020987E-01, -1.0
-2.190909090909090E-01,-8.572727272727273E-01,  1.0
-1.790909090909090E-01,-8.390909090909091E-01, -1.0
-2.190909090909090E-01,-7.809090909090909E-01,  1.0
-1.790909090909090E-01,-7.427272727272727E-01, -1.0
-2.274171984100417E-01,-7.845454545454545E-01,  1.0
-1.658572223732208E-01,-7.463636363636363E-01, -1.0
-2.190909090909090E-01,-7.081818181818181E-01,  1.0
-1.990909090909090E-01,-6.899999999999999E-01, -1.0
-2.064324415581652E-01,-6.918181818181818E-01,  1.0
-2.190909090909090E-01,-6.574963286920602E-01, -1.0
-1.590909090909090E-01,-6.243811102166462E-01,  1.0
-1.990909090909090E-01,-6.172727272727272E-01, -1.0
-2.390909090909090E-01,-6.190909090909091E-01,  1.0
-1.790909090909090E-01,-6.009090909090909E-01, -1.0
-1.990909090909090E-01,-5.627272727272727E-01,  1.0
-2.270475300418280E-01,-6.045454545454546E-01, -1.0
-1.995839128222071E-01,-5.463636363636364E-01,  1.0
-1.599262211916221E-01,-4.844662727386700E-01, -1.0
-2.190909090909090E-01,-4.714489522634303E-01,  1.0
-1.590909090909090E-01,-4.749355679635907E-01, -1.0
-2.190909090909090E-01,-4.736363636363636E-01,  1.0
-1.624983949956335E-01,-4.154545454545454E-01, -1.0
-2.190909090909090E-01,-4.572727272727273E-01,  1.0
-2.190909090909090E-01,-3.990909090909091E-01, -1.0
-2.190909090909090E-01,-4.220930410042871E-01,  1.0
-2.190909090909090E-01,-3.602306438592516E-01, -1.0
-2.006726611029827E-01,-3.880431407455479E-01,  1.0
-2.190909090909090E-01,-3.463636363636363E-01, -1.0
-1.990909090909090E-01,-2.881818181818181E-01,  1.0
-2.390909090909090E-01,-3.339698181986334E-01, -1.0
-1.866355920958666E-01,-2.918181818181818E-01,  1.0
-2.190909090909090E-01,-2.713910745248835E-01, -1.0
-1.990909090909090E-01,-2.154545454545453E-01,  1.0
-2.262712660377251E-01,-2.772727272727272E-01, -1.0
-2.390909090909090E-01,-1.990909090909090E-01,  1.0
-1.790909090909090E-01,-2.209090909090909E-01, -1.0
-1.790909090909090E-01,-1.566291731375001E-01,  1.0
-2.387009078142995E-01,-1.645454545454545E-01, -1.0
-1.649966656228199E-01,-1.463636363636363E-01,  1.0
-2.190909090909090E-01,-1.081818181818181E-01, -1.0
-1.790909090909090E-01,-1.499999999999999E-01,  1.0
-2.419271626802413E-01,-9.181818181818172E-02, -1.0
-1.990909090909090E-01,-2.210451233632742E-02,  1.0
-2.390909090909090E-01,-7.545454545454536E-02, -1.0
-1.990909090909090E-01,-3.727272727272717E-02,  1.0
-1.990909090909090E-01, 2.090909090909102E-02, -1.0
-2.190909090909090E-01,-4.324826808744121E-03,  1.0
-1.790909090909090E-01, 3.727272727272739E-02, -1.0
-2.390909090909090E-01, 1.766640577059169E-02,  1.0
-1.790909090909090E-01, 7.363636363636375E-02, -1.0
-2.423661641076472E-01, 9.181818181818192E-02,  1.0
-1.814792553307288E-01, 1.300000000000001E-01, -1.0
-2.190909090909090E-01, 8.818181818181832E-02,  1.0
-1.644313732005093E-01, 1.215673998253397E-01, -1.0
-2.190909090909090E-01, 1.801731404106822E-01,  1.0
-1.793644390346567E-01, 1.968888116395348E-01, -1.0
-2.190909090909090E-01, 1.609090909090910E-01,  1.0
-1.990909090909090E-01, 2.190909090909092E-01, -1.0
-2.190909090909090E-01, 2.372727272727274E-01,  1.0
-1.967664442606325E-01, 2.693185283881081E-01, -1.0
-2.190909090909090E-01, 2.936363636363638E-01,  1.0
-1.990909090909090E-01, 2.718181818181820E-01, -1.0
-2.590909090909090E-01, 2.900000000000001E-01,  1.0
-1.650181336820244E-01, 3.481818181818184E-01, -1.0
-2.390909090909090E-01, 3.063636363636365E-01,  1.0
-1.790909090909090E-01, 3.445454545454547E-01, -1.0
-2.590909090909090E-01, 3.427272727272729E-01,  1.0
-1.790909090909090E-01, 3.510817254960072E-01, -1.0
-2.190909090909090E-01, 3.990909090909093E-01,  1.0
-1.790909090909090E-01, 4.172727272727274E-01, -1.0
-2.557367685679933E-01, 4.554545454545456E-01,  1.0
-1.860708143372118E-01, 4.853529301791519E-01, -1.0
-2.390909090909090E-01, 4.518181818181820E-01,  1.0
-1.990909090909090E-01, 5.300000000000002E-01, -1.0
-2.590909090909090E-01, 5.081818181818184E-01,  1.0
-1.859977712938633E-01, 5.436329087039888E-01, -1.0
-2.590909090909090E-01, 5.307382872552409E-01,  1.0
-1.790909090909090E-01, 6.027272727272729E-01, -1.0
-2.590909090909090E-01, 5.609090909090910E-01,  1.0
-2.190909090909090E-01, 6.190909090909092E-01, -1.0
-1.925994118526593E-01, 6.751575886153053E-01,  1.0
-2.190909090909090E-01, 6.354545454545456E-01, -1.0
-1.790909090909090E-01, 6.677566370252237E-01,  1.0
-2.276878061424479E-01, 6.518181818181820E-01, -1.0
-1.590909090909090E-01, 7.500000000000002E-01,  1.0
-2.190909090909090E-01, 6.881818181818183E-01, -1.0
-2.089163382855768E-01, 7.663398559732056E-01,  1.0
-1.990909090909090E-01, 7.045454545454547E-01, -1.0
-2.129015585547734E-01, 7.627272727272729E-01,  1.0
-2.190909090909090E-01, 8.009090909090911E-01, -1.0
-1.790909090909090E-01, 7.865791526107748E-01,  1.0
-2.190909090909090E-01, 8.205552235951599E-01, -1.0
-1.861700146955118E-01, 8.612847886382589E-01,  1.0
-1.790909090909090E-01, 8.536363636363639E-01, -1.0
-1.819267479581720E-01, 8.619804543175326E-01,  1.0
-2.390909090909090E-01, 8.900000000000002E-01, -1.0
-2.009090909090908E-01,-9.062835966219749E-01, -1.0
-2.409090909090909E-01,-8.566895883042380E-01,  1.0
-1.809090909090908E-01,-8.336363636363636E-01, -1.0
-1.409090909090908E-01,-8.496159012650587E-01,  1.0
-1.809090909090908E-01,-8.372727272727273E-01, -1.0
-2.209090909090909E-01,-7.954109184464841E-01,  1.0
-1.609090909090908E-01,-7.609090909090909E-01, -1.0
-2.029200299527545E-01,-8.027272727272727E-01,  1.0
-1.519876039743999E-01,-7.445454545454545E-01, -1.0
-2.209090909090909E-01,-7.001983852371085E-01,  1.0
-1.809090909090908E-01,-7.481818181818182E-01, -1.0
-2.209090909090909E-01,-7.100000000000000E-01,  1.0
-1.562220551537217E-01,-7.136675430447766E-01, -1.0
-1.609090909090908E-01,-6.336363636363636E-01,  1.0
-2.037976987030021E-01,-6.754545454545454E-01, -1.0
-1.409090909090908E-01,-6.372727272727272E-01,  1.0
-1.886164462382316E-01,-5.990909090909091E-01, -1.0
-1.886122931939130E-01,-5.609090909090909E-01,  1.0
-1.856426361308376E-01,-6.120445373733986E-01, -1.0
-2.009090909090908E-01,-5.570382223692792E-01,  1.0
-2.209090909090909E-01,-5.438013871448273E-01, -1.0
-2.209090909090909E-01,-5.281818181818182E-01,  1.0
-1.626433819660558E-01,-4.899999999999999E-01, -1.0
-2.209090909090909E-01,-4.662807358127439E-01,  1.0
-1.609090909090908E-01,-4.588178608368854E-01, -1.0
-2.209090909090909E-01,-4.554545454545454E-01,  1.0
-1.823765813869169E-01,-3.972727272727272E-01, -1.0
-1.409090909090908E-01,-4.390909090909091E-01,  1.0
-1.809090909090908E-01,-3.409090909090908E-01, -1.0
-2.016502812099166E-01,-4.027272727272727E-01,  1.0
-1.809090909090908E-01,-3.594337139470120E-01, -1.0
-2.012650500368436E-01,-2.890597620880759E-01,  1.0
-1.672886059148092E-01,-3.585693741399995E-01, -1.0
-1.915189137925010E-01,-2.899999999999999E-01,  1.0
-1.609090909090908E-01,-2.718181818181817E-01, -1.0
-2.009090909090908E-01,-2.736363636363636E-01,  1.0
-1.609090909090908E-01,-2.554545454545454E-01, -1.0
-2.009090909090908E-01,-2.039166927505614E-01,  1.0
-1.809090909090908E-01,-1.826752634005916E-01, -1.0
-1.689738465310918E-01,-1.609090909090908E-01,  1.0
-1.437845500066477E-01,-2.141000459054838E-01, -1.0
-1.809090909090908E-01,-1.445454545454544E-01,  1.0
-2.209090909090909E-01,-1.063636363636363E-01, -1.0
-1.809090909090908E-01,-1.481818181818181E-01,  1.0
-2.209090909090909E-01,-8.999999999999991E-02, -1.0
-1.754706820896681E-01,-1.318181818181817E-01,  1.0
-2.350994073068541E-01,-8.985267074132407E-02, -1.0
-1.809090909090908E-01,-3.277174593100133E-02,  1.0
-2.209090909090909E-01,-7.727272727272717E-02, -1.0
-1.809090909090908E-01,-3.531627507063994E-02,  1.0
-1.898409041853689E-01, 5.909090909090921E-02, -1.0
-2.009090909090908E-01,-2.272727272727262E-02,  1.0
-1.609090909090908E-01, 5.545454545454557E-02, -1.0
-2.409090909090909E-01, 2.575719209898658E-02,  1.0
-1.609090909090908E-01, 7.181818181818193E-02, -1.0
-2.409090909090909E-01, 8.000309108393998E-02,  1.0
-1.609090909090908E-01, 1.281818181818183E-01, -1.0
-2.226371452168337E-01, 1.463636363636365E-01,  1.0
-1.609090909090908E-01, 1.110915809709499E-01, -1.0
-2.209090909090909E-01, 1.625938098543055E-01,  1.0
-1.809090909090908E-01, 2.009090909090910E-01, -1.0
-2.209090909090909E-01, 2.190909090909092E-01,  1.0
-1.787198382984412E-01, 2.570679271489229E-01, -1.0
-2.209090909090909E-01, 2.216546518546781E-01,  1.0
-1.809090909090908E-01, 2.536363636363638E-01, -1.0
-2.409090909090909E-01, 2.918181818181820E-01,  1.0
-1.790918992438815E-01, 2.700000000000001E-01, -1.0
-2.209090909090909E-01, 3.081818181818183E-01,  1.0
-1.609090909090908E-01, 3.311833545621051E-01, -1.0
-2.409090909090909E-01, 3.371782888671514E-01,  1.0
-1.609090909090908E-01, 3.427272727272729E-01, -1.0
-1.919099320348783E-01, 3.809090909090911E-01,  1.0
-1.609090909090908E-01, 3.891173297015431E-01, -1.0
-2.209090909090909E-01, 4.353525917949114E-01,  1.0
-1.473750197300280E-01, 4.154545454545456E-01, -1.0
-1.809090909090908E-01, 4.536363636363638E-01,  1.0
-2.009090909090908E-01, 4.718181818181820E-01, -1.0
-1.641905038433810E-01, 4.900000000000002E-01,  1.0
-2.009090909090908E-01, 5.281818181818184E-01, -1.0
-1.716968854430701E-01, 5.486970782471629E-01,  1.0
-2.009090909090908E-01, 5.445454545454547E-01, -1.0
-2.402131029094548E-01, 5.427272727272728E-01,  1.0
-1.919231573073428E-01, 6.168810332514993E-01, -1.0
-2.209090909090909E-01, 5.590909090909092E-01,  1.0
-1.880627568950600E-01, 6.172727272727274E-01, -1.0
-1.770848737607673E-01, 6.754545454545456E-01,  1.0
-2.209090909090909E-01, 6.390900922117247E-01, -1.0
-1.616418841023896E-01, 6.827552160081801E-01,  1.0
-2.209090909090909E-01, 6.900000000000002E-01, -1.0
-2.009090909090908E-01, 7.681818181818184E-01,  1.0
-2.209090909090909E-01, 6.863636363636365E-01, -1.0
-2.009090909090908E-01, 7.645454545454548E-01,  1.0
-1.846071717940335E-01, 7.227272727272729E-01, -1.0
-1.809090909090908E-01, 7.609090909090911E-01,  1.0
-1.809090909090908E-01, 8.390909090909093E-01, -1.0
-1.874332640637781E-01, 7.772727272727274E-01,  1.0
-1.609090909090908E-01, 8.354545454545457E-01, -1.0
-1.809090909090908E-01, 8.736363636363639E-01,  1.0
-2.351066945739242E-01, 8.918181818181821E-01, -1.0
-1.809090909090908E-01, 8.900000000000002E-01,  1.0
-1.427272727272726E-01,-9.308970531291016E-01,  1.0
-1.827272727272727E-01,-8.518181818181818E-01, -1.0
-1.453613957036166E-01,-8.736363636363637E-01,  1.0
-1.827272727272727E-01,-8.354545454545454E-01, -1.0
-1.401007579596724E-01,-8.423730340154514E-01,  1.0
-1.627272727272726E-01,-7.926682027490870E-01, -1.0
-2.206654863542096E-01,-8.009090909090909E-01,  1.0
-1.627272727272726E-01,-7.627272727272727E-01, -1.0
-2.027272727272727E-01,-7.245454545454545E-01,  1.0
-1.630565983157584E-01,-7.463636363636363E-01, -1.0
-1.973693727424722E-01,-7.235436842150171E-01,  1.0
-1.627272727272726E-01,-7.300000000000000E-01, -1.0
-1.427272727272726E-01,-6.558355468059697E-01,  1.0
-2.152017248697815E-01,-6.736363636363636E-01, -1.0
-1.427272727272726E-01,-6.194819314874584E-01,  1.0
-1.827272727272727E-01,-6.057146450414774E-01, -1.0
-1.827272727272727E-01,-5.590909090909091E-01,  1.0
-1.457430756696983E-01,-5.969772598384248E-01, -1.0
-2.027272727272727E-01,-5.627272727272727E-01,  1.0
-1.627272727272726E-01,-5.845454545454546E-01, -1.0
-1.857328003898084E-01,-5.663636363636364E-01,  1.0
-1.627272727272726E-01,-5.081818181818182E-01, -1.0
-1.427272727272726E-01,-5.246884348992450E-01,  1.0
-1.627272727272726E-01,-4.718181818181817E-01, -1.0
-2.027272727272727E-01,-4.536363636363636E-01,  1.0
-1.627272727272726E-01,-4.154545454545454E-01, -1.0
-2.227272727272727E-01,-4.551598927047215E-01,  1.0
-1.627272727272726E-01,-3.864250337561602E-01, -1.0
-1.827272727272727E-01,-3.870853371953339E-01,  1.0
-1.627272727272726E-01,-3.427272727272727E-01, -1.0
-1.827272727272727E-01,-3.645454545454545E-01,  1.0
-1.627272727272726E-01,-3.496371859902417E-01, -1.0
-1.827272727272727E-01,-2.881818181818181E-01,  1.0
-1.452408903732557E-01,-3.300000000000000E-01, -1.0
-1.915745033393631E-01,-2.918181818181818E-01,  1.0
-1.427272727272726E-01,-2.536363636363635E-01, -1.0
-1.827272727272727E-01,-2.154545454545453E-01,  1.0
-1.227272727272726E-01,-2.442497340514311E-01, -1.0
-2.179528066514281E-01,-1.990400091631619E-01,  1.0
-1.605556297996372E-01,-2.124277410532589E-01, -1.0
-1.735736899261306E-01,-1.627272727272726E-01,  1.0
-1.963857052373174E-01,-1.060449178247478E-01, -1.0
-1.727330958901203E-01,-1.521229612969124E-01,  1.0
-1.227272727272726E-01,-1.070221685350268E-01, -1.0
-1.627272727272726E-01,-1.299999999999999E-01,  1.0
-2.027272727272727E-01,-8.252319374584773E-02, -1.0
-1.827272727272727E-01,-4.808656966815598E-02,  1.0
-1.427272727272726E-01,-5.545454545454536E-02, -1.0
-1.827272727272727E-01,-3.727272727272717E-02,  1.0
-1.427272727272726E-01, 2.090909090909102E-02, -1.0
-1.801615997583116E-01,-4.090909090909080E-02,  1.0
-1.627272727272726E-01, 5.727272727272739E-02, -1.0
-2.027272727272727E-01,-4.545454545454438E-03,  1.0
-1.627272727272726E-01, 9.154112675921494E-02, -1.0
-2.227272727272727E-01, 9.181818181818192E-02,  1.0
-1.627272727272726E-01, 1.100000000000001E-01, -1.0
-1.637796207712588E-01, 6.818181818181833E-02,  1.0
-1.627272727272726E-01, 1.128237295177148E-01, -1.0
-1.476438494350729E-01, 1.645454545454547E-01,  1.0
-1.789194791197489E-01, 1.227272727272728E-01, -1.0
-1.427272727272726E-01, 1.809090909090910E-01,  1.0
-1.835259895667949E-01, 2.024131988589858E-01, -1.0
-1.627272727272726E-01, 2.372727272727274E-01,  1.0
-1.848004414757272E-01, 2.154545454545456E-01, -1.0
-1.627272727272726E-01, 2.536363636363638E-01,  1.0
-1.497551908461359E-01, 2.918181818181820E-01, -1.0
-2.208936836762408E-01, 3.094688448406289E-01,  1.0
-1.627272727272726E-01, 3.081818181818183E-01, -1.0
-2.027272727272727E-01, 3.063636363636365E-01,  1.0
-1.427272727272726E-01, 3.323155909249141E-01, -1.0
-2.027272727272727E-01, 3.827272727272729E-01,  1.0
-1.627272727272726E-01, 3.708424110476018E-01, -1.0
-2.104640371381486E-01, 4.390909090909093E-01,  1.0
-1.627272727272726E-01, 3.972727272727274E-01, -1.0
-1.648565639660828E-01, 4.354545454545456E-01,  1.0
-1.818434637868986E-01, 4.736363636363638E-01, -1.0
-1.427272727272726E-01, 4.918181818181819E-01,  1.0
-1.827272727272727E-01, 4.900000000000002E-01, -1.0
-1.427272727272726E-01, 5.081818181818184E-01,  1.0
-1.662298028765421E-01, 5.463636363636366E-01, -1.0
-1.627272727272726E-01, 5.445454545454547E-01,  1.0
-1.799104264501577E-01, 6.027272727272729E-01, -1.0
-1.666403908635594E-01, 5.609090909090910E-01,  1.0
-1.917144650510779E-01, 6.190909090909092E-01, -1.0
-1.402906232734900E-01, 6.772727272727275E-01,  1.0
-1.803395235250209E-01, 6.154545454545456E-01, -1.0
-1.420180656412227E-01, 6.690345262953943E-01,  1.0
-1.883973179464324E-01, 6.318181818181819E-01, -1.0
-1.427272727272726E-01, 6.832825073681505E-01,  1.0
-2.227272727272727E-01, 6.749614953486078E-01, -1.0
-1.792088694169434E-01, 7.663636363636366E-01,  1.0
-1.827272727272727E-01, 7.045454545454547E-01, -1.0
-1.958274331145289E-01, 7.627272727272729E-01,  1.0
-1.882180265505686E-01, 8.209090909090911E-01, -1.0
-1.827272727272727E-01, 7.790909090909093E-01,  1.0
-1.789288447446528E-01, 8.372727272727275E-01, -1.0
-1.827272727272727E-01, 7.954545454545456E-01,  1.0
-1.827272727272727E-01, 8.536363636363639E-01, -1.0
-1.822755778640647E-01, 8.757811591483400E-01,  1.0
-2.192822973196674E-01, 9.395904822822805E-01, -1.0
-1.502363039134723E-01,-9.072843987790231E-01, -1.0
-1.445454545454544E-01,-8.718181818181818E-01,  1.0
-1.645454545454545E-01,-8.536363636363636E-01, -1.0
-1.464336913643154E-01,-8.754545454545455E-01,  1.0
-1.645454545454545E-01,-7.995379248564140E-01, -1.0
-1.187395835141755E-01,-8.190909090909091E-01,  1.0
-1.482716000935010E-01,-7.914479084423969E-01, -1.0
-1.845454545454545E-01,-8.027272727272727E-01,  1.0
-1.445454545454544E-01,-7.445454545454545E-01, -1.0
-1.845454545454545E-01,-7.063636363636363E-01,  1.0
-1.645454545454545E-01,-7.281818181818182E-01, -1.0
-1.445454545454544E-01,-6.699999999999999E-01,  1.0
-1.559816549975630E-01,-7.139041865982988E-01, -1.0
-1.445454545454544E-01,-6.336363636363636E-01,  1.0
-1.845454545454545E-01,-6.754545454545454E-01, -1.0
-1.445454545454544E-01,-6.372727272727272E-01,  1.0
-1.626043073497320E-01,-5.790909090909091E-01, -1.0
-1.245454545454544E-01,-6.209090909090910E-01,  1.0
-1.245454545454544E-01,-5.749293926785917E-01, -1.0
-1.845454545454545E-01,-5.493713071551529E-01,  1.0
-1.245454545454544E-01,-5.663636363636364E-01, -1.0
-1.445454545454544E-01,-5.098616130798561E-01,  1.0
-1.445454545454544E-01,-4.899999999999999E-01, -1.0
-2.045454545454545E-01,-5.318181818181817E-01,  1.0
-1.793620132881476E-01,-4.767720658135186E-01, -1.0
-1.245454545454544E-01,-4.354545454545454E-01,  1.0
-1.832864866573496E-01,-4.052645929044096E-01, -1.0
-2.045454545454545E-01,-4.390909090909091E-01,  1.0
-1.645454545454545E-01,-4.009090909090909E-01, -1.0
-1.060994896183995E-01,-4.027272727272727E-01,  1.0
-1.462264137748783E-01,-3.445454545454545E-01, -1.0
-1.220674296895154E-01,-3.554093257449956E-01,  1.0
-1.599812248630245E-01,-3.481818181818181E-01, -1.0
-1.845454545454545E-01,-2.899999999999999E-01,  1.0
-1.445454545454544E-01,-2.428518580665682E-01, -1.0
-1.845454545454545E-01,-2.936363636363636E-01,  1.0
-1.445454545454544E-01,-2.554545454545454E-01, -1.0
-2.045454545454545E-01,-1.972727272727272E-01,  1.0
-1.445454545454544E-01,-2.590909090909090E-01, -1.0
-1.645454545454545E-01,-1.609090909090908E-01,  1.0
-1.245454545454544E-01,-2.227272727272727E-01, -1.0
-1.681816722253908E-01,-1.445454545454544E-01,  1.0
-1.245454545454544E-01,-1.856483223963818E-01, -1.0
-1.845454545454545E-01,-1.495831968434279E-01,  1.0
-1.045454545454545E-01,-8.290372716761918E-02, -1.0
-1.645454545454545E-01,-9.809328718689345E-02,  1.0
-1.245454545454544E-01,-3.557924311130827E-02, -1.0
-1.845454545454545E-01,-2.187395224325697E-02,  1.0
-1.245454545454544E-01,-3.707914685983103E-02, -1.0
-1.845454545454545E-01,-3.287905515442146E-02,  1.0
-1.438257216869020E-01, 3.909090909090920E-02, -1.0
-1.845454545454545E-01,-2.272727272727262E-02,  1.0
-1.645454545454545E-01, 7.620640851788096E-02, -1.0
-1.845454545454545E-01, 5.170116025527856E-02,  1.0
-1.445454545454544E-01, 9.181818181818192E-02, -1.0
-1.445454545454544E-01, 5.000000000000013E-02,  1.0
-1.645454545454545E-01, 1.081818181818183E-01, -1.0
-1.176583506292091E-01, 1.663636363636365E-01,  1.0
-1.645454545454545E-01, 1.245454545454547E-01, -1.0
-1.445454545454544E-01, 1.791648290199883E-01,  1.0
-1.245454545454544E-01, 2.290065003556211E-01, -1.0
-1.645454545454545E-01, 2.390909090909092E-01,  1.0
-1.789940537493365E-01, 2.185204883125890E-01, -1.0
-1.645454545454545E-01, 2.354545454545456E-01,  1.0
-1.845454545454545E-01, 2.736363636363638E-01, -1.0
-1.645454545454545E-01, 2.518181818181819E-01,  1.0
-1.445454545454544E-01, 2.900000000000001E-01, -1.0
-1.974765067895086E-01, 3.104265088246076E-01,  1.0
-1.445454545454544E-01, 3.063636363636365E-01, -1.0
-1.724052509176833E-01, 3.645454545454547E-01,  1.0
-1.445454545454544E-01, 3.467815822845056E-01, -1.0
-1.164553389672408E-01, 4.380445686754251E-01,  1.0
-1.578116663152171E-01, 3.790909090909093E-01, -1.0
-1.645454545454545E-01, 4.372727272727274E-01,  1.0
-1.845454545454545E-01, 4.709204096285119E-01, -1.0
-1.445454545454544E-01, 4.936363636363638E-01,  1.0
-1.645454545454545E-01, 4.518181818181820E-01, -1.0
-1.245454545454544E-01, 4.876857059232692E-01,  1.0
-1.789022495431267E-01, 5.281818181818184E-01, -1.0
-1.645454545454545E-01, 5.446844782018957E-01,  1.0
-2.045454545454545E-01, 5.245454545454546E-01, -1.0
-1.645454545454545E-01, 5.627272727272729E-01,  1.0
-1.845454545454545E-01, 6.059541445984401E-01, -1.0
-1.445454545454544E-01, 5.790909090909092E-01,  1.0
-1.845454545454545E-01, 6.172727272727274E-01, -1.0
-1.245454545454544E-01, 6.448988052859926E-01,  1.0
-1.645454545454545E-01, 6.459488240352221E-01, -1.0
-1.445454545454544E-01, 6.718181818181820E-01,  1.0
-2.045454545454545E-01, 6.863735365308595E-01, -1.0
-1.665997897145536E-01, 7.481818181818184E-01,  1.0
-1.845454545454545E-01, 7.063636363636365E-01, -1.0
-1.645454545454545E-01, 7.645454545454548E-01,  1.0
-1.445454545454544E-01, 7.811780562246967E-01, -1.0
-1.261787200077081E-01, 8.163116317159643E-01,  1.0
-1.605699152959688E-01, 8.190909090909093E-01, -1.0
-1.111585366058978E-01, 8.572727272727275E-01,  1.0
-1.645445589041559E-01, 8.479238363579354E-01, -1.0
-1.245454545454544E-01, 8.446797784993237E-01,  1.0
-1.445454545454544E-01, 8.918181818181821E-01, -1.0
-1.645454545454545E-01, 8.900000000000002E-01,  1.0
-1.063636363636363E-01,-9.022183312464230E-01,  1.0
-1.663636363636363E-01,-9.118181818181819E-01, -1.0
-1.263636363636363E-01,-8.699491301696115E-01,  1.0
-1.263636363636363E-01,-8.308052806713032E-01, -1.0
-1.277901639142154E-01,-8.572727272727273E-01,  1.0
-1.663636363636363E-01,-7.796524409129337E-01, -1.0
-1.063636363636363E-01,-8.009090909090909E-01,  1.0
-1.463636363636363E-01,-7.446213859320944E-01, -1.0
-1.030813727390806E-01,-8.045454545454546E-01,  1.0
-1.652134657591667E-01,-7.263636363636363E-01, -1.0
-8.636363636363628E-02,-6.681818181818181E-01,  1.0
-1.263636363636363E-01,-6.915885012228862E-01, -1.0
-1.463636363636363E-01,-6.518181818181817E-01,  1.0
-1.063636363636363E-01,-6.936363636363636E-01, -1.0
-1.463636363636363E-01,-6.354545454545454E-01,  1.0
-1.263636363636363E-01,-5.772727272727272E-01, -1.0
-1.263636363636363E-01,-6.190909090909091E-01,  1.0
-1.463636363636363E-01,-5.877895838984292E-01, -1.0
-1.417678024191051E-01,-6.227272727272728E-01,  1.0
-1.263636363636363E-01,-5.645454545454546E-01, -1.0
-1.413268633138571E-01,-5.063636363636363E-01,  1.0
-1.655535903943492E-01,-4.881818181818182E-01, -1.0
-1.263636363636363E-01,-4.499999999999999E-01,  1.0
-1.500218892655846E-01,-4.918181818181817E-01, -1.0
-1.263636363636363E-01,-4.361037014671848E-01,  1.0
-1.648130389004341E-01,-4.754545454545455E-01, -1.0
-1.263636363636363E-01,-4.372727272727273E-01,  1.0
-1.663636363636363E-01,-3.842295502682779E-01, -1.0
-1.200975432539074E-01,-4.209090909090909E-01,  1.0
-1.663636363636363E-01,-4.027272727272727E-01, -1.0
-1.132094251507794E-01,-3.845454545454545E-01,  1.0
-1.640564058872002E-01,-3.421228112650590E-01, -1.0
-1.663636363636363E-01,-2.917211840365445E-01,  1.0
-1.201182488650225E-01,-3.300000000000000E-01, -1.0
-1.663636363636363E-01,-3.110872177324358E-01,  1.0
-1.606746806242791E-01,-2.536363636363635E-01, -1.0
-1.863636363636363E-01,-1.954545454545453E-01,  1.0
-1.146257376716401E-01,-2.173758063543268E-01, -1.0
-1.863636363636363E-01,-1.590909090909090E-01,  1.0
-1.313799863246144E-01,-2.121668747151841E-01, -1.0
-1.663636363636363E-01,-1.627272727272726E-01,  1.0
-8.636363636363628E-02,-1.772784529030589E-01, -1.0
-1.663636363636363E-01,-1.463636363636363E-01,  1.0
-1.163533766361033E-01,-8.818181818181811E-02, -1.0
-1.063636363636363E-01,-1.299999999999999E-01,  1.0
-1.263636363636363E-01,-5.181818181818172E-02, -1.0
-1.663636363636363E-01,-1.136363636363635E-01,  1.0
-1.263636363636363E-01,-3.545454545454536E-02, -1.0
-1.863636363636363E-01,-3.456261131717964E-02,  1.0
-1.063636363636363E-01,-1.797486091107690E-02, -1.0
-1.863636363636363E-01,-2.532482934890563E-02,  1.0
-1.795735719467926E-01, 3.727272727272738E-02, -1.0
-1.063636363636363E-01, 3.545454545454556E-02,  1.0
-1.302177798183499E-01, 7.363636363636375E-02, -1.0
-1.263636363636363E-01, 3.392419366645510E-02,  1.0
-1.463636363636363E-01, 1.100000000000001E-01, -1.0
-9.278266447544470E-02, 1.481818181818183E-01,  1.0
-1.463636363636363E-01, 1.152435859701243E-01, -1.0
-1.463636363636363E-01, 1.645454545454547E-01,  1.0
-1.663636363636363E-01, 1.227272727272728E-01, -1.0
-1.548495034843287E-01, 1.809090909090910E-01,  1.0
-1.263636363636363E-01, 2.182978049627175E-01, -1.0
-1.463636363636363E-01, 2.372727272727274E-01,  1.0
-1.263636363636363E-01, 2.354545454545456E-01, -1.0
-1.459237778566821E-01, 2.536363636363638E-01,  1.0
-1.463636363636363E-01, 2.918181818181820E-01, -1.0
-8.636363636363628E-02, 2.996805180542592E-01,  1.0
-1.463636363636363E-01, 3.462512392870933E-01, -1.0
-1.863636363636363E-01, 3.164547608427026E-01,  1.0
-1.263636363636363E-01, 3.645454545454547E-01, -1.0
-1.071786147502931E-01, 4.227272727272730E-01,  1.0
-1.463636363636363E-01, 3.611347788606504E-01, -1.0
-1.263636363636363E-01, 4.041122366957398E-01,  1.0
-1.663636363636363E-01, 3.972727272727274E-01, -1.0
-1.663636363636363E-01, 4.554545454545456E-01,  1.0
-1.463636363636363E-01, 4.136363636363637E-01, -1.0
-1.263636363636363E-01, 4.918181818181819E-01,  1.0
-1.663636363636363E-01, 5.300000000000002E-01, -1.0
-1.198129697686492E-01, 4.809995009768532E-01,  1.0
-1.113008824122075E-01, 5.663636363636366E-01, -1.0
-1.550287239907799E-01, 5.559760389345721E-01,  1.0
-1.263636363636363E-01, 5.827272727272729E-01, -1.0
-1.558269306014862E-01, 5.419415913874499E-01,  1.0
-1.663636363636363E-01, 5.990909090909092E-01, -1.0
-1.063636363636363E-01, 6.372727272727274E-01,  1.0
-1.407058070452995E-01, 5.954545454545456E-01, -1.0
-1.463636363636363E-01, 6.701308389876913E-01,  1.0
-1.196029396220283E-01, 6.918181818181820E-01, -1.0
-8.636363636363628E-02, 7.421081780671414E-01,  1.0
-1.280952550116426E-01, 6.881818181818183E-01, -1.0
-1.663636363636363E-01, 7.668285313937234E-01,  1.0
-1.263636363636363E-01, 7.619895503844484E-01, -1.0
-1.663636363636363E-01, 7.749507818896157E-01,  1.0
-1.308291279857364E-01, 7.609090909090911E-01, -1.0
-1.263636363636363E-01, 8.076241650163644E-01,  1.0
-1.663636363636363E-01, 8.372727272727275E-01, -1.0
-1.063636363636363E-01, 8.507254954864100E-01,  1.0
-1.392849617771457E-01, 9.136363636363639E-01, -1.0
-1.063636363636363E-01, 8.518181818181820E-01,  1.0
-1.463636363636363E-01, 9.100000000000003E-01, -1.0
-1.549699548802284E-01,-9.016031068250845E-01, -1.0
-1.081818181818181E-01,-8.918181818181818E-01,  1.0
-1.068432724976404E-01,-8.536363636363636E-01, -1.0
-1.281818181818181E-01,-8.754545454545455E-01,  1.0
-1.345277963663572E-01,-8.372727272727273E-01, -1.0
-6.818181818181812E-02,-7.881959586903425E-01,  1.0
-1.481818181818181E-01,-7.609090909090909E-01, -1.0
-8.818181818181811E-02,-8.027272727272727E-01,  1.0
-1.466778045339018E-01,-7.445454545454545E-01, -1.0
-6.818181818181812E-02,-7.663636363636364E-01,  1.0
-1.481818181818181E-01,-7.602554841674672E-01, -1.0
-1.081818181818181E-01,-7.366936480289106E-01,  1.0
-1.081818181818181E-01,-6.918181818181818E-01, -1.0
-1.281818181818181E-01,-6.336363636363636E-01,  1.0
-8.818181818181811E-02,-6.749289293735611E-01, -1.0
-1.281818181818181E-01,-6.318143379617708E-01,  1.0
-8.818181818181811E-02,-6.590909090909092E-01, -1.0
-6.818181818181812E-02,-6.009090909090909E-01,  1.0
-1.081818181818181E-01,-5.827272727272728E-01, -1.0
-1.481818181818181E-01,-5.245454545454545E-01,  1.0
-8.818181818181811E-02,-5.463636363636364E-01, -1.0
-1.481818181818181E-01,-5.173385532031483E-01,  1.0
-8.818181818181811E-02,-5.062787455623627E-01, -1.0
-1.145623673377105E-01,-4.330531257883605E-01,  1.0
-6.818181818181812E-02,-4.936363636363637E-01, -1.0
-1.228477134703530E-01,-4.316904928966190E-01,  1.0
-7.788323972093024E-02,-3.776476354908773E-01, -1.0
-1.081818181818181E-01,-4.269889733519200E-01,  1.0
-1.512769075615407E-01,-3.409090909090908E-01, -1.0
-1.281818181818181E-01,-3.827272727272727E-01,  1.0
-1.081818181818181E-01,-3.445454545454545E-01, -1.0
-1.281818181818181E-01,-3.742366469422774E-01,  1.0
-1.281818181818181E-01,-3.281818181818181E-01, -1.0
-8.818181818181811E-02,-2.899999999999999E-01,  1.0
-1.281818181818181E-01,-2.522706097392914E-01, -1.0
-8.852279684739599E-02,-2.736363636363636E-01,  1.0
-1.281818181818181E-01,-2.404533585540764E-01, -1.0
-7.943010127174148E-02,-2.262136469958606E-01,  1.0
-1.241426531580173E-01,-2.190909090909090E-01, -1.0
-1.681818181818181E-01,-1.609090909090908E-01,  1.0
-1.081818181818181E-01,-1.877446658367731E-01, -1.0
-1.481818181818181E-01,-1.445454545454544E-01,  1.0
-8.330781421460874E-02,-1.863636363636363E-01, -1.0
-1.481818181818181E-01,-1.481818181818181E-01,  1.0
-1.151104564709433E-01,-4.999999999999992E-02, -1.0
-1.681818181818181E-01,-1.318181818181817E-01,  1.0
-1.081818181818181E-01,-5.363636363636354E-02, -1.0
-9.509248199452544E-02,-9.545454545454535E-02,  1.0
-8.818181818181811E-02,-1.727272727272717E-02, -1.0
-1.481818181818181E-01,-5.691628259667639E-03,  1.0
-1.024592846795748E-01,-9.090909090908022E-04, -1.0
-8.818181818181811E-02, 3.727272727272738E-02,  1.0
-1.481818181818181E-01, 7.545454545454557E-02, -1.0
-8.818181818181811E-02, 3.363636363636375E-02,  1.0
-1.481818181818181E-01, 8.596723269127116E-02, -1.0
-9.275244249717270E-02, 1.300000000000001E-01,  1.0
-1.481818181818181E-01, 8.818181818181832E-02, -1.0
-1.081818181818181E-01, 1.663636363636365E-01,  1.0
-7.380334459371958E-02, 1.109995168811033E-01, -1.0
-1.013098755615242E-01, 1.627272727272729E-01,  1.0
-1.208520070698271E-01, 2.209090909090911E-01, -1.0
-1.511805980966004E-01, 1.790909090909092E-01,  1.0
-1.158359937850190E-01, 2.197763704050892E-01, -1.0
-1.281818181818181E-01, 2.554545454545456E-01,  1.0
-1.481818181818181E-01, 3.000490348941592E-01, -1.0
-1.081818181818181E-01, 2.718181818181820E-01,  1.0
-1.481818181818181E-01, 3.100000000000002E-01, -1.0
-7.882550429386614E-02, 3.081818181818183E-01,  1.0
-1.481818181818181E-01, 3.263636363636365E-01, -1.0
-1.002678660527538E-01, 3.650266184512884E-01,  1.0
-1.281818181818181E-01, 3.627272727272729E-01, -1.0
-1.186686788069463E-01, 4.209090909090911E-01,  1.0
-1.160359683610230E-01, 3.807222661712781E-01, -1.0
-1.065951462878209E-01, 4.419169857564320E-01,  1.0
-1.281818181818181E-01, 4.154545454545456E-01, -1.0
-1.281818181818181E-01, 5.074897347915303E-01,  1.0
-8.818181818181811E-02, 5.118181818181819E-01, -1.0
-1.281818181818181E-01, 4.900000000000002E-01,  1.0
-1.281818181818181E-01, 5.681818181818185E-01, -1.0
-9.207445052006465E-02, 5.283759975424341E-01,  1.0
-1.235536611164931E-01, 5.849349651416467E-01, -1.0
-8.818181818181811E-02, 5.227272727272728E-01,  1.0
-1.281818181818181E-01, 5.809090909090910E-01, -1.0
-1.081818181818181E-01, 6.390909090909093E-01,  1.0
-1.418039658500912E-01, 6.122028752816601E-01, -1.0
-1.195168459498218E-01, 6.554545454545456E-01,  1.0
-8.818181818181811E-02, 6.736363636363638E-01, -1.0
-1.281818181818181E-01, 6.718181818181820E-01,  1.0
-1.281818181818181E-01, 7.037137843129609E-01, -1.0
-8.818181818181811E-02, 7.281818181818184E-01,  1.0
-1.227082138779920E-01, 7.063636363636365E-01, -1.0
-8.818181818181811E-02, 7.138944326315267E-01,  1.0
-1.281818181818181E-01, 7.627272727272729E-01, -1.0
-1.081818181818181E-01, 8.209090909090911E-01,  1.0
-1.281818181818181E-01, 7.620002311844539E-01, -1.0
-1.081818181818181E-01, 8.172727272727275E-01,  1.0
-1.681818181818181E-01, 8.213980944697951E-01, -1.0
-1.081818181818181E-01, 8.576739914397263E-01,  1.0
-1.281818181818181E-01, 8.918181818181821E-01, -1.0
-1.096509415695606E-01, 8.891028773482661E-01,  1.0
-1.085563330959435E-01,-8.900000000000000E-01,  1.0
-1.099999999999999E-01,-8.631162061985417E-01, -1.0
-8.999999999999991E-02,-8.936363636363637E-01,  1.0
-1.097178653786742E-01,-8.554545454545455E-01, -1.0
-6.999999999999992E-02,-7.972727272727272E-01,  1.0
-1.299999999999999E-01,-8.390909090909091E-01, -1.0
-6.999999999999992E-02,-8.009090909090909E-01,  1.0
-1.299999999999999E-01,-7.532922305990629E-01, -1.0
-6.999999999999992E-02,-7.509153034180157E-01,  1.0
-1.099999999999999E-01,-7.063636363636363E-01, -1.0
-4.999999999999992E-02,-7.681818181818182E-01,  1.0
-1.078015853799313E-01,-6.899999999999999E-01, -1.0
-6.999999999999992E-02,-7.103566088607324E-01,  1.0
-8.999999999999991E-02,-6.936363636363636E-01, -1.0
-1.299999999999999E-01,-6.354545454545454E-01,  1.0
-8.999999999999991E-02,-6.772727272727272E-01, -1.0
-1.415985313015259E-01,-6.390909090909092E-01,  1.0
-1.099999999999999E-01,-5.809090909090909E-01, -1.0
-1.047498589181599E-01,-5.481788456788899E-01,  1.0
-1.236405410929093E-01,-5.845454545454546E-01, -1.0
-1.299999999999999E-01,-5.263636363636364E-01,  1.0
-6.999999999999992E-02,-5.450442639899411E-01, -1.0
-1.299999999999999E-01,-5.299999999999999E-01,  1.0
-6.999999999999992E-02,-4.856306383599640E-01, -1.0
-1.099999999999999E-01,-4.480074783662086E-01,  1.0
-4.999999999999992E-02,-4.354545454545454E-01, -1.0
-1.099999999999999E-01,-4.372727272727273E-01,  1.0
-8.999999999999991E-02,-3.990909090909091E-01, -1.0
-1.088028152001535E-01,-4.025784252063868E-01,  1.0
-8.999999999999991E-02,-3.427272727272727E-01, -1.0
-4.999999999999992E-02,-3.245454545454545E-01,  1.0
-9.410804719671774E-02,-3.410563141464810E-01, -1.0
-4.999999999999992E-02,-3.081818181818181E-01,  1.0
-1.099999999999999E-01,-3.099999999999999E-01, -1.0
-8.416370556782091E-02,-2.718181818181817E-01,  1.0
-1.272422541681067E-01,-2.713894771246006E-01, -1.0
-6.999999999999992E-02,-2.354545454545454E-01,  1.0
-1.299999999999999E-01,-2.090878510656742E-01, -1.0
-7.064165784844267E-02,-1.990909090909090E-01,  1.0
-1.182915951175913E-01,-2.209090909090909E-01, -1.0
-1.299999999999999E-01,-1.427272727272726E-01,  1.0
-6.999999999999992E-02,-1.645454545454545E-01, -1.0
-1.291471111349627E-01,-1.263636363636363E-01,  1.0
-6.559256782639701E-02,-1.178640142980001E-01, -1.0
-1.231956828442185E-01,-1.299999999999999E-01,  1.0
-1.099999999999999E-01,-5.181818181818172E-02, -1.0
-7.932340011822614E-02,-9.363636363636353E-02,  1.0
-1.073641017446400E-01,-3.545454545454536E-02, -1.0
-1.432976018488916E-01,-3.271705302023704E-03,  1.0
-8.484000982696972E-02,-1.909090909090898E-02, -1.0
-1.173269147643098E-01, 3.909090909090920E-02,  1.0
-8.999999999999991E-02,-2.727272727272616E-03, -1.0
-6.999999999999992E-02, 5.545454545454557E-02,  1.0
-1.473254545675152E-01, 9.781731411005017E-02, -1.0
-8.999999999999991E-02, 5.181818181818193E-02,  1.0
-1.299999999999999E-01, 1.056054736942778E-01, -1.0
-1.000712876287510E-01, 1.483114751401324E-01,  1.0
-8.999999999999991E-02, 1.063636363636365E-01, -1.0
-8.999999999999991E-02, 1.687425457781815E-01,  1.0
-1.299999999999999E-01, 2.027272727272729E-01, -1.0
-6.999999999999992E-02, 1.755933022408218E-01,  1.0
-1.099999999999999E-01, 2.190909090909092E-01, -1.0
-6.999999999999992E-02, 1.772727272727274E-01,  1.0
-1.163949926304901E-01, 2.354545454545456E-01, -1.0
-1.099999999999999E-01, 2.736363636363638E-01,  1.0
-6.999999999999992E-02, 2.718181818181820E-01, -1.0
-6.999999999999992E-02, 3.100000000000002E-01,  1.0
-1.299999999999999E-01, 3.343561757598719E-01, -1.0
-8.999999999999991E-02, 3.063636363636365E-01,  1.0
-1.299999999999999E-01, 3.401839870007518E-01, -1.0
-1.099999999999999E-01, 4.027272727272729E-01,  1.0
-7.819651532230444E-02, 3.968978693494041E-01, -1.0
-1.099999999999999E-01, 4.590909090909093E-01,  1.0
-6.999999999999992E-02, 3.789835660727829E-01, -1.0
-1.099999999999999E-01, 4.754545454545456E-01,  1.0
-1.299999999999999E-01, 4.336363636363638E-01, -1.0
-1.299999999999999E-01, 4.918181818181820E-01,  1.0
-6.999999999999992E-02, 4.968789285273074E-01, -1.0
-1.099999999999999E-01, 5.281818181818184E-01,  1.0
-1.299999999999999E-01, 5.680410855416071E-01, -1.0
-7.654851489761891E-02, 5.245454545454546E-01,  1.0
-1.287893245777565E-01, 5.827272727272729E-01, -1.0
-1.099999999999999E-01, 6.209090909090911E-01,  1.0
-6.999999999999992E-02, 5.990909090909092E-01, -1.0
-1.219231438937288E-01, 6.367743851413653E-01,  1.0
-4.999999999999992E-02, 6.354545454545456E-01, -1.0
-1.238621264984121E-01, 6.536363636363638E-01,  1.0
-8.999999999999991E-02, 6.819598315165940E-01, -1.0
-9.031493178936824E-02, 7.300000000000002E-01,  1.0
-1.099999999999999E-01, 7.014412467817921E-01, -1.0
-8.022754852925718E-02, 7.263636363636365E-01,  1.0
-1.206427428807763E-01, 7.574779573992810E-01, -1.0
-9.240965164495422E-02, 7.827272727272729E-01,  1.0
-1.299999999999999E-01, 7.809090909090911E-01, -1.0
-1.099999999999999E-01, 8.316909076844169E-01,  1.0
-6.999999999999992E-02, 8.572727272727275E-01, -1.0
-8.999999999999991E-02, 8.210388316797786E-01,  1.0
-4.999999999999992E-02, 8.773819517039819E-01, -1.0
-1.099999999999999E-01, 8.518181818181820E-01,  1.0
-4.999999999999992E-02, 9.004457302058698E-01, -1.0
-5.181818181818172E-02,-9.500000000000001E-01, -1.0
-3.181818181818172E-02,-8.829800420450903E-01,  1.0
-1.118181818181817E-01,-8.736363636363637E-01, -1.0
-5.455295659054814E-02,-8.154545454545454E-01,  1.0
-4.228026396846602E-02,-8.572727272727273E-01, -1.0
-7.181818181818173E-02,-7.990909090909091E-01,  1.0
-1.318181818181817E-01,-7.648470432682786E-01, -1.0
-7.244245029473396E-02,-8.161682240419417E-01,  1.0
-1.318181818181817E-01,-7.460463056658749E-01, -1.0
-7.181818181818173E-02,-7.571900014765081E-01,  1.0
-1.271179344070265E-01,-7.081818181818181E-01, -1.0
-3.181818181818172E-02,-7.500000000000000E-01,  1.0
-1.064499173668536E-01,-6.747855940033614E-01, -1.0
-3.181818181818172E-02,-6.136363636363635E-01,  1.0
-9.330190620787221E-02,-6.554545454545454E-01, -1.0
-5.181818181818172E-02,-6.172727272727272E-01,  1.0
-9.181818181818172E-02,-6.590909090909092E-01, -1.0
-5.181818181818172E-02,-6.009090909090909E-01,  1.0
-7.181818181818173E-02,-5.427272727272727E-01, -1.0
-5.181818181818172E-02,-6.045454545454546E-01,  1.0
-3.181818181818172E-02,-5.410075260031805E-01, -1.0
-1.201656651604497E-01,-5.281818181818182E-01,  1.0
-5.181818181818172E-02,-4.899999999999999E-01, -1.0
-1.087357633315613E-01,-4.518181818181817E-01,  1.0
-5.181818181818172E-02,-4.936363636363637E-01, -1.0
-1.193471501049327E-01,-4.506180563217619E-01,  1.0
-5.181818181818172E-02,-4.772727272727273E-01, -1.0
-1.118181818181817E-01,-4.390909090909091E-01,  1.0
-9.181818181818172E-02,-3.609090909090908E-01, -1.0
-1.118181818181817E-01,-3.951305519330706E-01,  1.0
-9.181818181818172E-02,-3.361682043081534E-01, -1.0
-5.181818181818172E-02,-3.263636363636363E-01,  1.0
-1.118181818181817E-01,-3.474925854680236E-01, -1.0
-7.181818181818173E-02,-2.899999999999999E-01,  1.0
-5.181818181818172E-02,-2.718181818181817E-01, -1.0
-7.848254723494373E-02,-2.536363636363635E-01,  1.0
-5.181818181818172E-02,-2.754545454545454E-01, -1.0
-7.181818181818173E-02,-2.372727272727272E-01,  1.0
-1.318181818181817E-01,-2.245082495009314E-01, -1.0
-9.007761782840273E-02,-2.187581443302894E-01,  1.0
-7.181818181818173E-02,-1.783690939309678E-01, -1.0
-1.118181818181817E-01,-1.236696467574965E-01,  1.0
-7.181818181818173E-02,-1.585876985729737E-01, -1.0
-1.118181818181817E-01,-1.281818181818181E-01,  1.0
-7.181818181818173E-02,-8.999999999999991E-02, -1.0
-9.181818181818172E-02,-8.840520134065370E-02,  1.0
-7.181818181818173E-02,-3.363636363636354E-02, -1.0
-1.118181818181817E-01,-4.765229162312210E-02,  1.0
-6.316234613205955E-02,-1.727272727272717E-02, -1.0
-1.047816040497732E-01,-2.638483027339305E-02,  1.0
-7.181818181818173E-02,-5.362810909390664E-03, -1.0
-7.147746939804873E-02, 3.727272727272738E-02,  1.0
-5.181818181818172E-02, 5.245986177345859E-02, -1.0
-7.181818181818173E-02, 7.363636363636375E-02,  1.0
-1.318181818181817E-01, 9.181818181818192E-02, -1.0
-5.181818181818172E-02, 7.000000000000013E-02,  1.0
-1.318181818181817E-01, 8.818181818181832E-02, -1.0
-9.181818181818172E-02, 1.540446613745871E-01,  1.0
-8.490563108000454E-02, 1.246737309760523E-01, -1.0
-3.181818181818172E-02, 1.739671314382903E-01,  1.0
-9.181818181818172E-02, 2.409090909090911E-01, -1.0
-5.181818181818172E-02, 1.790909090909092E-01,  1.0
-1.118181818181817E-01, 2.372727272727274E-01, -1.0
-3.181818181818172E-02, 1.954545454545455E-01,  1.0
-7.181818181818173E-02, 2.875251091746044E-01, -1.0
-1.037697285577592E-01, 3.118181818181820E-01,  1.0
-7.181818181818173E-02, 2.830369086237391E-01, -1.0
-5.181818181818172E-02, 3.281818181818184E-01,  1.0
-8.725641041756349E-02, 3.463636363636365E-01, -1.0
-9.181818181818172E-02, 4.045454545454548E-01,  1.0
-9.181818181818172E-02, 3.627272727272729E-01, -1.0
-9.181818181818172E-02, 3.850866092291617E-01,  1.0
-8.166633889812139E-02, 3.790909090909093E-01, -1.0
-9.181818181818172E-02, 4.619814122252329E-01,  1.0
-1.318181818181817E-01, 3.954545454545456E-01, -1.0
-5.181818181818172E-02, 4.736363636363638E-01,  1.0
-7.181818181818173E-02, 4.918091362953321E-01, -1.0
-9.181818181818172E-02, 5.100000000000002E-01,  1.0
-7.181818181818173E-02, 5.081818181818184E-01, -1.0
-9.181818181818172E-02, 5.284322834540565E-01,  1.0
-7.181818181818173E-02, 5.845454545454547E-01, -1.0
-9.181818181818172E-02, 5.269483393784835E-01,  1.0
-7.181818181818173E-02, 6.009090909090911E-01, -1.0
-1.108558420080778E-01, 6.390909090909093E-01,  1.0
-5.181818181818172E-02, 6.172727272727274E-01, -1.0
-1.118181818181817E-01, 6.554545454545456E-01,  1.0
-5.181818181818172E-02, 6.536363636363638E-01, -1.0
-7.181818181818173E-02, 7.118181818181820E-01,  1.0
-7.181818181818173E-02, 6.622515957538400E-01, -1.0
-7.181818181818173E-02, 7.281818181818184E-01,  1.0
-1.318181818181817E-01, 7.663636363636366E-01, -1.0
-7.181818181818173E-02, 7.445454545454547E-01,  1.0
-5.181818181818172E-02, 7.637890412786539E-01, -1.0
-9.181818181818172E-02, 8.009090909090911E-01,  1.0
-3.591506285729221E-02, 8.077408522876292E-01, -1.0
-9.349968089607227E-02, 8.172727272727275E-01,  1.0
-3.181818181818172E-02, 8.155406216771006E-01, -1.0
-1.118181818181817E-01, 8.428781880683893E-01,  1.0
-5.655158908700019E-02, 9.118181818181821E-01, -1.0
-1.118181818181817E-01, 9.075008690765732E-01,  1.0
-4.026413597805126E-02,-8.900000000000000E-01,  1.0
-9.363636363636353E-02,-9.318181818181819E-01, -1.0
-3.523025264286871E-02,-8.736363636363637E-01,  1.0
-9.363636363636353E-02,-8.554545454545455E-01, -1.0
-5.363636363636354E-02,-7.972727272727272E-01,  1.0
-6.596428343714440E-02,-8.237507469889581E-01, -1.0
-3.363636363636354E-02,-7.683494464489176E-01,  1.0
-8.081651418558894E-02,-7.353307917322537E-01, -1.0
-3.363636363636354E-02,-7.645454545454545E-01,  1.0
-9.363636363636353E-02,-7.263636363636363E-01, -1.0
-5.104352729657639E-02,-7.481818181818182E-01,  1.0
-9.363636363636353E-02,-6.699999999999999E-01, -1.0
-1.566419254850550E-02,-6.318181818181817E-01,  1.0
-9.363636363636353E-02,-6.736363636363636E-01, -1.0
-5.363636363636354E-02,-6.180128873765200E-01,  1.0
-9.110361864284847E-02,-6.572727272727272E-01, -1.0
-5.363636363636354E-02,-5.990909090909091E-01,  1.0
-9.363636363636353E-02,-5.609090909090909E-01, -1.0
-4.524352393365344E-02,-6.027272727272728E-01,  1.0
-3.363636363636354E-02,-5.245454545454545E-01, -1.0
-9.363636363636353E-02,-5.663636363636364E-01,  1.0
-5.363636363636354E-02,-5.081818181818182E-01, -1.0
-9.441253292637000E-02,-5.499999999999999E-01,  1.0
-3.363636363636354E-02,-4.876511801121570E-01, -1.0
-1.136363636363635E-01,-4.336363636363636E-01,  1.0
-4.889454259384540E-02,-4.900968866706777E-01, -1.0
-9.094415477986016E-02,-4.030548300300339E-01,  1.0
-5.363636363636354E-02,-4.390909090909091E-01, -1.0
-8.327449898818548E-02,-4.052284207385282E-01,  1.0
-7.363636363636354E-02,-3.627272727272727E-01, -1.0
-1.363636363636354E-02,-3.675425647265126E-01,  1.0
-9.363636363636353E-02,-3.490830059978032E-01, -1.0
-3.363636363636354E-02,-3.081818181818181E-01,  1.0
-9.363636363636353E-02,-3.300000000000000E-01, -1.0
-7.190204661570894E-02,-2.918181818181818E-01,  1.0
-5.363636363636354E-02,-2.736363636363636E-01, -1.0
-7.363636363636354E-02,-2.354545454545454E-01,  1.0
-5.363636363636354E-02,-2.572727272727272E-01, -1.0
-7.363636363636354E-02,-2.190909090909090E-01,  1.0
-7.086592384210796E-02,-1.609090909090908E-01, -1.0
-4.049796864433888E-02,-1.627272727272726E-01,  1.0
-6.261205546772471E-02,-1.445454545454544E-01, -1.0
-4.042048824072919E-02,-1.663636363636363E-01,  1.0
-3.363636363636354E-02,-1.202970327312321E-01, -1.0
-9.363636363636353E-02,-8.999999999999991E-02,  1.0
-6.129614487349744E-02,-3.181818181818172E-02, -1.0
-1.136363636363635E-01,-1.136363636363635E-01,  1.0
-7.363636363636354E-02,-3.545454545454536E-02, -1.0
-1.363636363636354E-02,-4.643785239714565E-02,  1.0
-6.636944358162267E-02, 9.090909090910156E-04, -1.0
-7.363636363636354E-02, 4.919819280931837E-02,  1.0
-3.363636363636354E-02, 1.727272727272738E-02, -1.0
-8.864795303881241E-02, 5.545454545454557E-02,  1.0
-3.846193836228232E-02, 5.363636363636375E-02, -1.0
-7.737311774985491E-02, 5.007514543158068E-02,  1.0
-9.160202328110827E-02, 1.155059289476723E-01, -1.0
-1.363636363636354E-02, 1.681818181818183E-01,  1.0
-7.363636363636354E-02, 1.263636363636365E-01, -1.0
-3.363636363636354E-02, 1.837479565136712E-01,  1.0
-7.379105863565565E-02, 1.227272727272728E-01, -1.0
-3.363636363636354E-02, 1.886225986357056E-01,  1.0
-7.363636363636354E-02, 2.590909090909093E-01, -1.0
-3.363636363636354E-02, 1.972727272727274E-01,  1.0
-7.363636363636354E-02, 2.554545454545456E-01, -1.0
-3.363636363636354E-02, 2.136363636363637E-01,  1.0
-6.898267788218593E-02, 2.718181818181820E-01, -1.0
-8.965575110791912E-02, 3.100000000000002E-01,  1.0
-5.363636363636354E-02, 2.687618624692126E-01, -1.0
-5.363636363636354E-02, 3.263636363636365E-01,  1.0
-8.052882946085105E-02, 3.445454545454547E-01, -1.0
-1.363636363636354E-02, 4.227272727272730E-01,  1.0
-5.669203011738013E-02, 3.809090909090911E-01, -1.0
-8.083307269085398E-02, 4.590909090909093E-01,  1.0
-5.363636363636354E-02, 3.972727272727274E-01, -1.0
-1.363636363636354E-02, 4.554545454545456E-01,  1.0
-5.363636363636354E-02, 4.136363636363637E-01, -1.0
-8.495832517988201E-02, 4.769954855394510E-01,  1.0
-7.363636363636354E-02, 5.100000000000002E-01, -1.0
-5.464297548494414E-02, 4.920257828822567E-01,  1.0
-6.005737362442027E-02, 5.636588108282878E-01, -1.0
-9.363636363636353E-02, 5.445454545454547E-01,  1.0
-5.363636363636354E-02, 6.027272727272729E-01, -1.0
-8.978943795881379E-02, 6.409090909090911E-01,  1.0
-5.363636363636354E-02, 6.187243087386298E-01, -1.0
-1.136363636363635E-01, 6.572727272727275E-01,  1.0
-5.363636363636354E-02, 6.154545454545456E-01, -1.0
-9.394557145163787E-02, 7.136363636363638E-01,  1.0
-5.363636363636354E-02, 6.391476160851952E-01, -1.0
-7.416463022586456E-02, 7.300000000000002E-01,  1.0
-1.363636363636354E-02, 6.881818181818183E-01, -1.0
-7.628925792393719E-02, 7.263636363636365E-01,  1.0
-3.363636363636354E-02, 7.245454545454547E-01, -1.0
-7.363636363636354E-02, 7.827272727272729E-01,  1.0
-3.363636363636354E-02, 8.009090909090911E-01, -1.0
-9.363636363636353E-02, 7.990909090909093E-01,  1.0
-3.363636363636354E-02, 8.172727272727275E-01, -1.0
-9.363636363636353E-02, 8.354545454545457E-01,  1.0
-3.363636363636354E-02, 8.595833866465901E-01, -1.0
-9.363636363636353E-02, 8.597906545237272E-01,  1.0
-4.333630418588394E-02, 9.100000000000003E-01, -1.0
-5.545454545454536E-02,-9.500000000000001E-01, -1.0
-5.186280420063240E-02,-8.918181818181818E-01,  1.0
 4.545454545454646E-03,-8.416515671584396E-01, -1.0
-5.121792265498228E-02,-7.954545454545454E-01,  1.0
-2.866249183245316E-02,-8.572727272727273E-01, -1.0
-3.545454545454536E-02,-7.790909090909091E-01,  1.0
-7.545454545454536E-02,-8.209090909090909E-01, -1.0
-3.545454545454536E-02,-7.827272727272727E-01,  1.0
-7.545454545454536E-02,-7.445454545454545E-01, -1.0
-3.545454545454536E-02,-7.863636363636364E-01,  1.0
-5.545454545454536E-02,-7.081818181818181E-01, -1.0
-1.545454545454535E-02,-6.699999999999999E-01,  1.0
-5.545454545454536E-02,-7.118181818181818E-01, -1.0
-1.545454545454535E-02,-6.536363636363636E-01,  1.0
-8.177403141495636E-02,-6.893140803097453E-01, -1.0
-3.545454545454536E-02,-6.172727272727272E-01,  1.0
-1.545454545454535E-02,-5.590909090909091E-01, -1.0
-3.545454545454536E-02,-6.005317445298165E-01,  1.0
-1.545454545454535E-02,-5.627272727272727E-01, -1.0
-5.545454545454536E-02,-5.845454545454546E-01,  1.0
-1.545454545454535E-02,-5.443122313032133E-01, -1.0
-5.545454545454536E-02,-5.281818181818182E-01,  1.0
 4.545454545454646E-03,-5.026328792982293E-01, -1.0
-9.545454545454535E-02,-4.318181818181817E-01,  1.0
-3.545454545454536E-02,-4.936363636363637E-01, -1.0
-9.545454545454535E-02,-4.154545454545454E-01,  1.0
-4.556783245201776E-02,-4.715857111129177E-01, -1.0
-1.545454545454535E-02,-3.990909090909091E-01,  1.0
-3.892922912601050E-02,-4.409090909090909E-01, -1.0
-1.545454545454535E-02,-3.827272727272727E-01,  1.0
-9.205700316109626E-02,-3.445454545454545E-01, -1.0
-1.545454545454535E-02,-3.630988947582421E-01,  1.0
-7.545454545454536E-02,-3.481818181818181E-01, -1.0
-4.363056808358633E-02,-3.099999999999999E-01,  1.0
-3.545454545454536E-02,-2.718181818181817E-01, -1.0
-6.680990740073706E-02,-2.336363636363635E-01,  1.0
-5.545454545454536E-02,-2.654359387007215E-01, -1.0
-7.545454545454536E-02,-2.218084270846891E-01,  1.0
-3.085794787404173E-02,-1.854814586161445E-01, -1.0
 4.545454545454646E-03,-1.809090909090908E-01,  1.0
-5.545454545454536E-02,-1.640348256966339E-01, -1.0
 4.545454545454646E-03,-1.645454545454545E-01,  1.0
-3.378967451070587E-02,-1.341431546747234E-01, -1.0
-7.545454545454536E-02,-1.081818181818181E-01,  1.0
-1.921948555178344E-02,-1.299999999999999E-01, -1.0
-7.545454545454536E-02,-9.181818181818172E-02,  1.0
-5.545454545454536E-02,-3.363636363636354E-02, -1.0
 4.545454545454646E-03,-4.010329542501715E-02,  1.0
-7.545454545454536E-02,-2.071919937437183E-02, -1.0
-7.545454545454536E-02, 4.090909090909102E-02,  1.0
-6.237577249501581E-02,-2.090909090909080E-02, -1.0
-8.378845333834613E-02, 3.727272727272738E-02,  1.0
-3.545454545454536E-02, 3.545454545454556E-02, -1.0
-3.545454545454536E-02, 1.116818387632993E-01,  1.0
-5.074046745509480E-02, 5.181818181818193E-02, -1.0
-3.545454545454536E-02, 1.300000000000001E-01,  1.0
-7.545454545454536E-02, 1.164195427597084E-01, -1.0
-1.545454545454535E-02, 1.598307171389035E-01,  1.0
-7.545454545454536E-02, 1.062721236858170E-01, -1.0
-2.490662975235139E-02, 1.897172635914348E-01,  1.0
-7.545454545454536E-02, 2.409090909090911E-01, -1.0
-1.545454545454535E-02, 2.107862740097772E-01,  1.0
-6.075173986076548E-02, 2.572727272727274E-01, -1.0
-3.545454545454536E-02, 1.954545454545455E-01,  1.0
-5.685873034230850E-02, 2.738140930137607E-01, -1.0
-1.545454545454535E-02, 3.118181818181820E-01,  1.0
-5.853915863857998E-02, 2.700000000000001E-01, -1.0
-3.545454545454536E-02, 3.281818181818184E-01,  1.0
-5.545454545454536E-02, 2.863636363636365E-01, -1.0
-3.545454545454536E-02, 3.445454545454547E-01,  1.0
-7.545454545454536E-02, 3.617756097321435E-01, -1.0
-4.220106286361736E-02, 3.409090909090911E-01,  1.0
-6.654939092118559E-02, 3.767072109869881E-01, -1.0
-7.041481290530059E-02, 4.414903763560639E-01,  1.0
-5.055782483581697E-02, 4.154545454545456E-01, -1.0
-7.155681571084993E-02, 4.746648783289534E-01,  1.0
-3.545454545454536E-02, 4.593239276862858E-01, -1.0
-3.545454545454536E-02, 5.063012669328414E-01,  1.0
-1.545454545454535E-02, 4.881818181818184E-01, -1.0
-1.545454545454535E-02, 5.287651464210129E-01,  1.0
-5.545454545454536E-02, 6.045454545454547E-01, -1.0
-6.688452175074468E-03, 5.227272727272728E-01,  1.0
-5.545454545454536E-02, 6.009090909090911E-01, -1.0
-1.545454545454535E-02, 5.590909090909092E-01,  1.0
-4.378653228823361E-02, 6.176139131708617E-01, -1.0
-9.545454545454535E-02, 6.554545454545456E-01,  1.0
-3.545454545454536E-02, 6.536363636363638E-01, -1.0
-7.499919402035166E-02, 7.118181818181820E-01,  1.0
-2.741100107856649E-02, 6.900000000000002E-01, -1.0
-7.545454545454536E-02, 7.281818181818184E-01,  1.0
-3.545454545454536E-02, 7.063636363636365E-01, -1.0
-4.189827730953163E-02, 7.645454545454548E-01,  1.0
-1.545454545454535E-02, 7.427272727272729E-01, -1.0
-7.545454545454536E-02, 7.991223891272293E-01,  1.0
-2.677956094875732E-02, 8.162395355538722E-01, -1.0
-9.545454545454535E-02, 8.263117902958421E-01,  1.0
-3.545454545454536E-02, 8.754545454545457E-01, -1.0
-9.545454545454535E-02, 8.336363636363638E-01,  1.0
-3.545454545454536E-02, 8.918181818181821E-01, -1.0
-6.330953293661887E-02, 9.494264562549056E-01,  1.0
-1.727272727272717E-02,-8.900000000000000E-01,  1.0
-1.123003732427840E-02,-8.567912378632180E-01, -1.0
-3.727272727272717E-02,-8.736363636363637E-01,  1.0
 2.727272727272832E-03,-8.554545454545455E-01, -1.0
-3.727272727272717E-02,-8.007622609485084E-01,  1.0
 2.272727272727283E-02,-8.390909090909091E-01, -1.0
-3.727272727272717E-02,-7.809090909090909E-01,  1.0
-7.727272727272717E-02,-7.227272727272727E-01, -1.0
-1.727272727272717E-02,-7.845454545454545E-01,  1.0
-4.977022570217674E-02,-7.063636363636363E-01, -1.0
-1.727272727272717E-02,-7.446643345071119E-01,  1.0
-4.721012506314058E-02,-6.899999999999999E-01, -1.0
-1.775314243420438E-02,-6.664341913662633E-01,  1.0
-7.641612435826609E-02,-6.816118944333136E-01, -1.0
-3.727272727272717E-02,-6.354545454545454E-01,  1.0
 2.727272727272832E-03,-6.172727272727272E-01, -1.0
-3.727272727272717E-02,-6.190909090909091E-01,  1.0
-2.611775738639526E-02,-5.409090909090909E-01, -1.0
-5.727272727272718E-02,-6.027272727272728E-01,  1.0
-1.727272727272717E-02,-5.245454545454545E-01, -1.0
-7.727272727272717E-02,-5.427335821538427E-01,  1.0
-3.727272727272717E-02,-4.865451773438840E-01, -1.0
-3.727272727272717E-02,-5.247138914094167E-01,  1.0
-3.727272727272717E-02,-4.772428617993779E-01, -1.0
 2.727272727272832E-03,-4.322132537799285E-01,  1.0
-3.727272727272717E-02,-4.853462560104370E-01, -1.0
 2.727272727272832E-03,-4.172727272727272E-01,  1.0
-5.727272727272718E-02,-4.233308966977614E-01, -1.0
-1.727272727272717E-02,-4.009090909090909E-01,  1.0
-7.727272727272717E-02,-3.427272727272727E-01, -1.0
-3.991390325402940E-03,-3.129921221616639E-01,  1.0
-7.727272727272717E-02,-3.463636363636363E-01, -1.0
-2.793781256764145E-02,-3.287874462593567E-01,  1.0
-3.727272727272717E-02,-2.699999999999999E-01, -1.0
 2.727272727272832E-03,-2.718181818181817E-01,  1.0
-3.727272727272717E-02,-2.364756392266298E-01, -1.0
-7.727272727272717E-02,-2.366916666936007E-01,  1.0
-3.727272727272717E-02,-2.081206848877892E-01, -1.0
-7.727272727272717E-02,-2.190909090909090E-01,  1.0
-1.727272727272717E-02,-2.139713078980877E-01, -1.0
 2.062179176522374E-03,-1.827272727272727E-01,  1.0
-2.509861102642431E-02,-1.445454545454544E-01, -1.0
 1.936215105335284E-03,-8.636363636363628E-02,  1.0
-3.727272727272717E-02,-1.281818181818181E-01, -1.0
-5.727272727272718E-02,-8.999999999999991E-02,  1.0
-3.891877867125188E-02,-8.234160569462454E-02, -1.0
 2.272727272727283E-02,-5.363636363636354E-02,  1.0
-5.727272727272718E-02,-3.545454545454536E-02, -1.0
 2.727272727272832E-03,-3.727272727272717E-02,  1.0
-3.727272727272717E-02, 3.665178278117168E-02, -1.0
 1.985197102342467E-02,-2.761240996562318E-02,  1.0
-2.068908335972155E-02, 3.727272727272739E-02, -1.0
 2.272727272727283E-02, 1.545454545454556E-02,  1.0
-3.727272727272717E-02, 5.363636363636375E-02, -1.0
-1.727272727272717E-02, 1.118181818181819E-01,  1.0
-3.727272727272717E-02, 5.000000000000013E-02, -1.0
-1.727272727272717E-02, 1.281818181818183E-01,  1.0
-5.991226098669803E-02, 1.063636363636365E-01, -1.0
-3.727272727272717E-02, 1.478572740259123E-01,  1.0
-7.727272727272717E-02, 1.290055618739526E-01, -1.0
-1.727272727272717E-02, 1.809090909090910E-01,  1.0
 2.727272727272832E-03, 1.990909090909092E-01, -1.0
-2.885579498053565E-02, 1.972727272727274E-01,  1.0
-5.727272727272718E-02, 2.752992400560600E-01, -1.0
 2.727272727272832E-03, 2.336363636363638E-01,  1.0
-5.727272727272718E-02, 2.718181818181820E-01, -1.0
-2.440396215916334E-02, 3.407357738582358E-01,  1.0
-3.049431026587490E-02, 3.281818181818184E-01, -1.0
-3.727272727272717E-02, 3.263636363636365E-01,  1.0
-1.727272727272717E-02, 3.645454545454547E-01, -1.0
 2.233503836965335E-02, 3.827272727272729E-01,  1.0
-7.054786410629142E-02, 3.906995542983776E-01, -1.0
 2.272727272727283E-02, 3.990909090909093E-01,  1.0
-3.727272727272717E-02, 4.137700291716794E-01, -1.0
 2.727272727272832E-03, 4.754545454545456E-01,  1.0
-3.727272727272717E-02, 4.536363636363638E-01, -1.0
 2.727272727272832E-03, 4.958408608925435E-01,  1.0
-3.727272727272717E-02, 4.700000000000002E-01, -1.0
-1.599157926673676E-02, 5.281818181818184E-01,  1.0
-2.842624783556781E-02, 4.863636363636366E-01, -1.0
-1.727272727272717E-02, 5.331264654002847E-01,  1.0
-5.727272727272718E-02, 6.027272727272729E-01, -1.0
-1.727272727272717E-02, 5.809090909090910E-01,  1.0
-5.727272727272718E-02, 6.190909090909092E-01, -1.0
-1.727272727272717E-02, 6.372727272727274E-01,  1.0
-1.727272727272717E-02, 6.833222118734736E-01, -1.0
-1.727272727272717E-02, 6.536363636363638E-01,  1.0
-2.894537808301041E-02, 6.733024014546140E-01, -1.0
-1.864671857917468E-02, 6.520219034650656E-01,  1.0
-1.727272727272717E-02, 6.881818181818183E-01, -1.0
-7.727272727272717E-02, 7.563217210728466E-01,  1.0
-1.727272727272717E-02, 7.245454545454547E-01, -1.0
-5.727272727272718E-02, 7.742094419084917E-01,  1.0
-1.727272727272717E-02, 8.209090909090911E-01, -1.0
-5.727272727272718E-02, 7.790909090909093E-01,  1.0
-1.727272727272717E-02, 8.172727272727275E-01, -1.0
 2.272727272727283E-02, 8.629436021888829E-01,  1.0
-2.925010674892865E-02, 8.623986874192273E-01, -1.0
-7.727272727272717E-02, 8.718181818181820E-01,  1.0
-1.727272727272717E-02, 8.746286825740599E-01, -1.0
-3.909090909090899E-02,-9.400773814083684E-01, -1.0
-3.708844279537341E-02,-8.918181818181818E-01,  1.0
 2.090909090909102E-02,-8.536363636363636E-01, -1.0
-3.909090909090899E-02,-8.057777646641764E-01,  1.0
 2.090909090909102E-02,-8.372727272727273E-01, -1.0
-1.909090909090898E-02,-7.793167112002797E-01,  1.0
 2.090909090909102E-02,-8.209090909090909E-01, -1.0
-1.909090909090898E-02,-7.827272727272727E-01,  1.0
-5.909090909090899E-02,-7.245454545454545E-01, -1.0
-1.473924530254275E-02,-7.610250485972772E-01,  1.0
 2.090909090909102E-02,-7.081818181818181E-01, -1.0
-1.909090909090898E-02,-6.699999999999999E-01,  1.0
-4.753513690686378E-02,-7.118181818181818E-01, -1.0
-1.909090909090898E-02,-6.699018254112532E-01,  1.0
 8.802396861058565E-03,-6.438471616678929E-01, -1.0
-1.909090909090898E-02,-6.172727272727272E-01,  1.0
 9.090909090910156E-04,-5.790909090909091E-01, -1.0
-1.909090909090898E-02,-6.409090909090910E-01,  1.0
-1.909090909090898E-02,-5.627272727272727E-01, -1.0
 3.426046545955982E-02,-5.742437484832982E-01,  1.0
 9.090909090910138E-04,-5.329426061671697E-01, -1.0
-4.232983322173748E-02,-5.081818181818182E-01,  1.0
-1.090763190834693E-03,-4.955987499274511E-01, -1.0
 6.777427125385891E-03,-4.323295082597475E-01,  1.0
-2.836738516502549E-03,-5.136363636363637E-01, -1.0
-5.676704480426405E-03,-4.354545454545454E-01,  1.0
-3.909090909090899E-02,-4.572727272727273E-01, -1.0
-1.472827748146362E-02,-3.990909090909091E-01,  1.0
 4.090909090909102E-02,-3.609090909090908E-01, -1.0
 9.090909090910138E-04,-3.827272727272727E-01,  1.0
 2.090909090909102E-02,-3.571863642122192E-01, -1.0
 9.090909090910156E-04,-3.105904127940007E-01,  1.0
-3.214198319865406E-03,-3.154503783717574E-01, -1.0
 9.090909090910138E-04,-2.773262542622295E-01,  1.0
-5.586760019944428E-02,-2.769854434658645E-01, -1.0
 9.090909090910138E-04,-2.736363636363636E-01,  1.0
-1.909090909090898E-02,-2.554545454545454E-01, -1.0
 9.090909090910138E-04,-2.572727272727272E-01,  1.0
-1.909090909090898E-02,-2.067925526042656E-01, -1.0
 1.057310292932659E-02,-1.809090909090908E-01,  1.0
-1.909090909090898E-02,-2.227272727272727E-01, -1.0
 9.090909090910138E-04,-1.727026116988393E-01,  1.0
-1.909090909090898E-02,-1.463636363636363E-01, -1.0
 2.751967246749432E-02,-8.818181818181811E-02,  1.0
-3.909090909090899E-02,-7.727164178067340E-02, -1.0
 2.090909090909102E-02,-3.895750145367847E-02,  1.0
-3.909090909090899E-02,-9.363636363636353E-02, -1.0
 2.090909090909102E-02,-5.777343465866280E-02,  1.0
-5.909090909090899E-02, 5.872172598291115E-03, -1.0
 2.090909090909102E-02,-1.909090909090898E-02,  1.0
-5.052107627623772E-02,-9.090909090908005E-04, -1.0
 3.132706231255181E-02, 1.357655089865670E-02,  1.0
-3.909090909090899E-02, 3.545454545454556E-02, -1.0
-1.067177500262558E-02, 1.030024258090526E-01,  1.0
-3.057696070854728E-02, 5.331339629699012E-02, -1.0
-1.909090909090898E-02, 1.100000000000001E-01,  1.0
 9.090909090910156E-04, 1.081818181818183E-01, -1.0
-1.909090909090898E-02, 1.663636363636365E-01,  1.0
-5.909090909090899E-02, 1.245454545454547E-01, -1.0
-1.909090909090898E-02, 1.959054324304633E-01,  1.0
 9.090909090910138E-04, 1.809090909090910E-01, -1.0
-3.909090909090899E-02, 1.990909090909092E-01,  1.0
-5.909090909090899E-02, 2.572727272727274E-01, -1.0
 9.090909090910138E-04, 2.154545454545456E-01,  1.0
-3.909090909090899E-02, 2.736363636363638E-01, -1.0
-2.082210520738899E-03, 3.118181818181820E-01,  1.0
-3.909090909090899E-02, 2.700000000000001E-01, -1.0
 9.090909090910156E-04, 3.081818181818183E-01,  1.0
-1.881094330894390E-03, 3.463636363636365E-01, -1.0
-1.909090909090898E-02, 3.445454545454547E-01,  1.0
-3.472792014046718E-02, 3.627272727272729E-01, -1.0
 2.090909090909102E-02, 3.942290529877321E-01,  1.0
-5.909090909090899E-02, 3.790909090909093E-01, -1.0
-5.909090909090899E-02, 4.572727272727274E-01,  1.0
-1.909090909090898E-02, 4.154545454545456E-01, -1.0
 9.090909090910138E-04, 4.753983673226743E-01,  1.0
-3.909090909090899E-02, 4.318181818181819E-01, -1.0
 9.090909090910138E-04, 4.900000000000002E-01,  1.0
 4.090909090909102E-02, 5.681818181818185E-01, -1.0
-1.909090909090898E-02, 5.263636363636366E-01,  1.0
 2.090909090909102E-02, 5.845454545454547E-01, -1.0
-3.229806068474127E-03, 5.427272727272728E-01,  1.0
-3.909090909090899E-02, 6.009090909090911E-01, -1.0
 1.060023878804045E-03, 5.990909090909092E-01,  1.0
-3.909090909090899E-02, 6.151567451759827E-01, -1.0
 9.090909090910156E-04, 6.554545454545456E-01,  1.0
 3.639982392642218E-02, 6.536363636363638E-01, -1.0
-4.221537856212432E-04, 6.526505403314093E-01,  1.0
-2.705849384096515E-02, 6.900000000000002E-01, -1.0
 1.314939562887525E-02, 7.281818181818184E-01,  1.0
-1.792720007074484E-02, 7.063636363636365E-01, -1.0
-5.909090909090899E-02, 7.645454545454548E-01,  1.0
-1.722436724786667E-02, 8.027272727272730E-01, -1.0
-3.909090909090899E-02, 7.809090909090911E-01,  1.0
-1.909090909090898E-02, 8.252959711554634E-01, -1.0
 2.090909090909102E-02, 8.572727272727275E-01,  1.0
-1.909090909090898E-02, 8.561784412745306E-01, -1.0
 1.185566339671124E-02, 8.816976014252134E-01,  1.0
-1.909090909090898E-02, 9.081227290231410E-01, -1.0
 6.549065853190826E-03, 8.700000000000002E-01,  1.0
-9.090909090908005E-04,-8.900000000000000E-01,  1.0
 3.720143422968851E-02,-8.518181818181818E-01, -1.0
-2.090909090909080E-02,-8.936363636363637E-01,  1.0
 3.909090909090920E-02,-8.354545454545454E-01, -1.0
 1.909090909090920E-02,-8.772727272727273E-01,  1.0
 3.909090909090920E-02,-8.390909090909091E-01, -1.0
-2.090909090909080E-02,-7.809090909090909E-01,  1.0
 1.909090909090920E-02,-7.427272727272727E-01, -1.0
-2.090909090909080E-02,-7.645454545454545E-01,  1.0
 3.909090909090920E-02,-7.082893042047339E-01, -1.0
-2.090909090909080E-02,-6.881818181818181E-01,  1.0
 1.909090909090920E-02,-6.899999999999999E-01, -1.0
-9.090909090908022E-04,-6.518181818181817E-01,  1.0
 3.909090909090920E-02,-6.936363636363636E-01, -1.0
-1.720908115394600E-02,-6.659117674434254E-01,  1.0
 1.909090909090920E-02,-6.172710308875078E-01, -1.0
-4.090909090909080E-02,-6.269332604516036E-01,  1.0
-9.090909090908022E-04,-5.609090909090909E-01, -1.0
 3.909090909090920E-02,-5.827272727272728E-01,  1.0
-9.090909090908022E-04,-5.245454545454545E-01, -1.0
 1.909090909090920E-02,-5.663636363636364E-01,  1.0
-9.090909090908022E-04,-5.131812058786800E-01, -1.0
-9.090909090908005E-04,-4.518583474790787E-01,  1.0
 6.299380026878782E-03,-5.247669649055947E-01, -1.0
-9.090909090908022E-04,-4.336363636363636E-01,  1.0
-4.090909090909080E-02,-4.954545454545455E-01, -1.0
-9.090909090908005E-04,-4.172727272727272E-01,  1.0
 5.909090909090921E-02,-3.790909090909090E-01, -1.0
-9.090909090908022E-04,-4.009090909090909E-01,  1.0
 2.291501187268678E-02,-3.627272727272727E-01, -1.0
-2.438924588062792E-02,-3.245454545454545E-01,  1.0
 1.909090909090920E-02,-3.463636363636363E-01, -1.0
-9.090909090908005E-04,-3.036300963620077E-01,  1.0
 2.730489517662738E-02,-3.500000000000000E-01, -1.0
 6.582094582863421E-03,-2.744463399716424E-01,  1.0
 5.909090909090921E-02,-3.136363636363636E-01, -1.0
-9.090909090908022E-04,-2.754545454545454E-01,  1.0
-2.504699261299093E-02,-2.172727272727272E-01, -1.0
 1.909090909090920E-02,-1.739294529874351E-01,  1.0
-9.090909090908005E-04,-2.009090909090908E-01, -1.0
-9.090909090908005E-04,-1.827272727272727E-01,  1.0
-9.090909090908005E-04,-1.301146494560487E-01, -1.0
 5.303546319816291E-02,-1.263636363636363E-01,  1.0
-2.090909090909080E-02,-1.439021520158154E-01, -1.0
 3.133139932475785E-02,-6.999999999999992E-02,  1.0
 3.909090909090920E-02,-9.181818181818172E-02, -1.0
 1.909090909090920E-02,-4.936745731732345E-02,  1.0
-2.090909090909080E-02,-7.545454545454536E-02, -1.0
 1.909090909090920E-02,-6.937177010453734E-02,  1.0
-4.090909090909080E-02, 9.090909090910156E-04, -1.0
 1.909090909090920E-02,-3.446648224422085E-02,  1.0
 9.420291122207583E-03, 5.727272727272739E-02, -1.0
 1.909090909090920E-02, 2.029171748226570E-02,  1.0
-2.090909090909080E-02, 5.363636363636375E-02, -1.0
 5.909090909090921E-02, 1.118181818181819E-01,  1.0
 1.440947291882258E-02, 7.000000000000013E-02, -1.0
-2.090909090909080E-02, 1.481818181818183E-01,  1.0
 1.399893087173026E-02, 1.263636363636365E-01, -1.0
 1.289498421716249E-02, 1.645454545454547E-01,  1.0
-1.337330946821264E-02, 1.827272727272729E-01, -1.0
-2.090909090909080E-02, 1.998129713173691E-01,  1.0
-9.090909090908005E-04, 1.826273443600190E-01, -1.0
-2.090909090909080E-02, 1.972727272727274E-01,  1.0
 5.909090909090921E-02, 2.554545454545456E-01, -1.0
 9.486085844894750E-03, 2.169816433857765E-01,  1.0
 4.661522970239682E-02, 2.718181818181820E-01, -1.0
 1.253093240598208E-02, 2.950194412847011E-01,  1.0
 1.909090909090920E-02, 3.481818181818184E-01, -1.0
-6.491863998467160E-04, 3.063636363636365E-01,  1.0
-2.090909090909080E-02, 3.645454545454547E-01, -1.0
 3.909090909090920E-02, 3.845081033396377E-01,  1.0
-2.090909090909080E-02, 3.604125581806255E-01, -1.0
 9.528687477720076E-03, 3.990909090909093E-01,  1.0
 3.909090909090920E-02, 4.199776521255843E-01, -1.0
 1.909090909090920E-02, 4.754545454545456E-01,  1.0
-9.090909090908005E-04, 4.336363636363638E-01, -1.0
 6.872759523795681E-03, 4.918181818181820E-01,  1.0
-2.090909090909080E-02, 4.500000000000002E-01, -1.0
-2.090909090909080E-02, 5.281818181818184E-01,  1.0
 3.023057455499413E-02, 5.863636363636366E-01, -1.0
-9.090909090908005E-04, 5.245454545454546E-01,  1.0
 3.909090909090920E-02, 6.027272727272729E-01, -1.0
-2.090909090909080E-02, 5.409090909090910E-01,  1.0
 3.744397458510772E-02, 6.590909090909093E-01, -1.0
-9.090909090908005E-04, 5.772727272727274E-01,  1.0
 2.313740093276611E-02, 6.554545454545456E-01, -1.0
-9.090909090908005E-04, 6.667474932307674E-01,  1.0
 3.909090909090920E-02, 6.620703801461054E-01, -1.0
 1.909090909090920E-02, 7.300000000000002E-01,  1.0
-2.090909090909080E-02, 6.881818181818183E-01, -1.0
 2.382494142261900E-02, 7.463636363636366E-01,  1.0
-9.090909090908022E-04, 7.709299379034470E-01, -1.0
 5.909090909090921E-02, 8.027272727272730E-01,  1.0
 5.995011780556525E-03, 7.700431233637063E-01, -1.0
 5.909090909090921E-02, 8.177261558883115E-01,  1.0
-9.090909090908005E-04, 8.172727272727275E-01, -1.0
 1.909090909090920E-02, 8.754545454545457E-01,  1.0
-9.479402828494720E-03, 8.136363636363638E-01, -1.0
 1.174928639334574E-02, 8.718181818181820E-01,  1.0
-1.690590034287821E-02, 9.100000000000003E-01, -1.0
 7.727272727272738E-02,-9.500000000000001E-01, -1.0
-2.727272727272616E-03,-8.918181818181818E-01,  1.0
 3.727272727272738E-02,-8.382703390817264E-01, -1.0
-2.272727272727262E-02,-7.954545454545454E-01,  1.0
 1.727272727272738E-02,-8.372727272727273E-01, -1.0
-2.727272727272616E-03,-7.790909090909091E-01,  1.0
 5.727272727272738E-02,-8.023748543370903E-01, -1.0
-2.727272727272616E-03,-7.824317555872942E-01,  1.0
 3.727272727272739E-02,-7.245454545454545E-01, -1.0
-5.037732240594055E-04,-7.663636363636364E-01,  1.0
 2.520319666198056E-02,-6.881818181818181E-01, -1.0
 7.727272727272738E-02,-7.042248218232739E-01,  1.0
 2.828380827371406E-02,-7.080629477761244E-01, -1.0
-2.727272727272616E-03,-6.515378721790002E-01,  1.0
 7.727272727272738E-02,-6.426406922955051E-01, -1.0
-2.727272727272616E-03,-6.666032669611829E-01,  1.0
-2.727272727272623E-03,-5.790909090909091E-01, -1.0
 2.051759080114939E-02,-5.813537967165237E-01,  1.0
 3.727272727272738E-02,-5.627272727272727E-01, -1.0
 3.727272727272739E-02,-5.845454545454546E-01,  1.0
-2.727272727272616E-03,-5.114913847087795E-01, -1.0
 5.727272727272739E-02,-4.881818181818182E-01,  1.0
 1.587754626509098E-02,-5.299999999999999E-01, -1.0
 7.727272727272738E-02,-4.918181818181817E-01,  1.0
-2.727272727272616E-03,-5.064332702683565E-01, -1.0
 3.295053111615823E-03,-4.354545454545454E-01,  1.0
 3.727272727272738E-02,-4.372727272727273E-01, -1.0
-2.727272727272616E-03,-4.190909090909091E-01,  1.0
 5.121677410827996E-02,-3.617005925550335E-01, -1.0
 2.157452595085078E-02,-3.871722037656626E-01,  1.0
 5.727272727272738E-02,-3.645454545454545E-01, -1.0
 1.016184292065318E-02,-3.063636363636363E-01,  1.0
 3.727272727272739E-02,-3.481818181818181E-01, -1.0
 1.727272727272738E-02,-2.699999999999999E-01,  1.0
 5.727272727272739E-02,-3.283512496230101E-01, -1.0
 1.727272727272738E-02,-2.736363636363636E-01,  1.0
 1.727272727272738E-02,-2.213889661952732E-01, -1.0
 1.727272727272738E-02,-2.572727272727272E-01,  1.0
-5.008254471151191E-04,-2.190909090909090E-01, -1.0
 3.727272727272739E-02,-1.846285571073840E-01,  1.0
 1.727272727272738E-02,-1.627272727272726E-01, -1.0
 1.727272727272738E-02,-1.645454545454545E-01,  1.0
-2.272727272727262E-02,-1.322041380814411E-01, -1.0
 7.727272727272738E-02,-1.479696523363947E-01,  1.0
 5.727272727272738E-02,-1.099999999999999E-01, -1.0
 3.727272727272739E-02,-5.181818181818172E-02,  1.0
 7.595470607917065E-02,-8.160677923673910E-02, -1.0
 1.727272727272738E-02,-5.545454545454536E-02,  1.0
 7.727272727272738E-02, 6.656127868409143E-03, -1.0
 1.727272727272738E-02,-5.909090909090899E-02,  1.0
 5.462628145666802E-04, 5.909090909090921E-02, -1.0
 2.524934556141822E-02, 1.475589198091950E-02,  1.0
 3.727272727272738E-02, 5.545454545454557E-02, -1.0
 5.727272727272738E-02, 1.136363636363637E-01,  1.0
-2.727272727272616E-03, 7.181818181818193E-02, -1.0
 5.727272727272738E-02, 1.227684693647108E-01,  1.0
-2.727272727272616E-03, 8.818181818181833E-02, -1.0
-2.727272727272623E-03, 1.663636363636365E-01,  1.0
 7.727272727272738E-02, 1.729855029438301E-01, -1.0
 3.727272727272738E-02, 1.627272727272729E-01,  1.0
 3.727272727272739E-02, 2.209090909090911E-01, -1.0
 1.727272727272738E-02, 1.990909090909092E-01,  1.0
 7.727272727272738E-02, 2.572727272727274E-01, -1.0
 1.727272727272738E-02, 2.182653313142191E-01,  1.0
 5.727272727272738E-02, 2.736363636363638E-01, -1.0
 5.450856918337575E-03, 3.148867441784461E-01,  1.0
 5.755396434387272E-02, 3.300000000000002E-01, -1.0
 1.727272727272738E-02, 3.081818181818183E-01,  1.0
 1.183608676276397E-02, 3.422220795725761E-01, -1.0
 3.182775221916058E-02, 3.845454545454547E-01,  1.0
-2.727272727272616E-03, 3.427272727272729E-01, -1.0
 4.519073354655924E-02, 3.887207574408932E-01,  1.0
 3.702777931937691E-02, 4.190909090909093E-01, -1.0
 1.727272727272738E-02, 4.572727272727274E-01,  1.0
 4.980389178317978E-02, 4.354545454545456E-01, -1.0
 1.727272727272738E-02, 4.883915395568621E-01,  1.0
 6.119271806337808E-02, 4.834047514788994E-01, -1.0
 2.498136864621037E-02, 5.100000000000002E-01,  1.0
 5.494330876992268E-02, 5.575595475464568E-01, -1.0
 1.232627461853411E-02, 5.063636363636366E-01,  1.0
 6.534840627481037E-02, 5.645454545454547E-01, -1.0
-2.204127285634609E-02, 5.420758536942691E-01,  1.0
 5.727272727272738E-02, 5.809090909090910E-01, -1.0
 1.413955995062207E-02, 5.779921397725986E-01,  1.0
 2.885779620634375E-02, 6.572727272727275E-01, -1.0
-2.727272727272616E-03, 5.973944217362097E-01,  1.0
 3.188379411321342E-02, 6.536363636363638E-01, -1.0
 2.041030881579761E-02, 7.318181818181820E-01,  1.0
 3.727272727272739E-02, 6.700000000000002E-01, -1.0
 2.991101869428179E-02, 7.481818181818184E-01,  1.0
 6.836277790090094E-03, 7.863636363636366E-01, -1.0
 1.727272727272738E-02, 7.445454545454547E-01,  1.0
 1.727272727272738E-02, 7.827272727272729E-01, -1.0
 7.727272727272738E-02, 8.240396048581923E-01,  1.0
-2.727272727272616E-03, 8.329094388602842E-01, -1.0
 7.519901526520051E-02, 8.177175113734408E-01,  1.0
 1.727272727272738E-02, 8.554545454545457E-01, -1.0
 2.997387905718237E-02, 8.736363636363639E-01,  1.0
-2.727272727272616E-03, 9.118181818181821E-01, -1.0
 1.727272727272738E-02, 8.700000000000002E-01,  1.0
 1.545454545454556E-02,-9.100000000000000E-01,  1.0
 7.545454545454557E-02,-8.518181818181818E-01, -1.0
 1.545454545454556E-02,-8.936363636363637E-01,  1.0
 7.545454545454557E-02,-8.554545454545455E-01, -1.0
 7.007935463826422E-02,-8.172727272727273E-01,  1.0
 5.545454545454557E-02,-8.190909090909091E-01, -1.0
 1.195406629640009E-02,-7.809090909090909E-01,  1.0
 5.545454545454557E-02,-7.627272727272727E-01, -1.0
 7.545454545454557E-02,-7.645454545454545E-01,  1.0
 5.545454545454557E-02,-7.500797133969349E-01, -1.0
 7.274309239817865E-02,-7.081818181818181E-01,  1.0
 3.545454545454556E-02,-7.100000000000000E-01, -1.0
 7.545454545454557E-02,-7.118181818181818E-01,  1.0
 3.545454545454556E-02,-6.781897127901945E-01, -1.0
 6.509048426252592E-02,-6.746703086474894E-01,  1.0
 6.343736795580207E-02,-6.372727272727272E-01, -1.0
 3.545454545454556E-02,-5.990909090909091E-01,  1.0
 1.545454545454556E-02,-6.171748339988491E-01, -1.0
 3.545454545454556E-02,-5.857794176322684E-01,  1.0
 5.545454545454557E-02,-5.445454545454546E-01, -1.0
 7.470014877043392E-02,-4.945802238348460E-01,  1.0
 1.545454545454556E-02,-4.957890568779667E-01, -1.0
 7.545454545454557E-02,-5.062267464505810E-01,  1.0
-4.545454545454438E-03,-4.918181818181818E-01, -1.0
 1.545454545454556E-02,-4.136363636363636E-01,  1.0
 4.121782772999971E-02,-4.554545454545454E-01, -1.0
 1.194436913547202E-02,-4.254114290899217E-01,  1.0
 3.545454545454556E-02,-4.509328070068989E-01, -1.0
 1.545454545454556E-02,-4.009090909090909E-01,  1.0
 5.345032221756891E-02,-3.627272727272727E-01, -1.0
-4.545454545454438E-03,-4.045454545454545E-01,  1.0
 5.545454545454557E-02,-3.463636363636363E-01, -1.0
 6.822223593581542E-03,-2.881818181818181E-01,  1.0
 5.545454545454557E-02,-3.099999999999999E-01, -1.0
 1.545454545454556E-02,-2.577974789365949E-01,  1.0
 7.071756755523073E-02,-2.942886839062911E-01, -1.0
 5.392453417253427E-02,-2.406118548597401E-01,  1.0
 3.201661898117340E-02,-2.197754457947234E-01, -1.0
 5.545454545454557E-02,-1.938084492477796E-01,  1.0
 3.200674504073443E-02,-1.412777057395161E-01, -1.0
 5.545454545454557E-02,-1.827272727272727E-01,  1.0
 3.545454545454556E-02,-1.445454545454544E-01, -1.0
 4.035511001106010E-02,-1.263636363636363E-01,  1.0
 1.545454545454556E-02,-1.481818181818181E-01, -1.0
 7.545454545454557E-02,-1.299999999999999E-01,  1.0
 7.545454545454557E-02,-9.181818181818172E-02, -1.0
 3.545454545454556E-02,-6.611755149662325E-02,  1.0
 7.545454545454557E-02,-5.545454545454536E-02, -1.0
 3.545454545454556E-02,-3.727272727272717E-02,  1.0
 1.756807287253815E-02, 9.090909090910156E-04, -1.0
 4.374493846485240E-02,-4.090909090909080E-02,  1.0
 7.545454545454557E-02, 3.727272727272739E-02, -1.0
 3.422009748214728E-02, 4.022879956501840E-03,  1.0
 4.624197521896195E-02, 5.363636363636375E-02, -1.0
 7.309080776977424E-02, 1.118181818181819E-01,  1.0
 1.545454545454556E-02, 1.001614482471495E-01, -1.0
 5.545454545454557E-02, 1.481818181818183E-01,  1.0
 1.968984478305920E-02, 1.155906062003392E-01, -1.0
 3.545454545454556E-02, 1.478619592002052E-01,  1.0
 9.545454545454556E-02, 2.227272727272729E-01, -1.0
 3.545454545454556E-02, 1.809090909090910E-01,  1.0
 7.545454545454557E-02, 2.390909090909092E-01, -1.0
 1.545454545454556E-02, 1.972727272727274E-01,  1.0
 5.545454545454557E-02, 2.554545454545456E-01, -1.0
 1.545454545454556E-02, 2.336363636363638E-01,  1.0
 3.545454545454556E-02, 2.718181818181820E-01, -1.0
 5.545454545454557E-02, 3.100000000000002E-01,  1.0
 1.545454545454556E-02, 3.281818181818184E-01, -1.0
 3.545454545454556E-02, 3.063636363636365E-01,  1.0
 7.545454545454557E-02, 3.645454545454547E-01, -1.0
 5.055443955053955E-02, 3.827272727272729E-01,  1.0
 7.545454545454557E-02, 3.609090909090911E-01, -1.0
 3.545454545454556E-02, 3.823878480089058E-01,  1.0
 5.310367817166749E-02, 4.372727272727274E-01, -1.0
 1.545454545454556E-02, 4.754545454545456E-01,  1.0
 6.775820063012104E-02, 4.736363636363638E-01, -1.0
 1.545454545454556E-02, 4.718181818181820E-01,  1.0
 6.110510847253547E-02, 4.924242314549681E-01, -1.0
 1.545454545454556E-02, 5.014469608899680E-01,  1.0
 5.545454545454557E-02, 5.663636363636366E-01, -1.0
-4.545454545454438E-03, 5.080568893675610E-01,  1.0
 5.545454545454557E-02, 5.827272727272729E-01, -1.0
 1.545454545454556E-02, 5.840392578311472E-01,  1.0
 4.012078084359175E-02, 6.385605419301174E-01, -1.0
 1.545454545454556E-02, 5.972727272727274E-01,  1.0
 5.545454545454557E-02, 6.200683820991055E-01, -1.0
 7.543317670117453E-02, 6.336363636363638E-01,  1.0
 7.545454545454557E-02, 6.916119630982093E-01, -1.0
 2.559580008956246E-02, 7.300000000000002E-01,  1.0
 9.545454545454556E-02, 7.081818181818184E-01, -1.0
 1.545454545454556E-02, 7.463636363636366E-01,  1.0
-3.856480063326607E-04, 7.820530847647860E-01, -1.0
 5.785835224327156E-02, 7.827272727272729E-01,  1.0
 1.545454545454556E-02, 7.809090909090911E-01, -1.0
 7.545454545454557E-02, 8.398474279893884E-01,  1.0
 1.545454545454556E-02, 8.274739052352108E-01, -1.0
 7.545454545454557E-02, 8.554545454545457E-01,  1.0
 3.728539054310834E-02, 8.883977306291964E-01, -1.0
 7.545454545454557E-02, 8.518181818181820E-01,  1.0
 1.545454545454556E-02, 9.184165796926793E-01, -1.0
 7.363636363636375E-02,-8.900000000000000E-01, -1.0
 3.363636363636375E-02,-9.118181818181819E-01,  1.0
 7.363636363636375E-02,-8.650350158701048E-01, -1.0
 8.466031059846600E-02,-8.154545454545454E-01,  1.0
 7.363636363636375E-02,-8.572727272727273E-01, -1.0
 8.902980979199669E-02,-8.190909090909091E-01,  1.0
 5.363636363636375E-02,-7.953159994457839E-01, -1.0
 3.787411765616853E-02,-7.627272727272727E-01,  1.0
 5.669903581417744E-02,-7.517339082001985E-01, -1.0
 7.363636363636375E-02,-7.063636363636363E-01,  1.0
 1.136363636363637E-01,-7.481818181818182E-01, -1.0
 7.363636363636375E-02,-7.103665506125031E-01,  1.0
 3.363636363636375E-02,-6.718181818181818E-01, -1.0
 9.363636363636374E-02,-6.936363636363636E-01,  1.0
 8.826398843939615E-02,-6.268666889953807E-01, -1.0
 5.363636363636375E-02,-5.972727272727272E-01,  1.0
 9.363636363636374E-02,-6.327361043533262E-01, -1.0
 3.363636363636375E-02,-5.891735514580217E-01,  1.0
 7.363636363636375E-02,-5.627272727272727E-01, -1.0
 7.363636363636375E-02,-5.045454545454545E-01,  1.0
 1.363636363636375E-02,-5.263636363636364E-01, -1.0
 8.384010964952600E-02,-4.881818181818182E-01,  1.0
 3.363636363636375E-02,-4.657437109355753E-01, -1.0
 7.744011834252863E-02,-4.918181818181818E-01,  1.0
 3.363636363636375E-02,-4.736363636363636E-01, -1.0
 7.363636363636375E-02,-4.754545454545455E-01,  1.0
 1.136363636363637E-01,-3.772727272727272E-01, -1.0
 9.363636363636374E-02,-4.590909090909091E-01,  1.0
 4.648821114552532E-02,-3.609090909090908E-01, -1.0
 9.363636363636374E-02,-3.877435831925541E-01,  1.0
 5.363636363636375E-02,-3.463593814287512E-01, -1.0
 3.363636363636375E-02,-3.079732004889928E-01,  1.0
 5.363636363636375E-02,-2.902228176651313E-01, -1.0
 1.136363636363637E-01,-3.138346904629332E-01,  1.0
 7.363636363636375E-02,-2.918181818181818E-01, -1.0
 5.363636363636375E-02,-2.391979696057807E-01,  1.0
 1.136363636363637E-01,-2.641317298683909E-01, -1.0
 5.363636363636375E-02,-1.972727272727272E-01,  1.0
 7.363636363636375E-02,-2.190909090909090E-01, -1.0
 4.934574513997459E-02,-1.935713019101979E-01,  1.0
 3.363636363636375E-02,-1.627272727272726E-01, -1.0
 7.363636363636375E-02,-1.445454545454544E-01,  1.0
 5.001001265715065E-02,-1.063636363636363E-01, -1.0
 7.363636363636375E-02,-1.322519561586003E-01,  1.0
 6.341681546794435E-02,-9.959987978335608E-02, -1.0
 2.663673493213559E-02,-7.181818181818173E-02,  1.0
 9.363636363636374E-02,-6.881054498024461E-02, -1.0
 3.363636363636375E-02,-3.545454545454536E-02,  1.0
 9.363636363636374E-02, 1.045697761815702E-03, -1.0
 3.363636363636375E-02,-3.909090909090899E-02,  1.0
 9.363636363636374E-02, 1.909090909090920E-02, -1.0
 3.363636363636375E-02,-2.272727272727262E-02,  1.0
 5.363636363636375E-02, 5.545454545454557E-02, -1.0
 7.363636363636375E-02, 1.136363636363637E-01,  1.0
 5.363636363636375E-02, 7.181818181818193E-02, -1.0
 8.213167594989426E-02, 1.296505996616343E-01,  1.0
 1.363636363636375E-02, 1.081818181818183E-01, -1.0
 7.363636363636375E-02, 1.303382582882103E-01,  1.0
 1.363636363636375E-02, 1.245454545454547E-01, -1.0
 3.363636363636375E-02, 1.627272727272729E-01,  1.0
 9.363636363636374E-02, 2.409090909090911E-01, -1.0
 2.860457812583381E-02, 1.790909090909092E-01,  1.0
 6.015981049646456E-02, 2.572727272727274E-01, -1.0
 3.363636363636375E-02, 1.954545454545455E-01,  1.0
 7.171318612612208E-02, 2.536363636363638E-01, -1.0
 5.363636363636375E-02, 2.918181818181820E-01,  1.0
 5.363636363636375E-02, 2.500000000000001E-01, -1.0
 3.881778775069530E-02, 3.081818181818183E-01,  1.0
 9.363636363636374E-02, 3.177575353868839E-01, -1.0
 1.136363636363637E-01, 3.645454545454547E-01,  1.0
 7.363636363636375E-02, 3.708702392708425E-01, -1.0
 3.363636363636375E-02, 4.009090909090911E-01,  1.0
 5.381082629244202E-02, 4.190909090909093E-01, -1.0
 5.363636363636375E-02, 3.972727272727274E-01,  1.0
 7.363636363636375E-02, 4.354545454545456E-01, -1.0
 7.363636363636375E-02, 4.685823423479962E-01,  1.0
 7.363636363636375E-02, 4.789334348863313E-01, -1.0
 1.363636363636375E-02, 5.091739460350990E-01,  1.0
 5.363636363636375E-02, 5.681818181818185E-01, -1.0
 3.363636363636375E-02, 5.063636363636366E-01,  1.0
 6.088566259490851E-02, 5.645454545454547E-01, -1.0
 3.363636363636375E-02, 6.027272727272729E-01,  1.0
 7.363636363636375E-02, 5.809090909090910E-01, -1.0
 3.363636363636375E-02, 5.990909090909092E-01,  1.0
 3.363636363636375E-02, 6.534594480910841E-01, -1.0
 9.311492658513870E-02, 6.236753564889937E-01,  1.0
 9.363636363636374E-02, 6.936363636363638E-01, -1.0
 3.363636363636375E-02, 7.318181818181820E-01,  1.0
 9.363636363636374E-02, 6.884865257649477E-01, -1.0
 1.363636363636375E-02, 7.281818181818184E-01,  1.0
 9.363636363636374E-02, 7.263636363636365E-01, -1.0
 3.946177053276174E-02, 7.645454545454548E-01,  1.0
 1.363636363636375E-02, 7.627272727272729E-01, -1.0
 7.363636363636375E-02, 8.009090909090911E-01,  1.0
 1.363636363636375E-02, 7.790909090909093E-01, -1.0
 7.363636363636375E-02, 8.372727272727275E-01,  1.0
 7.363636363636375E-02, 7.954545454545456E-01, -1.0
 9.570680424084005E-02, 8.736363636363639E-01,  1.0
 5.363636363636375E-02, 8.918181818181821E-01, -1.0
 9.785330263085533E-02, 8.949329543171503E-01,  1.0
 1.169915094983443E-01,-9.162095201720186E-01,  1.0
 7.153919205187050E-02,-8.518181818181818E-01, -1.0
 5.181818181818193E-02,-8.936363636363637E-01,  1.0
 7.976585102629576E-02,-8.554545454545455E-01, -1.0
 8.220310256316993E-02,-8.172727272727273E-01,  1.0
 9.181818181818192E-02,-7.965033594667352E-01, -1.0
 7.946886807344156E-02,-8.287160106279600E-01,  1.0
 9.413564712637500E-02,-7.680196521302786E-01, -1.0
 8.583184746819095E-02,-7.045454545454545E-01,  1.0
 1.229387616225876E-01,-7.463636363636363E-01, -1.0
 9.181818181818192E-02,-7.081818181818181E-01,  1.0
 5.181818181818193E-02,-6.899999999999999E-01, -1.0
 9.181818181818192E-02,-7.118181818181818E-01,  1.0
 7.865583927738118E-02,-6.336363636363636E-01, -1.0
 9.181818181818192E-02,-6.754545454545454E-01,  1.0
 9.707308470551730E-02,-6.372727272727272E-01, -1.0
 7.181818181818193E-02,-5.790909090909091E-01,  1.0
 1.118181818181819E-01,-6.022019423464949E-01, -1.0
 1.118181818181819E-01,-5.523849147008739E-01,  1.0
 9.181818181818192E-02,-5.807365024204415E-01, -1.0
 7.181818181818193E-02,-5.063636363636363E-01,  1.0
 1.118181818181819E-01,-5.234923807432601E-01, -1.0
 7.081186717483411E-02,-4.899999999999999E-01,  1.0
 1.118181818181819E-01,-5.050409758782901E-01, -1.0
 1.059347821499215E-01,-4.522686949824673E-01,  1.0
 5.358898498428851E-02,-4.554545454545454E-01, -1.0
 9.181818181818192E-02,-4.384727082118087E-01,  1.0
 5.956165911854125E-02,-3.990909090909091E-01, -1.0
 9.181818181818192E-02,-4.209090909090909E-01,  1.0
 6.870585274121228E-02,-3.627272727272727E-01, -1.0
 9.181818181818192E-02,-3.916245212483737E-01,  1.0
 7.181818181818193E-02,-3.463636363636363E-01, -1.0
 1.181316801398434E-01,-3.152478269725386E-01,  1.0
 7.355683265668335E-02,-3.099999999999999E-01, -1.0
 5.237245772513945E-02,-2.718181818181817E-01,  1.0
 9.181818181818192E-02,-2.536363636363635E-01, -1.0
 5.181818181818193E-02,-2.281730081763273E-01,  1.0
 1.078004269481718E-01,-2.172727272727272E-01, -1.0
 6.762739915600363E-02,-2.270012167208857E-01,  1.0
 9.181818181818192E-02,-1.994044852175693E-01, -1.0
 9.181818181818192E-02,-1.627272727272726E-01,  1.0
 5.181818181818193E-02,-1.645454545454545E-01, -1.0
 7.181818181818193E-02,-1.463636363636363E-01,  1.0
 1.118181818181819E-01,-1.081818181818181E-01, -1.0
 9.181818181818192E-02,-1.499999999999999E-01,  1.0
 1.118181818181819E-01,-1.011878538580347E-01, -1.0
 7.181818181818193E-02,-7.481944308224284E-02,  1.0
 5.770793575009988E-02,-7.385615884030471E-02, -1.0
 5.181818181818193E-02,-2.412012958913638E-02,  1.0
 9.673480201294223E-02, 9.090909090910156E-04, -1.0
 5.181818181818193E-02,-2.090909090909080E-02,  1.0
 8.782799716635409E-02, 1.727272727272738E-02, -1.0
 9.181818181818192E-02, 9.360159807962558E-02,  1.0
 3.399869084397374E-02, 6.625037876113794E-02, -1.0
 7.557924412736874E-02, 9.899367758465506E-02,  1.0
 5.181818181818193E-02, 5.000000000000013E-02, -1.0
 7.181818181818193E-02, 1.254653932704005E-01,  1.0
 1.202356585243873E-01, 8.636363636363650E-02, -1.0
 7.193180918911603E-02, 1.445454545454547E-01,  1.0
 7.181818181818193E-02, 1.827272727272729E-01, -1.0
 3.181818181818193E-02, 1.723834242053323E-01,  1.0
 6.742869170899614E-02, 2.390909090909092E-01, -1.0
 1.004046747064933E-01, 1.772727272727274E-01,  1.0
 7.312893434039860E-02, 2.554545454545456E-01, -1.0
 1.118181818181819E-01, 2.641747066598449E-01,  1.0
 7.181818181818193E-02, 2.518181818181819E-01, -1.0
 5.181818181818193E-02, 3.100000000000002E-01,  1.0
 9.181818181818192E-02, 3.281818181818184E-01, -1.0
 1.318181818181819E-01, 3.663636363636366E-01,  1.0
 7.177335337503907E-02, 3.649351460162299E-01, -1.0
 1.118181818181819E-01, 3.827272727272729E-01,  1.0
 9.004249736558365E-02, 4.009090909090911E-01, -1.0
 5.181818181818193E-02, 4.000649546455979E-01,  1.0
 9.181818181818192E-02, 4.372727272727274E-01, -1.0
 5.181818181818193E-02, 4.554545454545456E-01,  1.0
 9.181818181818192E-02, 4.336363636363638E-01, -1.0
 9.102593583407317E-02, 4.716863419419186E-01,  1.0
 9.181818181818192E-02, 4.900000000000002E-01, -1.0
 1.118181818181819E-01, 5.281818181818184E-01,  1.0
 6.937781602168831E-02, 5.663636363636366E-01, -1.0
 1.118181818181819E-01, 5.284586846644023E-01,  1.0
 7.181818181818193E-02, 5.711389091203274E-01, -1.0
 1.021963048240943E-01, 5.961373957677478E-01,  1.0
 5.181818181818193E-02, 6.390909090909093E-01, -1.0
 9.181818181818192E-02, 6.172727272727274E-01,  1.0
 5.181818181818193E-02, 6.554545454545456E-01, -1.0
 7.181818181818193E-02, 6.501600579410793E-01,  1.0
 1.022040528281510E-01, 6.918181818181820E-01, -1.0
 3.450216563626003E-02, 7.190370226694300E-01,  1.0
 8.938087833498411E-02, 6.881818181818183E-01, -1.0
 7.222898740330072E-02, 7.863636363636366E-01,  1.0
 9.181818181818192E-02, 7.045454545454547E-01, -1.0
 9.181818181818192E-02, 7.962698938478713E-01,  1.0
 8.960115230705433E-02, 7.609090909090911E-01, -1.0
 9.181818181818192E-02, 8.390909090909093E-01,  1.0
 8.952045519739513E-02, 7.988162068027880E-01, -1.0
 1.109065226771688E-01, 8.393553715371345E-01,  1.0
 5.181818181818193E-02, 8.736363636363639E-01, -1.0
 1.118181818181819E-01, 8.918181818181821E-01,  1.0
 6.117455592491224E-02, 8.900000000000002E-01, -1.0
 9.000000000000012E-02,-8.700000000000000E-01, -1.0
 1.100000000000001E-01,-9.118181818181819E-01,  1.0
 8.800124713030016E-02,-8.536363636363636E-01, -1.0
 1.186098640701943E-01,-8.754545454545455E-01,  1.0
 1.100000000000001E-01,-7.950782146184057E-01, -1.0
 9.000000000000012E-02,-8.190909090909091E-01,  1.0
 1.100000000000001E-01,-7.809090909090909E-01, -1.0
 1.500000000000001E-01,-7.227272727272727E-01,  1.0
 1.189986469163482E-01,-7.645454545454545E-01, -1.0
 9.460119527403352E-02,-7.216427713519490E-01,  1.0
 1.216146685835059E-01,-7.653324148143418E-01, -1.0
 8.038158714677537E-02,-7.100000000000000E-01,  1.0
 7.000000000000013E-02,-6.518181818181817E-01, -1.0
 1.300000000000001E-01,-6.862187784687312E-01,  1.0
 9.000000000000012E-02,-6.354545454545454E-01, -1.0
 5.615470091255117E-02,-5.972727272727272E-01,  1.0
 9.000000000000012E-02,-6.142165680759304E-01, -1.0
 1.262848046954837E-01,-5.693583802459588E-01,  1.0
 1.247042662246589E-01,-6.027272727272728E-01, -1.0
 1.208367885150484E-01,-5.645454545454546E-01,  1.0
 1.100000000000001E-01,-5.263636363636364E-01, -1.0
 7.000000000000013E-02,-5.081818181818182E-01,  1.0
 1.100000000000001E-01,-5.099999999999999E-01, -1.0
 9.000000000000012E-02,-4.918181818181818E-01,  1.0
 1.300000000000001E-01,-4.536363636363636E-01, -1.0
 8.431285567221562E-02,-4.954545454545455E-01,  1.0
 1.300000000000001E-01,-3.959325958232749E-01, -1.0
 8.759595382311602E-02,-4.190909090909091E-01,  1.0
 1.300000000000001E-01,-3.832752763974343E-01, -1.0
 1.242717127560030E-01,-3.227272727272726E-01,  1.0
 7.068178213432633E-02,-3.492431514194698E-01, -1.0
 1.300000000000001E-01,-3.263636363636363E-01,  1.0
 7.068019465363208E-02,-3.081818181818181E-01, -1.0
 1.100000000000001E-01,-3.099999999999999E-01,  1.0
 1.100000000000001E-01,-2.718181818181817E-01, -1.0
 7.000000000000013E-02,-2.336363636363635E-01,  1.0
 1.100000000000001E-01,-2.754545454545454E-01, -1.0
 7.000000000000013E-02,-2.372727272727272E-01,  1.0
 9.000000000000012E-02,-1.990909090909090E-01, -1.0
 7.000000000000013E-02,-1.609090909090908E-01,  1.0
 1.500000000000001E-01,-1.962805707594154E-01, -1.0
 9.000000000000012E-02,-1.445454545454544E-01,  1.0
 1.100000000000001E-01,-1.063636363636363E-01, -1.0
 9.000000000000012E-02,-1.481818181818181E-01,  1.0
 9.426034810251878E-02,-8.999999999999991E-02, -1.0
 9.000000000000012E-02,-7.490398502154666E-02,  1.0
 1.300000000000001E-01,-3.363636363636354E-02, -1.0
 6.848818932707482E-02,-3.545454545454536E-02,  1.0
 1.300000000000001E-01,-1.727272727272717E-02, -1.0
 6.565454609001575E-02,-2.932343161904702E-02,  1.0
 9.000000000000012E-02, 1.909090909090920E-02, -1.0
 1.100000000000001E-01, 3.637066730339715E-02,  1.0
 9.000000000000012E-02, 3.235225793878674E-02, -1.0
 1.007691864853848E-01, 7.779160667059491E-02,  1.0
 1.399915986675006E-01, 7.181818181818193E-02, -1.0
 7.000000000000013E-02, 1.300000000000001E-01,  1.0
 1.300000000000001E-01, 1.590615349317818E-01, -1.0
 9.000000000000012E-02, 1.184210729254570E-01,  1.0
 1.500000000000001E-01, 1.475729785558129E-01, -1.0
 9.000000000000012E-02, 1.427272727272728E-01,  1.0
 8.043043146564532E-02, 2.409090909090911E-01, -1.0
 9.000000000000012E-02, 1.590909090909092E-01,  1.0
 1.300000000000001E-01, 2.372727272727274E-01, -1.0
 1.099701447145024E-01, 2.749432346826318E-01,  1.0
 7.000000000000013E-02, 2.490668329424540E-01, -1.0
 1.300000000000001E-01, 3.118181818181820E-01,  1.0
 9.000000000000012E-02, 2.655547699400648E-01, -1.0
 1.500000000000001E-01, 3.081818181818183E-01,  1.0
 9.000000000000012E-02, 3.263636363636365E-01, -1.0
 5.423704297106838E-02, 3.351423538076852E-01,  1.0
 7.000000000000013E-02, 3.538153513943972E-01, -1.0
 8.094015853715357E-02, 3.984574809362345E-01,  1.0
 9.000000000000012E-02, 4.190909090909093E-01, -1.0
 1.300000000000001E-01, 3.972727272727274E-01,  1.0
 9.000000000000012E-02, 4.354545454545456E-01, -1.0
 9.000000000000012E-02, 4.536363636363638E-01,  1.0
 9.000000000000012E-02, 4.918181818181819E-01, -1.0
 1.300000000000001E-01, 5.100000000000002E-01,  1.0
 9.000000000000012E-02, 5.108085252542575E-01, -1.0
 1.228303236291786E-01, 5.281881435503770E-01,  1.0
 1.025263011096399E-01, 5.648775863354764E-01, -1.0
 1.100000000000001E-01, 5.427272727272728E-01,  1.0
 7.000000000000013E-02, 5.640686270002178E-01, -1.0
 1.100000000000001E-01, 5.990730552568214E-01,  1.0
 5.000000000000013E-02, 6.772727272727275E-01, -1.0
 1.100000000000001E-01, 6.107091154109495E-01,  1.0
 1.036285893520063E-01, 6.936363636363638E-01, -1.0
 1.100000000000001E-01, 6.318181818181819E-01,  1.0
 9.718034110837843E-02, 6.900000000000002E-01, -1.0
 1.500000000000001E-01, 7.437254771202676E-01,  1.0
 9.696120522887422E-02, 7.063636363636365E-01, -1.0
 1.302130446525503E-01, 8.045454545454548E-01,  1.0
 8.858928852534206E-02, 7.227272727272729E-01, -1.0
 1.300000000000001E-01, 8.209090909090911E-01,  1.0
 5.000000000000013E-02, 7.990909090909093E-01, -1.0
 1.300000000000001E-01, 8.372727272727275E-01,  1.0
 7.757072361448156E-02, 8.754545454545457E-01, -1.0
 1.298529339773473E-01, 8.536363636363639E-01,  1.0
 5.000000000000013E-02, 8.918181818181821E-01, -1.0
 1.290237293181088E-01, 8.900000000000002E-01,  1.0
 1.081818181818183E-01,-9.114370325414286E-01,  1.0
 1.481818181818183E-01,-8.718181818181818E-01, -1.0
 1.081818181818183E-01,-8.936363636363637E-01,  1.0
 8.818181818181832E-02,-8.554545454545455E-01, -1.0
 6.818181818181833E-02,-8.282576912878149E-01,  1.0
 1.521721294957060E-01,-8.190909090909091E-01, -1.0
 1.288160275870612E-01,-7.809090909090909E-01,  1.0
 1.081818181818183E-01,-7.841933391426200E-01, -1.0
 6.818181818181833E-02,-7.445454545454545E-01,  1.0
 1.081818181818183E-01,-7.463636363636363E-01, -1.0
 1.237541647328494E-01,-6.881818181818181E-01,  1.0
 1.082450995157147E-01,-7.300000000000000E-01, -1.0
 1.281818181818183E-01,-6.718181818181818E-01,  1.0
 1.081818181818183E-01,-6.336363636363636E-01, -1.0
 1.281818181818183E-01,-6.563420145177553E-01,  1.0
 1.222828667406955E-01,-6.089684783629314E-01, -1.0
 6.818181818181833E-02,-5.590909090909091E-01,  1.0
 1.081818181818183E-01,-6.209090909090910E-01, -1.0
 1.681818181818183E-01,-5.427272727272727E-01,  1.0
 1.056211285218080E-01,-5.845454545454546E-01, -1.0
 1.481818181818183E-01,-5.463636363636364E-01,  1.0
 1.281818181818183E-01,-5.207534475184066E-01, -1.0
 8.818181818181832E-02,-4.899999999999999E-01,  1.0
 1.481818181818183E-01,-4.718181818181817E-01, -1.0
 8.818181818181832E-02,-4.736363636363636E-01,  1.0
 1.381868325128884E-01,-4.554545454545454E-01, -1.0
 1.081818181818183E-01,-4.041193819001002E-01,  1.0
 1.481818181818183E-01,-3.964642593046369E-01, -1.0
 7.398154868454071E-02,-4.074883419498642E-01,  1.0
 1.481818181818183E-01,-3.785632014830657E-01, -1.0
 1.151515417445461E-01,-3.245454545454545E-01,  1.0
 1.481818181818183E-01,-3.663636363636363E-01, -1.0
 1.113193167658888E-01,-3.281818181818181E-01,  1.0
 1.081818181818183E-01,-2.699999999999999E-01, -1.0
 1.281818181818183E-01,-3.118181818181818E-01,  1.0
 1.481818181818183E-01,-2.374808434888641E-01, -1.0
 8.818181818181832E-02,-2.354545454545454E-01,  1.0
 1.290348382085420E-01,-2.372727272727272E-01, -1.0
 8.818181818181833E-02,-1.881293024549110E-01,  1.0
 1.354812471782827E-01,-1.809090909090908E-01, -1.0
 1.481818181818183E-01,-1.427272727272726E-01,  1.0
 1.281818181818183E-01,-1.845454545454545E-01, -1.0
 1.481818181818183E-01,-1.311492519389994E-01,  1.0
 1.081818181818183E-01,-8.818181818181811E-02, -1.0
 8.818181818181832E-02,-6.532463421711247E-02,  1.0
 1.650534087440589E-01,-7.181818181818173E-02, -1.0
 1.098891737745627E-01,-8.195020554482876E-02,  1.0
 1.296379089891212E-01,-1.545454545454535E-02, -1.0
 6.818181818181833E-02,-1.920154937616028E-02,  1.0
 1.281818181818183E-01,-1.909090909090898E-02, -1.0
 1.177126125864879E-01, 3.909090909090920E-02,  1.0
 8.818181818181832E-02, 2.343780571551390E-02, -1.0
 1.281818181818183E-01, 5.545454545454557E-02,  1.0
 1.281818181818183E-01, 5.363636363636375E-02, -1.0
 8.818181818181832E-02, 1.118181818181819E-01,  1.0
 1.481818181818183E-01, 9.000000000000012E-02, -1.0
 1.056020171922651E-01, 1.081818181818183E-01,  1.0
 1.681818181818183E-01, 1.599079936074479E-01, -1.0
 9.424520478712915E-02, 1.645454545454547E-01,  1.0
 1.281818181818183E-01, 1.427272727272728E-01, -1.0
 6.818181818181833E-02, 1.409090909090910E-01,  1.0
 1.281818181818183E-01, 2.390909090909092E-01, -1.0
 1.081818181818183E-01, 2.572727272727274E-01,  1.0
 1.281818181818183E-01, 2.485669700949713E-01, -1.0
 1.281818181818183E-01, 2.888858643521252E-01,  1.0
 1.188271542976990E-01, 2.518181818181819E-01, -1.0
 1.481818181818183E-01, 3.036789335853262E-01,  1.0
 8.818181818181832E-02, 3.302897107081113E-01, -1.0
 1.481818181818183E-01, 3.036083349034248E-01,  1.0
 8.818181818181832E-02, 3.520999272186279E-01, -1.0
 1.281818181818183E-01, 3.544514340898892E-01,  1.0
 1.576370591943447E-01, 4.054896391476419E-01, -1.0
 1.254566858530174E-01, 4.110787099120501E-01,  1.0
 8.955963798180949E-02, 4.281195590926440E-01, -1.0
 7.679429350607557E-02, 4.554545454545456E-01,  1.0
 1.081818181818183E-01, 4.849069057296778E-01, -1.0
 1.510633845523253E-01, 4.518181818181820E-01,  1.0
 1.081818181818183E-01, 4.747379922056966E-01, -1.0
 1.281818181818183E-01, 5.281818181818184E-01,  1.0
 1.081818181818183E-01, 5.663636363636366E-01, -1.0
 1.081818181818183E-01, 5.294852238498953E-01,  1.0
 1.342959320889582E-01, 5.648945688729627E-01, -1.0
 1.481818181818183E-01, 6.009090909090911E-01,  1.0
 1.324551440432412E-01, 6.441612604515511E-01, -1.0
 1.081818181818183E-01, 6.172727272727274E-01,  1.0
 1.281818181818183E-01, 6.754545454545456E-01, -1.0
 1.681818181818183E-01, 6.336363636363638E-01,  1.0
 9.143271709125077E-02, 6.935952477226792E-01, -1.0
 1.593333135688221E-01, 7.300000000000002E-01,  1.0
 1.081818181818183E-01, 6.881818181818183E-01, -1.0
 1.481818181818183E-01, 7.863636363636366E-01,  1.0
 8.818181818181833E-02, 7.245454545454547E-01, -1.0
 1.524996891792856E-01, 8.227272727272730E-01,  1.0
 8.818181818181832E-02, 7.409090909090911E-01, -1.0
 1.481818181818183E-01, 8.190909090909093E-01,  1.0
 1.081818181818183E-01, 8.141795175075435E-01, -1.0
 1.302621023318223E-01, 8.354545454545457E-01,  1.0
 6.818181818181833E-02, 8.711357015959245E-01, -1.0
 1.269671867543804E-01, 8.518181818181820E-01,  1.0
 6.818181818181833E-02, 9.500000000000003E-01, -1.0
 1.663636363636365E-01,-8.700000000000000E-01, -1.0
 1.263636363636365E-01,-9.118181818181819E-01,  1.0
 1.663636363636365E-01,-8.536363636363636E-01, -1.0
 1.263636363636365E-01,-8.749342899442156E-01,  1.0
 1.518349793722029E-01,-8.172727272727273E-01, -1.0
 1.382895432840664E-01,-7.790909090909091E-01,  1.0
 1.634914672077262E-01,-8.340867504281378E-01, -1.0
 1.306217235856486E-01,-7.827272727272727E-01,  1.0
 1.263636363636365E-01,-7.645454545454545E-01, -1.0
 1.263636363636365E-01,-6.863636363636363E-01,  1.0
 1.263636363636365E-01,-7.665112931574447E-01, -1.0
 1.263636363636365E-01,-6.899999999999999E-01,  1.0
 1.663636363636365E-01,-7.118181818181818E-01, -1.0
 1.463636363636365E-01,-6.736363636363636E-01,  1.0
 1.063636363636365E-01,-6.154545454545454E-01, -1.0
 1.463636363636365E-01,-6.572727272727272E-01,  1.0
 1.263636363636365E-01,-6.022777014858368E-01, -1.0
 1.063636363636365E-01,-5.534462770124392E-01,  1.0
 1.340528118999550E-01,-6.011030464109935E-01, -1.0
 1.086138789413947E-01,-5.612742512133768E-01,  1.0
 1.263636363636365E-01,-5.263636363636364E-01, -1.0
 1.663636363636365E-01,-5.481818181818182E-01,  1.0
 1.263636363636365E-01,-5.069268006088563E-01, -1.0
 8.636363636363650E-02,-4.718181818181817E-01,  1.0
 1.616160766466010E-01,-4.536363636363636E-01, -1.0
 9.191315193271127E-02,-4.700827318363988E-01,  1.0
 1.463636363636365E-01,-4.372727272727273E-01, -1.0
 1.217700524979568E-01,-4.296570213658629E-01,  1.0
 1.476945233778633E-01,-3.809090909090909E-01, -1.0
 1.263636363636365E-01,-4.227272727272727E-01,  1.0
 1.463636363636365E-01,-3.645454545454545E-01, -1.0
 1.263636363636365E-01,-3.263636363636363E-01,  1.0
 8.636363636363650E-02,-3.681818181818182E-01, -1.0
 1.263636363636365E-01,-3.300000000000000E-01,  1.0
 1.263636363636365E-01,-2.728640468332101E-01, -1.0
 1.709389955085270E-01,-2.687686010716892E-01,  1.0
 1.299925775344802E-01,-2.554545454545454E-01, -1.0
 1.063636363636365E-01,-1.972727272727272E-01,  1.0
 1.530906714027997E-01,-2.012970734251265E-01, -1.0
 1.063636363636365E-01,-2.093100410284964E-01,  1.0
 1.463636363636365E-01,-1.660003650713052E-01, -1.0
 1.463636363636365E-01,-1.445454545454544E-01,  1.0
 1.263636363636365E-01,-1.761276296886377E-01, -1.0
 1.479658074277154E-01,-1.281818181818181E-01,  1.0
 1.463636363636365E-01,-8.999999999999991E-02, -1.0
 1.249643200422743E-01,-7.181818181818173E-02,  1.0
 1.463636363636365E-01,-1.363636363636354E-02, -1.0
 1.710991809111561E-01,-5.545454545454536E-02,  1.0
 1.463636363636365E-01,-2.375317889000313E-03, -1.0
 1.263636363636365E-01, 4.090909090909102E-02,  1.0
 1.463636363636365E-01,-9.090909090908005E-04, -1.0
 1.063636363636365E-01, 7.612913148020550E-02,  1.0
 1.463636363636365E-01, 5.545454545454557E-02, -1.0
 1.663636363636365E-01, 5.363636363636375E-02,  1.0
 1.659866129667355E-01, 7.181818181818193E-02, -1.0
 8.636363636363650E-02, 1.300000000000001E-01,  1.0
 1.822772550709776E-01, 1.481818181818183E-01, -1.0
 9.759035584852051E-02, 1.263636363636365E-01,  1.0
 1.663636363636365E-01, 1.507954842594808E-01, -1.0
 1.063636363636365E-01, 1.623568693092798E-01,  1.0
 1.263636363636365E-01, 2.209090909090911E-01, -1.0
 1.663636363636365E-01, 1.978790310829195E-01,  1.0
 1.263636363636365E-01, 2.454863501180048E-01, -1.0
 1.463636363636365E-01, 2.754545454545456E-01,  1.0
 1.663636363636365E-01, 2.536363636363638E-01, -1.0
 1.463636363636365E-01, 2.918181818181820E-01,  1.0
 9.934581623779895E-02, 2.719510959207626E-01, -1.0
 1.586049279040608E-01, 2.947985610038606E-01,  1.0
 1.663636363636365E-01, 3.463636363636365E-01, -1.0
 1.381396425529102E-01, 3.575122463897329E-01,  1.0
 1.063636363636365E-01, 3.997465405099398E-01, -1.0
 1.385544689192950E-01, 3.609090909090911E-01,  1.0
 1.069791558668232E-01, 4.190909090909093E-01, -1.0
 1.463636363636365E-01, 4.372727272727274E-01,  1.0
 1.002052861373111E-01, 4.354545454545456E-01, -1.0
 1.663636363636365E-01, 4.536363636363638E-01,  1.0
 1.263636363636365E-01, 4.918181818181819E-01, -1.0
 1.614848816744391E-01, 5.100000000000002E-01,  1.0
 1.063636363636365E-01, 4.881818181818184E-01, -1.0
 1.463636363636365E-01, 5.263636363636366E-01,  1.0
 1.517810480845782E-01, 5.645454545454547E-01, -1.0
 1.442335190432333E-01, 5.827272727272729E-01,  1.0
 1.263636363636365E-01, 5.609090909090910E-01, -1.0
 1.660731058115463E-01, 5.790909090909092E-01,  1.0
 1.263636363636365E-01, 6.772727272727275E-01, -1.0
 1.063636363636365E-01, 6.154545454545456E-01,  1.0
 1.063636363636365E-01, 7.044097448807010E-01, -1.0
 1.863636363636365E-01, 6.318181818181819E-01,  1.0
 1.063636363636365E-01, 6.900000000000002E-01, -1.0
 1.463636363636365E-01, 7.481818181818184E-01,  1.0
 1.063636363636365E-01, 7.063636363636365E-01, -1.0
 1.463636363636365E-01, 8.037495090531390E-01,  1.0
 1.063636363636365E-01, 7.227272727272729E-01, -1.0
 1.569370048915258E-01, 8.136776935848895E-01,  1.0
 1.411745034781249E-01, 7.790909090909093E-01, -1.0
 1.663636363636365E-01, 8.372727272727275E-01,  1.0
 1.195234333276474E-01, 8.154545454545457E-01, -1.0
 1.663636363636365E-01, 8.336363636363638E-01,  1.0
 1.379283776922645E-01, 9.318181818181821E-01, -1.0
 1.463636363636365E-01, 8.700000000000002E-01,  1.0
 1.045454545454547E-01,-9.244089145257467E-01,  1.0
 1.845454545454547E-01,-8.918181818181818E-01, -1.0
 1.245454545454547E-01,-8.749769774561111E-01,  1.0
 1.469795024600015E-01,-8.354545454545454E-01, -1.0
 1.245454545454547E-01,-8.533804779444064E-01,  1.0
 1.845454545454547E-01,-8.559379480284994E-01, -1.0
 1.845454545454547E-01,-7.609090909090909E-01,  1.0
 1.645454545454547E-01,-8.227272727272728E-01, -1.0
 2.045454545454547E-01,-7.490099834645759E-01,  1.0
 1.127519999197378E-01,-7.663636363636364E-01, -1.0
 1.845454545454547E-01,-7.166241676453247E-01,  1.0
 1.583494782349932E-01,-6.899999999999999E-01, -1.0
 1.445454545454547E-01,-6.718181818181818E-01,  1.0
 1.845454545454547E-01,-6.647243524961418E-01, -1.0
 1.447916241671054E-01,-6.632298810211117E-01,  1.0
 1.045454545454547E-01,-6.040235739106971E-01, -1.0
 1.601523464252050E-01,-6.390909090909092E-01,  1.0
 1.396125426319963E-01,-6.009090909090909E-01, -1.0
 2.045454545454547E-01,-5.827272727272728E-01,  1.0
 1.445454545454547E-01,-5.845454545454546E-01, -1.0
 1.845454545454547E-01,-5.463636363636364E-01,  1.0
 1.245454545454547E-01,-5.081818181818182E-01, -1.0
 1.602667140954107E-01,-5.099999999999999E-01,  1.0
 1.445454545454547E-01,-4.518181818181817E-01, -1.0
 1.845454545454547E-01,-4.536363636363636E-01,  1.0
 1.645454545454547E-01,-4.384931931824084E-01, -1.0
 1.363420709572804E-01,-4.249038277254080E-01,  1.0
 1.572820173231649E-01,-3.828831443746050E-01, -1.0
 1.645454545454547E-01,-4.091856091367704E-01,  1.0
 1.445454545454547E-01,-3.827272727272727E-01, -1.0
 1.845454545454547E-01,-3.290093868119264E-01,  1.0
 1.445454545454547E-01,-3.663636363636363E-01, -1.0
 1.445454545454547E-01,-3.081818181818181E-01,  1.0
 1.107015177627023E-01,-2.692462149676275E-01, -1.0
 1.736806369374651E-01,-2.718181818181817E-01,  1.0
 1.445454545454547E-01,-2.536363636363635E-01, -1.0
 1.833821971696089E-01,-1.954545454545453E-01,  1.0
 1.445454545454547E-01,-2.372727272727272E-01, -1.0
 1.245454545454547E-01,-1.990909090909090E-01,  1.0
 1.547573147318761E-01,-2.194106129355936E-01, -1.0
 1.645454545454547E-01,-1.442290574280052E-01,  1.0
 1.445454545454547E-01,-1.845454545454545E-01, -1.0
 1.445454545454547E-01,-1.470510817368712E-01,  1.0
 1.645454545454547E-01,-8.818181818181811E-02, -1.0
 1.445454545454547E-01,-1.299999999999999E-01,  1.0
 1.833073050938356E-01,-8.688382047011499E-02, -1.0
 1.245454545454547E-01,-7.363636363636354E-02,  1.0
 1.445454545454547E-01,-2.712255908176796E-02, -1.0
 1.759888075467887E-01,-3.490826392052406E-02,  1.0
 1.469621200499056E-01,-1.909090909090898E-02, -1.0
 1.845454545454547E-01,-2.090909090909080E-02,  1.0
 1.645454545454547E-01, 1.727272727272738E-02, -1.0
 1.845454545454547E-01, 4.286545026128252E-02,  1.0
 1.445454545454547E-01, 5.363636363636375E-02, -1.0
 1.245454545454547E-01, 1.243338996251154E-01,  1.0
 1.845454545454547E-01, 1.300000000000001E-01, -1.0
 1.045454545454547E-01, 1.258373397478137E-01,  1.0
 1.628393802806863E-01, 1.440708041189085E-01, -1.0
 2.045454545454547E-01, 1.475304399724928E-01,  1.0
 1.645454545454547E-01, 1.427272727272728E-01, -1.0
 1.638078097777662E-01, 2.121018366805786E-01,  1.0
 1.245454545454547E-01, 2.390909090909092E-01, -1.0
 1.758128354293016E-01, 2.172727272727274E-01,  1.0
 1.845454545454547E-01, 2.676353326783960E-01, -1.0
 1.645454545454547E-01, 2.936363636363638E-01,  1.0
 1.245454545454547E-01, 2.318181818181819E-01, -1.0
 1.445454545454547E-01, 2.900000000000001E-01,  1.0
 1.810299604437139E-01, 3.481818181818184E-01, -1.0
 1.268090125643323E-01, 3.663636363636366E-01,  1.0
 1.698224794624280E-01, 3.498212661514296E-01, -1.0
 1.445454545454547E-01, 3.627272727272729E-01,  1.0
 1.445454545454547E-01, 3.809090909090911E-01, -1.0
 1.645454545454547E-01, 4.390909090909093E-01,  1.0
 1.445454545454547E-01, 3.972727272727274E-01, -1.0
 1.859875442871420E-01, 4.554545454545456E-01,  1.0
 1.045454545454547E-01, 4.736363636363638E-01, -1.0
 1.773104020534202E-01, 4.645707362421545E-01,  1.0
 1.537261834513595E-01, 4.900000000000002E-01, -1.0
 1.445454545454547E-01, 5.096284123529392E-01,  1.0
 1.445454545454547E-01, 5.663636363636366E-01, -1.0
 1.932243641094815E-01, 5.608467576812997E-01,  1.0
 1.445454545454547E-01, 5.627272727272729E-01, -1.0
 1.845454545454547E-01, 5.609090909090910E-01,  1.0
 1.245454545454547E-01, 6.590909090909093E-01, -1.0
 1.879665732356504E-01, 5.772727272727274E-01,  1.0
 1.127070235308374E-01, 6.754545454545456E-01, -1.0
 1.799270741090765E-01, 7.009787396569809E-01,  1.0
 1.445454545454547E-01, 6.724334611008229E-01, -1.0
 1.645454545454547E-01, 7.149492127839528E-01,  1.0
 1.245454545454547E-01, 6.681818181818183E-01, -1.0
 1.445454545454547E-01, 7.863636363636366E-01,  1.0
 1.045454545454547E-01, 7.045454545454547E-01, -1.0
 1.557509969939527E-01, 8.027272727272730E-01,  1.0
 1.645454545454547E-01, 7.609090909090911E-01, -1.0
 1.645454545454547E-01, 8.375180243126452E-01,  1.0
 1.045454545454547E-01, 8.238103198679811E-01, -1.0
 1.828971507866292E-01, 8.354545454545457E-01,  1.0
 1.458413225807822E-01, 9.136363636363639E-01, -1.0
 1.645454545454547E-01, 8.495694895366228E-01,  1.0
 1.445454545454547E-01, 9.325971599613826E-01, -1.0
 2.027272727272729E-01,-8.900000000000000E-01, -1.0
 1.597345880133951E-01,-8.661268637047840E-01,  1.0
 1.821260626146985E-01,-8.736363636363637E-01, -1.0
 1.304192107432579E-01,-8.625492510157524E-01,  1.0
 1.827272727272729E-01,-8.547968876271130E-01, -1.0
 1.427272727272728E-01,-7.790909090909091E-01,  1.0
 1.528370342118399E-01,-8.209090909090909E-01, -1.0
 2.027272727272729E-01,-7.427272727272727E-01,  1.0
 1.427272727272728E-01,-7.645454545454545E-01, -1.0
 2.027272727272729E-01,-7.284327130156932E-01,  1.0
 1.427272727272728E-01,-7.281818181818182E-01, -1.0
 2.027272727272729E-01,-7.100000000000000E-01,  1.0
 1.627272727272729E-01,-6.949736330981692E-01, -1.0
 1.427272727272728E-01,-6.536363636363636E-01,  1.0
 1.827272727272729E-01,-6.554545454545454E-01, -1.0
 1.492141425339961E-01,-6.572727272727272E-01,  1.0
 1.427272727272728E-01,-5.990909090909091E-01, -1.0
 2.006971632016831E-01,-5.809090909090909E-01,  1.0
 1.427272727272728E-01,-5.871403765784345E-01, -1.0
 1.894174873041166E-01,-5.645454545454546E-01,  1.0
 1.241519286520312E-01,-5.121796155469459E-01, -1.0
 1.827272727272729E-01,-5.481818181818182E-01,  1.0
 1.843862036002470E-01,-4.699999999999999E-01, -1.0
 1.827272727272729E-01,-4.518181818181817E-01,  1.0
 1.427272727272728E-01,-4.437968077805607E-01, -1.0
 2.019214056556191E-01,-4.554545454545454E-01,  1.0
 2.027272727272729E-01,-3.972727272727272E-01, -1.0
 2.027272727272729E-01,-4.390909090909091E-01,  1.0
 2.027272727272729E-01,-4.096593702385448E-01, -1.0
 1.910436450367190E-01,-3.427272727272727E-01,  1.0
 1.627272727272729E-01,-3.645454545454545E-01, -1.0
 1.844497118397043E-01,-3.388905736508427E-01,  1.0
 1.978796892310164E-01,-3.081818181818181E-01, -1.0
 1.522558291844528E-01,-3.184056849096180E-01,  1.0
 1.827272727272729E-01,-2.971324098591602E-01, -1.0
 1.683375287232712E-01,-2.888922838111156E-01,  1.0
 1.427272727272728E-01,-2.354545454545454E-01, -1.0
 2.227272727272729E-01,-2.572727272727272E-01,  1.0
 1.627272727272729E-01,-2.190909090909090E-01, -1.0
 1.827272727272729E-01,-1.609090909090908E-01,  1.0
 1.627272727272729E-01,-2.027272727272727E-01, -1.0
 1.627272727272729E-01,-1.466025058701478E-01,  1.0
 2.010227462367223E-01,-8.636363636363628E-02, -1.0
 1.627272727272729E-01,-1.281818181818181E-01,  1.0
 1.677969243098333E-01,-8.999999999999991E-02, -1.0
 2.027272727272729E-01,-1.118181818181817E-01,  1.0
 1.695967029641250E-01,-7.363636363636354E-02, -1.0
 1.427272727272728E-01,-5.545454545454536E-02,  1.0
 1.403813617230649E-01, 2.727272727272832E-03, -1.0
 2.027272727272729E-01,-1.909090909090898E-02,  1.0
 1.563365697506780E-01,-9.090909090908005E-04, -1.0
 2.027272727272729E-01, 5.348778551979652E-02,  1.0
 1.627272727272729E-01, 7.278196826219351E-02, -1.0
 2.027272727272729E-01, 3.714857794114800E-02,  1.0
 2.027272727272729E-01, 9.181818181818192E-02, -1.0
 1.427272727272728E-01, 1.100000000000001E-01,  1.0
 2.027272727272729E-01, 1.106897953777709E-01, -1.0
 1.427272727272728E-01, 1.110058328287643E-01,  1.0
 1.716714904241367E-01, 1.445454545454547E-01, -1.0
 1.541799684552157E-01, 2.027272727272729E-01,  1.0
 1.712001137824093E-01, 1.625770592296169E-01, -1.0
 1.627272727272729E-01, 1.990909090909092E-01,  1.0
 1.711590432653337E-01, 2.572727272727274E-01, -1.0
 1.783421614762321E-01, 1.983924448501577E-01,  1.0
 1.827272727272729E-01, 2.536363636363638E-01, -1.0
 1.827272727272729E-01, 3.008277866078893E-01,  1.0
 1.642574091274261E-01, 3.500000000000002E-01, -1.0
 1.627272727272729E-01, 3.081818181818183E-01,  1.0
 1.827272727272729E-01, 3.463636363636365E-01, -1.0
 1.427272727272728E-01, 3.529112422644510E-01,  1.0
 1.627272727272729E-01, 3.827272727272729E-01, -1.0
 2.019484591478730E-01, 4.009090909090911E-01,  1.0
 1.627272727272729E-01, 3.990909090909093E-01, -1.0
 2.027272727272729E-01, 4.572727272727274E-01,  1.0
 1.227272727272728E-01, 4.154545454545456E-01, -1.0
 2.027272727272729E-01, 4.536363636363638E-01,  1.0
 1.627272727272729E-01, 4.918181818181820E-01, -1.0
 1.427272727272728E-01, 5.100000000000002E-01,  1.0
 1.775064211863475E-01, 4.881818181818184E-01, -1.0
 1.827272727272729E-01, 5.263636363636366E-01,  1.0
 1.427272727272728E-01, 5.445454545454547E-01, -1.0
 1.827272727272729E-01, 5.427272727272728E-01,  1.0
 1.227272727272728E-01, 6.372991389051557E-01, -1.0
 1.914730070876319E-01, 5.896372572778845E-01,  1.0
 1.466821893660678E-01, 6.563521217635867E-01, -1.0
 1.627272727272729E-01, 5.954545454545456E-01,  1.0
 1.627272727272729E-01, 6.736363636363638E-01, -1.0
 1.682943640635436E-01, 7.318181818181820E-01,  1.0
 1.810954686425570E-01, 6.700000000000002E-01, -1.0
 1.740371855644285E-01, 7.281818181818184E-01,  1.0
 2.027272727272729E-01, 7.071455150608872E-01, -1.0
 2.227272727272729E-01, 7.789854704598821E-01,  1.0
 1.919738604448628E-01, 7.427272727272729E-01, -1.0
 1.627272727272729E-01, 8.209090909090911E-01,  1.0
 1.827272727272729E-01, 7.590909090909093E-01, -1.0
 1.827272727272729E-01, 8.372727272727275E-01,  1.0
 1.627272727272729E-01, 8.954545454545457E-01, -1.0
 1.827272727272729E-01, 8.536363636363639E-01,  1.0
 1.627272727272729E-01, 9.118181818181821E-01, -1.0
 1.427272727272728E-01, 8.500000000000002E-01,  1.0
 1.409090909090910E-01,-9.500000000000001E-01,  1.0
 2.009090909090910E-01,-8.869548332638029E-01, -1.0
 1.522827699936781E-01,-8.736363636363637E-01,  1.0
 2.009090909090910E-01,-8.554545454545455E-01, -1.0
 1.934802144829890E-01,-7.772727272727272E-01,  1.0
 2.009090909090910E-01,-8.390909090909091E-01, -1.0
 2.009090909090910E-01,-7.590617035436916E-01,  1.0
 1.593640564742737E-01,-8.114920817611390E-01, -1.0
 1.972053262371620E-01,-7.494574784908593E-01,  1.0
 1.609090909090910E-01,-7.573640195021654E-01, -1.0
 2.009090909090910E-01,-7.169859335435389E-01,  1.0
 2.209090909090911E-01,-7.500000000000000E-01, -1.0
 2.053116667020588E-01,-7.105974483545481E-01,  1.0
 2.142159778198858E-01,-6.457548499203810E-01, -1.0
 1.526103966415851E-01,-6.554545454545454E-01,  1.0
 2.009090909090910E-01,-6.372727272727272E-01, -1.0
 2.009090909090910E-01,-5.990909090909091E-01,  1.0
 1.809090909090910E-01,-6.209090909090910E-01, -1.0
 2.068608942743754E-01,-5.827272727272728E-01,  1.0
 2.135540703093421E-01,-5.245454545454545E-01, -1.0
 1.850679034028941E-01,-5.532358855468089E-01,  1.0
 2.144175169597053E-01,-4.881818181818182E-01, -1.0
 1.827411747083882E-01,-5.343940531243668E-01,  1.0
 2.009090909090910E-01,-4.718181818181817E-01, -1.0
 1.844514103488610E-01,-4.536363636363636E-01,  1.0
 2.009090909090910E-01,-4.754545454545455E-01, -1.0
 2.004457138711965E-01,-4.489960943208541E-01,  1.0
 2.009090909090910E-01,-3.990909090909091E-01, -1.0
 1.872230749924128E-01,-3.440010699430854E-01,  1.0
 2.209090909090911E-01,-4.027272727272727E-01, -1.0
 1.809090909090910E-01,-3.445454545454545E-01,  1.0
 2.209090909090911E-01,-3.863636363636364E-01, -1.0
 1.809090909090910E-01,-3.281818181818181E-01,  1.0
 1.809090909090910E-01,-3.099999999999999E-01, -1.0
 1.809090909090910E-01,-2.718181818181817E-01,  1.0
 1.809090909090910E-01,-2.936363636363636E-01, -1.0
 2.165030860656022E-01,-2.740135553910700E-01,  1.0
 2.322531548576620E-01,-2.092321048688926E-01, -1.0
 1.809090909090910E-01,-1.784526877390940E-01,  1.0
 1.609090909090910E-01,-2.209090909090909E-01, -1.0
 1.834727365126898E-01,-1.802455790452159E-01,  1.0
 2.009090909090910E-01,-1.845454545454545E-01, -1.0
 1.609090909090910E-01,-1.463636363636363E-01,  1.0
 1.943997109451346E-01,-8.818181818181811E-02, -1.0
 2.009090909090910E-01,-1.299999999999999E-01,  1.0
 1.761363297770953E-01,-9.181818181818172E-02, -1.0
 1.830676223237226E-01,-1.975445811463883E-02,  1.0
 1.673100911454784E-01,-7.545454545454536E-02, -1.0
 2.209090909090911E-01,-1.368537312238933E-02,  1.0
 1.609090909090910E-01, 9.090909090910156E-04, -1.0
 2.009090909090910E-01,-3.097668938275266E-02,  1.0
 1.409090909090910E-01,-1.343172516310889E-02, -1.0
 1.973910566550089E-01, 3.545454545454556E-02,  1.0
 1.854290595821392E-01, 9.363636363636374E-02, -1.0
 2.009090909090910E-01, 5.181818181818193E-02,  1.0
 2.009090909090910E-01, 1.100000000000001E-01, -1.0
 1.609090909090910E-01, 1.281818181818183E-01,  1.0
 1.609090909090910E-01, 1.586637882550060E-01, -1.0
 2.009090909090910E-01, 1.645454545454547E-01,  1.0
 1.883022739365620E-01, 2.027272727272729E-01, -1.0
 2.409090909090911E-01, 1.809090909090910E-01,  1.0
 2.026577241775539E-01, 2.308962499598093E-01, -1.0
 1.609090909090910E-01, 2.172727272727274E-01,  1.0
 2.009090909090910E-01, 2.554545454545456E-01, -1.0
 1.966872857720230E-01, 2.936363636363638E-01,  1.0
 1.661096120443397E-01, 2.718181818181820E-01, -1.0
 1.926382538862792E-01, 3.100000000000002E-01,  1.0
 1.643729467500142E-01, 3.315896385633161E-01, -1.0
 1.809090909090910E-01, 3.063636363636365E-01,  1.0
 1.816718120451448E-01, 3.461458651147099E-01, -1.0
 2.209090909090911E-01, 3.749846918797066E-01,  1.0
 1.609090909090910E-01, 3.609090909090911E-01, -1.0
 2.009090909090910E-01, 4.146348830980333E-01,  1.0
 1.609090909090910E-01, 3.972727272727274E-01, -1.0
 2.009090909090910E-01, 4.554545454545456E-01,  1.0
 1.809090909090910E-01, 4.736363636363638E-01, -1.0
 2.009090909090910E-01, 4.718181818181820E-01,  1.0
 1.609090909090910E-01, 4.900000000000002E-01, -1.0
 2.009090909090910E-01, 5.281818181818184E-01,  1.0
 2.172599136763524E-01, 5.263636363636366E-01, -1.0
 2.009090909090910E-01, 5.445454545454547E-01,  1.0
 2.143868006214117E-01, 5.748362110501752E-01, -1.0
 1.809090909090910E-01, 5.793704863484438E-01,  1.0
 1.409090909090910E-01, 6.190909090909092E-01, -1.0
 1.809090909090910E-01, 5.972727272727274E-01,  1.0
 2.009090909090910E-01, 6.448265551524087E-01, -1.0
 1.859961639551891E-01, 6.196613185027207E-01,  1.0
 1.602031940493641E-01, 6.598550174828060E-01, -1.0
 1.530464677705993E-01, 7.500000000000002E-01,  1.0
 2.009090909090910E-01, 6.881818181818183E-01, -1.0
 2.409090909090911E-01, 7.663636363636366E-01,  1.0
 2.009090909090910E-01, 7.245454545454547E-01, -1.0
 2.009090909090910E-01, 8.186021474634992E-01,  1.0
 1.808503262581816E-01, 7.609090909090911E-01, -1.0
 1.809090909090910E-01, 8.263585789339002E-01,  1.0
 2.409090909090911E-01, 8.159313539332207E-01, -1.0
 1.767129814672587E-01, 8.445038262195655E-01,  1.0
 2.409090909090911E-01, 8.881252905335444E-01, -1.0
 1.609090909090910E-01, 8.518181818181820E-01,  1.0
 1.721469881328032E-01, 9.300000000000003E-01, -1.0
 2.122478072250206E-01,-8.900000000000000E-01, -1.0
 2.590909090909093E-01,-8.318181818181818E-01,  1.0
 2.102384115959585E-01,-8.736363636363637E-01, -1.0
 2.390909090909092E-01,-8.275645597421092E-01,  1.0
 1.997084713599312E-01,-8.361964029290930E-01, -1.0
 1.850051537108828E-01,-7.590909090909090E-01,  1.0
 2.175753827790597E-01,-8.209090909090909E-01, -1.0
 1.939728623446299E-01,-7.627272727272727E-01,  1.0
 2.190909090909092E-01,-8.045454545454546E-01, -1.0
 1.869751154204083E-01,-7.463636363636363E-01,  1.0
 2.331041146392916E-01,-7.681818181818182E-01, -1.0
 2.211743052866300E-01,-7.100000000000000E-01,  1.0
 2.390909090909092E-01,-6.718181818181818E-01, -1.0
 2.190909090909092E-01,-6.736363636363636E-01,  1.0
 1.990909090909092E-01,-6.554545454545454E-01, -1.0
 2.370543061332643E-01,-5.972727272727272E-01,  1.0
 1.990909090909092E-01,-6.590909090909092E-01, -1.0
 2.190909090909092E-01,-5.809090909090909E-01,  1.0
 1.590909090909092E-01,-6.197750282476977E-01, -1.0
 2.190909090909092E-01,-5.645454545454546E-01,  1.0
 2.390909090909092E-01,-5.063636363636363E-01, -1.0
 1.990909090909092E-01,-5.481818181818182E-01,  1.0
 2.190909090909092E-01,-4.774975954890481E-01, -1.0
 2.590909090909093E-01,-4.788050776652151E-01,  1.0
 2.190909090909092E-01,-4.936363636363637E-01, -1.0
 2.116843336464745E-01,-4.424415528219700E-01,  1.0
 2.107278308381846E-01,-3.984187855118848E-01, -1.0
 1.990909090909092E-01,-4.390909090909091E-01,  1.0
 2.190909090909092E-01,-3.963855122412602E-01, -1.0
 1.990909090909092E-01,-3.426209776658687E-01,  1.0
 2.086598484039738E-01,-3.926539597300266E-01, -1.0
 1.990909090909092E-01,-3.263636363636363E-01,  1.0
 1.797455834832087E-01,-3.081818181818181E-01, -1.0
 2.299299811006794E-01,-2.699999999999999E-01,  1.0
 1.991019939461456E-01,-2.918181818181818E-01, -1.0
 2.190909090909092E-01,-2.592184689755881E-01,  1.0
 1.838214140428428E-01,-2.199437582478374E-01, -1.0
 2.084237914472095E-01,-2.772727272727272E-01,  1.0
 2.190909090909092E-01,-2.190909090909090E-01, -1.0
 2.590909090909093E-01,-1.609090909090908E-01,  1.0
 2.190909090909092E-01,-2.030975010211366E-01, -1.0
 2.390909090909092E-01,-1.245454545454544E-01,  1.0
 2.293722350316337E-01,-1.663636363636363E-01, -1.0
 1.790909090909092E-01,-1.281818181818181E-01,  1.0
 1.844666364995040E-01,-7.119291971070349E-02, -1.0
 2.590909090909093E-01,-8.278354717738400E-02,  1.0
 1.990909090909092E-01,-6.809304521093153E-02, -1.0
 2.523149938579513E-01,-4.213832648387592E-02,  1.0
 1.990909090909092E-01,-1.727272727272717E-02, -1.0
 2.590909090909093E-01, 9.090909090910156E-04,  1.0
 2.056478361702679E-01,-9.090909090908022E-04, -1.0
 2.190909090909092E-01, 1.896562282468158E-02,  1.0
 2.590909090909093E-01, 7.545454545454557E-02, -1.0
 2.190909090909092E-01, 5.545462509028651E-02,  1.0
 2.377816562986451E-01, 1.118181818181819E-01, -1.0
 2.190909090909092E-01, 5.000000000000013E-02,  1.0
 2.390909090909092E-01, 1.081818181818183E-01, -1.0
 1.990909090909092E-01, 1.463636363636365E-01,  1.0
 1.790909090909092E-01, 1.645454545454547E-01, -1.0
 2.381120624679230E-01, 1.675030352812427E-01,  1.0
 1.790909090909092E-01, 1.622627837539192E-01, -1.0
 2.390909090909092E-01, 1.887861463333743E-01,  1.0
 2.190909090909092E-01, 2.372727272727274E-01, -1.0
 1.790909090909092E-01, 2.154545454545456E-01,  1.0
 2.080620403283196E-01, 2.536363636363638E-01, -1.0
 1.790909090909092E-01, 2.918181818181820E-01,  1.0
 2.390909090909092E-01, 2.613178235163429E-01, -1.0
 1.990909090909092E-01, 3.081818181818183E-01,  1.0
 1.990909090909092E-01, 3.463636363636365E-01, -1.0
 2.234816970082966E-01, 3.894670352900931E-01,  1.0
 1.790909090909092E-01, 3.427272727272729E-01, -1.0
 2.104328010078601E-01, 4.009090909090911E-01,  1.0
 2.590909090909093E-01, 4.190909090909093E-01, -1.0
 2.181923381661285E-01, 3.972727272727274E-01,  1.0
 2.590909090909093E-01, 4.354545454545456E-01, -1.0
 2.190909090909092E-01, 4.536363636363638E-01,  1.0
 1.790909090909092E-01, 4.918181818181819E-01, -1.0
 1.990909090909092E-01, 5.300000000000002E-01,  1.0
 2.390909090909092E-01, 4.867748262372586E-01, -1.0
 1.990909090909092E-01, 5.347263620831676E-01,  1.0
 1.983995952752688E-01, 5.764553080281316E-01, -1.0
 2.390909090909092E-01, 5.627272727272729E-01,  1.0
 2.204126548564867E-01, 6.130529124572129E-01, -1.0
 1.990909090909092E-01, 5.990909090909092E-01,  1.0
 1.977047234286928E-01, 6.572727272727275E-01, -1.0
 1.790909090909092E-01, 5.954545454545456E-01,  1.0
 2.063835347558816E-01, 6.536363636363638E-01, -1.0
 2.390909090909092E-01, 6.874330560592347E-01,  1.0
 1.990909090909092E-01, 7.074853771529517E-01, -1.0
 2.450804248200194E-01, 6.793101064256012E-01,  1.0
 2.157112921942783E-01, 7.263636363636365E-01, -1.0
 2.390909090909092E-01, 7.645454545454548E-01,  1.0
 1.753043967729745E-01, 7.427272727272729E-01, -1.0
 1.790909090909092E-01, 8.209090909090911E-01,  1.0
 1.990909090909092E-01, 7.590909090909093E-01, -1.0
 1.790909090909092E-01, 8.372727272727275E-01,  1.0
 2.590909090909093E-01, 8.154545454545457E-01, -1.0
 1.990909090909092E-01, 9.136363636363639E-01,  1.0
 2.190909090909092E-01, 8.918181818181821E-01, -1.0
 2.318819678651081E-01, 9.468564316484198E-01,  1.0
 2.572727272727274E-01,-8.966933463907717E-01,  1.0
 2.172727272727274E-01,-8.918181818181818E-01, -1.0
 2.372727272727274E-01,-8.336363636363636E-01,  1.0
 2.071937809707328E-01,-8.754545454545455E-01, -1.0
 2.372727272727274E-01,-8.372727272727273E-01,  1.0
 2.015204434795462E-01,-8.190909090909091E-01, -1.0
 1.972727272727274E-01,-7.605596846476749E-01,  1.0
 2.372727272727274E-01,-8.027272727272727E-01, -1.0
 2.572727272727274E-01,-7.564670631479185E-01,  1.0
 2.372727272727274E-01,-7.863636363636364E-01, -1.0
 1.890605849529996E-01,-7.081818181818181E-01,  1.0
 2.771347249737007E-01,-6.921087762386178E-01, -1.0
 1.972727272727274E-01,-6.983657884276120E-01,  1.0
 1.972727272727274E-01,-6.536363636363636E-01, -1.0
 2.572727272727274E-01,-6.154545454545454E-01,  1.0
 2.467787893792910E-01,-6.572727272727272E-01, -1.0
 2.172727272727274E-01,-5.790909090909091E-01,  1.0
 2.372727272727274E-01,-6.409090909090910E-01, -1.0
 2.172727272727274E-01,-5.827272727272728E-01,  1.0
 2.572727272727274E-01,-5.245454545454545E-01, -1.0
 2.267366959940712E-01,-5.863636363636364E-01,  1.0
 2.372727272727274E-01,-5.081818181818182E-01, -1.0
 2.698123734997472E-01,-4.602900870229564E-01,  1.0
 2.131167587947971E-01,-4.775671704429386E-01, -1.0
 2.772727272727274E-01,-4.532262168446998E-01,  1.0
 2.094411397914144E-01,-4.954545454545455E-01, -1.0
 1.972727272727274E-01,-4.372727272727273E-01,  1.0
 2.003675279770188E-01,-3.990909090909091E-01, -1.0
 2.772727272727274E-01,-3.462557762576172E-01,  1.0
 2.172727272727274E-01,-4.027272727272727E-01, -1.0
 2.772727272727274E-01,-3.445454545454545E-01,  1.0
 2.172727272727274E-01,-3.863636363636364E-01, -1.0
 2.572727272727274E-01,-3.203400629256152E-01,  1.0
 1.972727272727274E-01,-3.018269675073623E-01, -1.0
 2.296427002266543E-01,-2.847125988255906E-01,  1.0
 2.772727272727274E-01,-2.582631033868846E-01, -1.0
 2.172727272727274E-01,-2.754545454545454E-01,  1.0
 2.372727272727274E-01,-2.172727272727272E-01, -1.0
 2.572727272727274E-01,-1.790909090909090E-01,  1.0
 2.372727272727274E-01,-2.009090909090908E-01, -1.0
 2.772727272727274E-01,-1.782425900078470E-01,  1.0
 2.146231856580973E-01,-1.645454545454545E-01, -1.0
 2.295338991072383E-01,-1.263636363636363E-01,  1.0
 2.172727272727274E-01,-1.681818181818181E-01, -1.0
 2.554899104789553E-01,-1.082181806366491E-01,  1.0
 1.972727272727274E-01,-7.181818181818173E-02, -1.0
 2.572727272727274E-01,-1.136363636363635E-01,  1.0
 2.199536172299908E-01,-5.217843604935377E-02, -1.0
 2.572727272727274E-01,-1.727272727272717E-02,  1.0
 2.029682500555495E-01,-1.042278278161390E-02, -1.0
 2.276923133310110E-01, 1.909090909090920E-02,  1.0
 2.020984720306924E-01, 7.727272727272738E-02, -1.0
 2.208224028476764E-01, 3.545454545454556E-02,  1.0
 2.183992319002684E-01, 9.363636363636374E-02, -1.0
 2.271177584277331E-01, 3.181818181818193E-02,  1.0
 2.372727272727274E-01, 9.000000000000012E-02, -1.0
 2.572727272727274E-01, 1.481818181818183E-01,  1.0
 2.172727272727274E-01, 1.288684151693651E-01, -1.0
 2.572727272727274E-01, 1.686466815190173E-01,  1.0
 2.249417236769492E-01, 1.227272727272728E-01, -1.0
 2.572727272727274E-01, 1.747713876689455E-01,  1.0
 2.172727272727274E-01, 2.390909090909092E-01, -1.0
 2.372727272727274E-01, 1.972727272727274E-01,  1.0
 2.141417130342351E-01, 2.459685446021266E-01, -1.0
 2.772727272727274E-01, 2.336363636363638E-01,  1.0
 2.572727272727274E-01, 2.918181818181820E-01, -1.0
 1.772727272727274E-01, 3.013333362428565E-01,  1.0
 2.372727272727274E-01, 2.881818181818183E-01, -1.0
 2.372727272727274E-01, 3.663636363636366E-01,  1.0
 2.572727272727274E-01, 3.149078881131717E-01, -1.0
 2.172727272727274E-01, 3.734673015157674E-01,  1.0
 1.807435973734702E-01, 3.580186944250913E-01, -1.0
 2.172727272727274E-01, 4.066292053652826E-01,  1.0
 2.572727272727274E-01, 4.372727272727274E-01, -1.0
 2.172727272727274E-01, 4.389046986832998E-01,  1.0
 2.249260878827369E-01, 4.736363636363638E-01, -1.0
 2.572727272727274E-01, 4.918181818181819E-01,  1.0
 2.372727272727274E-01, 4.700000000000002E-01, -1.0
 1.972727272727274E-01, 5.481818181818184E-01,  1.0
 2.372727272727274E-01, 5.063636363636366E-01, -1.0
 2.372727272727274E-01, 5.491262295570951E-01,  1.0
 2.172727272727274E-01, 6.027272727272729E-01, -1.0
 2.560898321145595E-01, 5.609090909090910E-01,  1.0
 2.290699699204941E-01, 6.190909090909092E-01, -1.0
 2.758370017590291E-01, 6.772727272727275E-01,  1.0
 2.172727272727274E-01, 6.354545454545456E-01, -1.0
 2.572727272727274E-01, 6.736363636363638E-01,  1.0
 1.972727272727274E-01, 7.118181818181820E-01, -1.0
 2.572727272727274E-01, 6.900000000000002E-01,  1.0
 1.972727272727274E-01, 7.081818181818184E-01, -1.0
 2.572727272727274E-01, 7.463636363636366E-01,  1.0
 1.972727272727274E-01, 7.266574299910984E-01, -1.0
 2.348377034399785E-01, 7.627272727272729E-01,  1.0
 2.372727272727274E-01, 8.209090909090911E-01, -1.0
 1.947709814366854E-01, 8.232167955310703E-01,  1.0
 2.467869046645192E-01, 8.172727272727275E-01, -1.0
 1.772727272727274E-01, 8.354545454545457E-01,  1.0
 2.372727272727274E-01, 8.736363636363639E-01, -1.0
 1.972727272727274E-01, 8.442628377562538E-01,  1.0
 2.372727272727274E-01, 8.900000000000002E-01, -1.0
 2.154545454545456E-01,-8.825909681650196E-01, -1.0
 2.554545454545456E-01,-9.118181818181819E-01,  1.0
 2.056137540273569E-01,-8.936363636363637E-01, -1.0
 2.354545454545456E-01,-8.154545454545454E-01,  1.0
 2.720687490383806E-01,-8.372727272727273E-01, -1.0
 2.554545454545456E-01,-7.790909090909091E-01,  1.0
 2.354545454545456E-01,-8.209090909090909E-01, -1.0
 2.554545454545456E-01,-7.627272727272727E-01,  1.0
 2.554545454545456E-01,-7.271081383769257E-01, -1.0
 2.354545454545456E-01,-7.475291939335414E-01,  1.0
 2.954545454545456E-01,-7.081818181818181E-01, -1.0
 2.054321297293349E-01,-7.054918195569904E-01,  1.0
 2.754545454545456E-01,-6.918181818181818E-01, -1.0
 2.154545454545456E-01,-7.136363636363636E-01,  1.0
 2.239492667148409E-01,-6.509366660995339E-01, -1.0
 2.354545454545456E-01,-5.923717306199442E-01,  1.0
 2.154545454545456E-01,-6.590909090909092E-01, -1.0
 2.354545454545456E-01,-5.809090909090909E-01,  1.0
 2.754545454545456E-01,-5.779394930428828E-01, -1.0
 2.354545454545456E-01,-5.645454545454546E-01,  1.0
 2.354545454545456E-01,-5.063636363636363E-01, -1.0
 2.754545454545456E-01,-5.352374657693717E-01,  1.0
 2.373669284319382E-01,-4.899999999999999E-01, -1.0
 2.754545454545456E-01,-4.918181818181818E-01,  1.0
 2.154545454545456E-01,-4.736363636363636E-01, -1.0
 2.754545454545456E-01,-4.354545454545454E-01,  1.0
 2.154545454545456E-01,-3.972727272727272E-01, -1.0
 2.717099650292062E-01,-4.251557107762737E-01,  1.0
 2.294093256954224E-01,-4.009090909090909E-01, -1.0
 2.754545454545456E-01,-3.627272727272727E-01,  1.0
 2.154545454545456E-01,-3.845454545454545E-01, -1.0
 2.754545454545456E-01,-3.437808339264335E-01,  1.0
 2.154545454545456E-01,-3.681818181818182E-01, -1.0
 2.294107849473957E-01,-2.699999999999999E-01,  1.0
 2.754545454545456E-01,-2.718181818181817E-01, -1.0
 2.221534683519908E-01,-2.736363636363636E-01,  1.0
 2.354545454545456E-01,-2.354545454545454E-01, -1.0
 2.154545454545456E-01,-2.772727272727272E-01,  1.0
 2.354545454545456E-01,-2.190909090909090E-01, -1.0
 2.554545454545456E-01,-1.609090909090908E-01,  1.0
 2.154545454545456E-01,-1.830692939776359E-01, -1.0
 2.554545454545456E-01,-1.245454545454544E-01,  1.0
 2.154545454545456E-01,-1.663636363636363E-01, -1.0
 2.754545454545456E-01,-1.281818181818181E-01,  1.0
 1.954545454545455E-01,-8.999999999999991E-02, -1.0
 2.633769255220192E-01,-1.057826355580887E-01,  1.0
 2.154545454545456E-01,-5.363636363636354E-02, -1.0
 2.554545454545456E-01,-9.545454545454535E-02,  1.0
 2.340955060149862E-01,-5.727272727272718E-02, -1.0
 2.554545454545456E-01, 9.090909090910156E-04,  1.0
 1.954545454545455E-01,-9.090909090908022E-04, -1.0
 2.354545454545456E-01, 2.066778044122307E-02,  1.0
 2.754545454545456E-01, 7.073273825769003E-02, -1.0
 2.154545454545456E-01, 3.363636363636375E-02,  1.0
 2.554545454545456E-01, 9.181818181818192E-02, -1.0
 2.226010838595636E-01, 5.000000000000013E-02,  1.0
 2.354545454545456E-01, 8.818181818181832E-02, -1.0
 2.739093082680171E-01, 1.463636363636365E-01,  1.0
 2.154545454545456E-01, 1.245454545454547E-01, -1.0
 2.394788927595376E-01, 1.827272727272729E-01,  1.0
 2.754545454545456E-01, 2.156283100357372E-01, -1.0
 2.503800446009833E-01, 1.916650806492386E-01,  1.0
 2.154545454545456E-01, 2.572727272727274E-01, -1.0
 2.954545454545456E-01, 2.390052769207543E-01,  1.0
 2.559648049680668E-01, 3.054905936939804E-01, -1.0
 2.866505837135468E-01, 2.498537575400546E-01,  1.0
 2.554545454545456E-01, 2.900000000000001E-01, -1.0
 2.154545454545456E-01, 3.481818181818184E-01,  1.0
 2.554545454545456E-01, 3.046105419556447E-01, -1.0
 2.154545454545456E-01, 3.845454545454547E-01,  1.0
 2.554545454545456E-01, 3.227272727272729E-01, -1.0
 2.289228562678747E-01, 3.809090909090911E-01,  1.0
 2.805385806751322E-01, 4.390909090909093E-01, -1.0
 2.154545454545456E-01, 3.972727272727274E-01,  1.0
 2.754545454545456E-01, 4.354545454545456E-01, -1.0
 2.287506047664102E-01, 4.536363636363638E-01,  1.0
 2.354545454545456E-01, 4.810086758627561E-01, -1.0
 2.554545454545456E-01, 4.976099778492631E-01,  1.0
 2.554545454545456E-01, 5.197152243554185E-01, -1.0
 2.554545454545456E-01, 5.063636363636366E-01,  1.0
 2.754545454545456E-01, 5.304203703512607E-01, -1.0
 2.554545454545456E-01, 5.643272624265037E-01,  1.0
 2.360985863826413E-01, 6.209090909090911E-01, -1.0
 2.609170842884236E-01, 6.590909090909093E-01,  1.0
 2.326180276928370E-01, 6.372727272727274E-01, -1.0
 2.554545454545456E-01, 5.954545454545456E-01,  1.0
 2.154545454545456E-01, 6.376962900724495E-01, -1.0
 2.754545454545456E-01, 6.918181818181820E-01,  1.0
 2.154545454545456E-01, 7.100000000000002E-01, -1.0
 2.770171434491701E-01, 6.881818181818183E-01,  1.0
 1.954545454545455E-01, 7.262401460683636E-01, -1.0
 2.551949290423373E-01, 7.645454545454548E-01,  1.0
 2.550688024019134E-01, 8.037443319774796E-01, -1.0
 2.404266845296135E-01, 7.809090909090911E-01,  1.0
 2.459716684328472E-01, 8.277564345506228E-01, -1.0
 1.954545454545455E-01, 8.372727272727275E-01,  1.0
 2.554545454545456E-01, 8.154545454545457E-01, -1.0
 2.154545454545456E-01, 8.336363636363638E-01,  1.0
 2.554545454545456E-01, 8.718181818181820E-01, -1.0
 2.452528390754778E-01, 9.300000000000003E-01,  1.0
 2.671351595285613E-01,-9.300000000000000E-01,  1.0
 2.136363636363637E-01,-8.918181818181818E-01, -1.0
 2.687524795896566E-01,-8.995862447025550E-01,  1.0
 2.336363636363638E-01,-8.554545454545455E-01, -1.0
 2.654160132173540E-01,-7.772727272727272E-01,  1.0
 2.536363636363638E-01,-8.390909090909091E-01, -1.0
 2.736363636363638E-01,-7.609090909090909E-01,  1.0
 2.736363636363638E-01,-8.227272727272728E-01, -1.0
 2.736363636363638E-01,-7.445454545454545E-01,  1.0
 3.136363636363638E-01,-7.263636363636363E-01, -1.0
 2.136363636363637E-01,-7.081818181818181E-01,  1.0
 2.936363636363638E-01,-6.899999999999999E-01, -1.0
 2.536363636363638E-01,-6.318181818181817E-01,  1.0
 2.936363636363638E-01,-6.936363636363636E-01, -1.0
 2.736363636363638E-01,-6.154545454545454E-01,  1.0
 2.336363636363638E-01,-6.572727272727272E-01, -1.0
 2.559799679075079E-01,-6.256630674028162E-01,  1.0
 2.910822827540570E-01,-5.809090909090909E-01, -1.0
 2.736363636363638E-01,-5.396902564224587E-01,  1.0
 2.936363636363638E-01,-5.816682370063727E-01, -1.0
 2.736363636363638E-01,-5.063636363636363E-01,  1.0
 2.536363636363638E-01,-5.081818181818182E-01, -1.0
 2.736363636363638E-01,-5.099999999999999E-01,  1.0
 2.375989830144488E-01,-4.918181818181817E-01, -1.0
 2.736363636363638E-01,-4.936363636363637E-01,  1.0
 2.336363636363638E-01,-4.705014510677509E-01, -1.0
 2.736363636363638E-01,-4.302779791457257E-01,  1.0
 2.336363636363638E-01,-3.937982636915066E-01, -1.0
 2.736363636363638E-01,-3.609090909090908E-01,  1.0
 2.336363636363638E-01,-4.027272727272727E-01, -1.0
 2.736363636363638E-01,-3.445454545454545E-01,  1.0
 2.254062617202207E-01,-3.363959676872511E-01, -1.0
 2.736363636363638E-01,-3.481818181818181E-01,  1.0
 2.780084558850405E-01,-2.707369583551943E-01, -1.0
 2.136363636363637E-01,-2.665179268859763E-01,  1.0
 2.736363636363638E-01,-2.736363636363636E-01, -1.0
 2.936363636363638E-01,-2.154545454545453E-01,  1.0
 2.336363636363638E-01,-2.172727272727272E-01, -1.0
 2.620597627470950E-01,-1.790909090909090E-01,  1.0
 2.336363636363638E-01,-2.058683764513840E-01, -1.0
 2.644391149328089E-01,-1.427272727272726E-01,  1.0
 3.136363636363638E-01,-1.645454545454545E-01, -1.0
 2.736363636363638E-01,-1.463636363636363E-01,  1.0
 2.934219368179598E-01,-6.818181818181812E-02, -1.0
 2.369882532518243E-01,-1.250252562048091E-01,  1.0
 3.136363636363638E-01,-7.181818181818173E-02, -1.0
 2.518398397769508E-01,-9.083703417627519E-02,  1.0
 2.323072502423233E-01,-2.122662281759842E-02, -1.0
 2.558290292717345E-01,-2.140203084206689E-03,  1.0
 3.136363636363638E-01, 2.090909090909102E-02, -1.0
 2.468716963517444E-01,-9.090909090908005E-04,  1.0
 2.736363636363638E-01, 7.727272727272738E-02, -1.0
 2.589261712464743E-01, 1.545454545454556E-02,  1.0
 2.622577592817363E-01, 7.108041847356060E-02, -1.0
 2.768373162921781E-01, 1.318181818181819E-01,  1.0
 2.536363636363638E-01, 9.000000000000012E-02, -1.0
 2.781867323336422E-01, 1.481818181818183E-01,  1.0
 2.536363636363638E-01, 1.063636363636365E-01, -1.0
 2.714630696378928E-01, 1.448393165945831E-01,  1.0
 3.136363636363638E-01, 1.827272727272729E-01, -1.0
 2.536363636363638E-01, 1.809090909090910E-01,  1.0
 2.936363636363638E-01, 1.990909090909092E-01, -1.0
 2.536363636363638E-01, 1.972727272727274E-01,  1.0
 2.336363636363638E-01, 2.664128614847450E-01, -1.0
 2.736363636363638E-01, 2.382575497735382E-01,  1.0
 2.536363636363638E-01, 2.918181818181820E-01, -1.0
 2.736363636363638E-01, 3.300000000000002E-01,  1.0
 2.536363636363638E-01, 3.081818181818183E-01, -1.0
 2.426624162083967E-01, 3.855698416630715E-01,  1.0
 2.536363636363638E-01, 3.045454545454547E-01, -1.0
 2.336363636363638E-01, 3.680008170734602E-01,  1.0
 3.136363636363638E-01, 3.809090909090911E-01, -1.0
 2.704345687932285E-01, 4.190909090909093E-01,  1.0
 2.802986318938299E-01, 4.258291712828182E-01, -1.0
 2.136363636363637E-01, 4.354545454545456E-01,  1.0
 2.344272407409874E-01, 4.668384962257557E-01, -1.0
 2.872222679581288E-01, 4.718181818181820E-01,  1.0
 2.736363636363638E-01, 5.100000000000002E-01, -1.0
 2.536363636363638E-01, 5.451067816201839E-01,  1.0
 2.736363636363638E-01, 5.263636363636366E-01, -1.0
 2.369981294735420E-01, 5.645454545454547E-01,  1.0
 2.936363636363638E-01, 5.872787704084942E-01, -1.0
 2.536363636363638E-01, 5.833830363657574E-01,  1.0
 2.336363636363638E-01, 6.390909090909093E-01, -1.0
 2.627557739817974E-01, 6.572727272727275E-01,  1.0
 2.136363636363637E-01, 6.261062932077424E-01, -1.0
 2.736363636363638E-01, 6.736363636363638E-01,  1.0
 2.136363636363637E-01, 7.118181818181820E-01, -1.0
 2.949835101176671E-01, 6.900000000000002E-01,  1.0
 2.536363636363638E-01, 7.281818181818184E-01, -1.0
 2.536363636363638E-01, 7.463636363636366E-01,  1.0
 2.737983598805160E-01, 7.245454545454547E-01, -1.0
 2.736363636363638E-01, 7.827272727272729E-01,  1.0
 2.568101750805027E-01, 8.170943608087855E-01, -1.0
 2.736363636363638E-01, 7.990909090909093E-01,  1.0
 2.536363636363638E-01, 8.172727272727275E-01, -1.0
 2.936363636363638E-01, 8.154545454545457E-01,  1.0
 2.736363636363638E-01, 8.639173709093497E-01, -1.0
 2.746023203237771E-01, 8.318181818181820E-01,  1.0
 2.859949272145959E-01, 8.700000000000002E-01, -1.0
 3.089771358440049E-01,-9.063149562215279E-01, -1.0
 2.718181818181820E-01,-9.118181818181819E-01,  1.0
 3.118181818181820E-01,-8.936363636363637E-01, -1.0
 3.174052745573563E-01,-8.476244694719547E-01,  1.0
 2.718181818181820E-01,-8.372727272727273E-01, -1.0
 2.718181818181820E-01,-7.790909090909091E-01,  1.0
 2.918181818181820E-01,-8.209090909090909E-01, -1.0
 2.618902224004971E-01,-7.627272727272727E-01,  1.0
 3.115557628225338E-01,-7.045454545454545E-01, -1.0
 2.461566366978706E-01,-7.515641805642066E-01,  1.0
 3.118181818181820E-01,-6.881818181818181E-01, -1.0
 2.518181818181819E-01,-6.499999999999999E-01,  1.0
 3.118181818181820E-01,-6.918181818181818E-01, -1.0
 2.721395067107490E-01,-6.336363636363636E-01,  1.0
 3.118181818181820E-01,-6.748393990152446E-01, -1.0
 2.518181818181819E-01,-6.172727272727272E-01,  1.0
 3.222448001156501E-01,-5.636015830198927E-01, -1.0
 2.718181818181820E-01,-6.209090909090910E-01,  1.0
 2.718181818181820E-01,-5.627272727272727E-01, -1.0
 2.718181818181820E-01,-5.245454545454545E-01,  1.0
 2.518181818181819E-01,-5.063636363636363E-01, -1.0
 2.918181818181820E-01,-5.083398548536414E-01,  1.0
 3.318181818181820E-01,-4.699999999999999E-01, -1.0
 2.918181818181820E-01,-4.918181818181817E-01,  1.0
 3.318181818181820E-01,-4.538851257886582E-01, -1.0
 2.607782585139653E-01,-4.354545454545454E-01,  1.0
 3.318181818181820E-01,-4.507543390696377E-01, -1.0
 2.918181818181820E-01,-3.604008649368019E-01,  1.0
 2.518181818181819E-01,-4.209090909090909E-01, -1.0
 2.918181818181820E-01,-3.627272727272727E-01,  1.0
 3.318181818181820E-01,-3.768987464595401E-01, -1.0
 2.918181818181820E-01,-3.544164566808213E-01,  1.0
 2.718181818181820E-01,-2.881818181818181E-01, -1.0
 3.118181818181820E-01,-3.300000000000000E-01,  1.0
 2.803354179381282E-01,-2.718181818181817E-01, -1.0
 3.118181818181820E-01,-2.136363636363635E-01,  1.0
 2.918181818181820E-01,-2.554545454545454E-01, -1.0
 2.918181818181820E-01,-2.258316375255964E-01,  1.0
 2.518181818181819E-01,-2.190909090909090E-01, -1.0
 2.718181818181820E-01,-1.613310827794830E-01,  1.0
 3.073000401895515E-01,-1.827272727272727E-01, -1.0
 2.718181818181820E-01,-1.245454545454544E-01,  1.0
 3.118181818181820E-01,-1.463636363636363E-01, -1.0
 2.718181818181820E-01,-1.203040686084584E-01,  1.0
 2.918181818181820E-01,-6.999999999999992E-02, -1.0
 2.518181818181819E-01,-1.118181818181817E-01,  1.0
 3.118181818181820E-01,-8.320376776301729E-02, -1.0
 2.718181818181820E-01,-3.545454545454536E-02,  1.0
 2.518181818181819E-01,-5.727272727272718E-02, -1.0
 2.510616403526328E-01, 1.171023597089545E-02,  1.0
 3.118181818181820E-01, 3.909090909090920E-02, -1.0
 2.718181818181820E-01,-2.727272727272616E-03,  1.0
 3.118181818181820E-01, 5.545454545454557E-02, -1.0
 2.318181818181819E-01, 1.363636363636375E-02,  1.0
 3.118181818181820E-01, 5.181818181818193E-02, -1.0
 2.718181818181820E-01, 1.300000000000001E-01,  1.0
 2.318181818181819E-01, 1.081818181818183E-01, -1.0
 2.718181818181820E-01, 1.463636363636365E-01,  1.0
 2.970832261019887E-01, 1.845454545454547E-01, -1.0
 2.722586201692828E-01, 1.627272727272729E-01,  1.0
 3.118181818181820E-01, 2.009090909090910E-01, -1.0
 2.918181818181820E-01, 2.390909090909092E-01,  1.0
 3.000947836771429E-01, 1.972727272727274E-01, -1.0
 2.918181818181820E-01, 2.554545454545456E-01,  1.0
 2.435918788617712E-01, 2.936363636363638E-01, -1.0
 2.918181818181820E-01, 2.518181818181819E-01,  1.0
 2.518181818181819E-01, 2.900000000000001E-01, -1.0
 2.918181818181820E-01, 3.081818181818183E-01,  1.0
 3.318181818181820E-01, 3.663636363636366E-01, -1.0
 2.318181818181819E-01, 3.769541513630330E-01,  1.0
 3.118181818181820E-01, 3.827272727272729E-01, -1.0
 2.318181818181819E-01, 3.809090909090911E-01,  1.0
 3.118181818181820E-01, 3.939549106364957E-01, -1.0
 2.592037221953535E-01, 4.172727272727274E-01,  1.0
 2.918181818181820E-01, 4.354545454545456E-01, -1.0
 2.518181818181819E-01, 4.874480743463885E-01,  1.0
 2.910144547498177E-01, 5.318181818181820E-01, -1.0
 2.679684131641710E-01, 4.900000000000002E-01,  1.0
 2.918181818181820E-01, 5.281818181818184E-01, -1.0
 2.518181818181819E-01, 5.063636363636366E-01,  1.0
 2.918181818181820E-01, 5.445454545454547E-01, -1.0
 2.523338851569284E-01, 5.665004150837101E-01,  1.0
 2.972871834858046E-01, 5.809090909090910E-01, -1.0
 3.180907045998903E-01, 5.944948061169032E-01,  1.0
 2.918181818181820E-01, 6.372727272727274E-01, -1.0
 2.718181818181820E-01, 6.805248120008838E-01,  1.0
 2.948124827587277E-01, 6.336363636363638E-01, -1.0
 2.718181818181820E-01, 6.918181818181820E-01,  1.0
 3.118181818181820E-01, 7.395237830664230E-01, -1.0
 2.815438185205329E-01, 6.881818181818183E-01,  1.0
 2.646391720151869E-01, 7.272578578919037E-01, -1.0
 2.585190398195102E-01, 7.845454545454548E-01,  1.0
 3.044625201274830E-01, 7.427272727272729E-01, -1.0
 2.718181818181820E-01, 7.809090909090911E-01,  1.0
 3.223950031926159E-01, 7.790909090909093E-01, -1.0
 2.918181818181820E-01, 8.309285770482203E-01,  1.0
 2.718181818181820E-01, 8.754545454545457E-01, -1.0
 2.518181818181819E-01, 9.136363636363639E-01,  1.0
 2.748611768960391E-01, 8.718181818181820E-01, -1.0
 2.409776995838511E-01, 9.500000000000003E-01,  1.0
 2.900000000000001E-01,-9.355125163618118E-01,  1.0
 3.057248855801249E-01,-8.918181818181818E-01, -1.0
 3.300000000000002E-01,-8.536363636363636E-01,  1.0
 2.689091821854747E-01,-8.554545454545455E-01, -1.0
 3.300000000000002E-01,-8.354344874965544E-01,  1.0
 2.900000000000001E-01,-8.390909090909091E-01, -1.0
 2.900000000000001E-01,-7.809090909090909E-01,  1.0
 3.300000000000002E-01,-7.427272727272727E-01, -1.0
 2.779458093616163E-01,-7.645454545454545E-01,  1.0
 3.300000000000002E-01,-7.287672632808935E-01, -1.0
 2.700000000000001E-01,-6.927196812124301E-01,  1.0
 3.100000000000002E-01,-6.899999999999999E-01, -1.0
 2.700000000000001E-01,-7.118181818181818E-01,  1.0
 3.226416524449526E-01,-6.736363636363636E-01, -1.0
 2.648881210061248E-01,-6.184223102620960E-01,  1.0
 3.478296803611386E-01,-6.308887400038017E-01, -1.0
 2.900000000000001E-01,-6.190909090909091E-01,  1.0
 3.300000000000002E-01,-5.809090909090909E-01, -1.0
 2.739516673038348E-01,-6.027272727272728E-01,  1.0
 3.300000000000002E-01,-5.645454545454546E-01, -1.0
 2.900000000000001E-01,-5.063636363636363E-01,  1.0
 3.500000000000002E-01,-4.746161501825540E-01, -1.0
 2.900000000000001E-01,-5.099999999999999E-01,  1.0
 3.500000000000002E-01,-4.699648106358405E-01, -1.0
 2.900000000000001E-01,-4.936363636363637E-01,  1.0
 3.500000000000002E-01,-4.675753914910209E-01, -1.0
 2.808717475136460E-01,-4.469383707211261E-01,  1.0
 2.500000000000001E-01,-4.064752233059072E-01, -1.0
 2.900000000000001E-01,-3.609090909090908E-01,  1.0
 3.262692740747178E-01,-4.027272727272727E-01, -1.0
 2.900000000000001E-01,-3.445454545454545E-01,  1.0
 3.100000000000002E-01,-3.863636363636364E-01, -1.0
 2.900000000000001E-01,-3.481818181818181E-01,  1.0
 2.900000000000001E-01,-2.699999999999999E-01, -1.0
 2.955226285532641E-01,-3.318181818181818E-01,  1.0
 2.856261850588501E-01,-2.536363636363635E-01, -1.0
 3.063147423492332E-01,-2.354545454545454E-01,  1.0
 3.500000000000002E-01,-1.772727272727272E-01, -1.0
 3.100000000000002E-01,-2.258209208528129E-01,  1.0
 2.900000000000001E-01,-2.009090909090908E-01, -1.0
 3.141885461772145E-01,-1.627272727272726E-01,  1.0
 2.942894763092211E-01,-1.845454545454545E-01, -1.0
 2.700000000000001E-01,-1.263636363636363E-01,  1.0
 3.300000000000002E-01,-8.818181818181811E-02, -1.0
 2.700000000000001E-01,-1.099999999999999E-01,  1.0
 3.100000000000002E-01,-7.874435483097236E-02, -1.0
 2.900000000000001E-01,-2.746412339399193E-02,  1.0
 3.100000000000002E-01,-7.545454545454536E-02, -1.0
 3.100000000000002E-01,-3.727272727272717E-02,  1.0
 3.100000000000002E-01, 2.090909090909102E-02, -1.0
 2.900000000000001E-01,-2.090909090909080E-02,  1.0
 3.100000000000002E-01, 4.899437841633189E-02, -1.0
 2.900000000000001E-01, 9.299801986280389E-02,  1.0
 3.100000000000002E-01, 5.363636363636375E-02, -1.0
 2.700000000000001E-01, 1.318181818181819E-01,  1.0
 3.100000000000002E-01, 9.000000000000012E-02, -1.0
 2.900000000000001E-01, 1.636734456674980E-01,  1.0
 3.172413458856481E-01, 1.173465403483070E-01, -1.0
 2.900000000000001E-01, 1.445454545454547E-01,  1.0
 3.100000000000002E-01, 1.827272727272729E-01, -1.0
 2.500000000000001E-01, 1.609090909090910E-01,  1.0
 2.996769686478373E-01, 1.858001265970085E-01, -1.0
 3.057336631966427E-01, 2.572727272727274E-01,  1.0
 3.300000000000002E-01, 2.184606291031859E-01, -1.0
 3.006727129973524E-01, 2.674698432344177E-01,  1.0
 2.500000000000001E-01, 2.918181818181820E-01, -1.0
 3.100000000000002E-01, 2.706477763176509E-01,  1.0
 3.500000000000002E-01, 3.481818181818184E-01, -1.0
 3.054172319965672E-01, 3.263636363636365E-01,  1.0
 3.121615194711015E-01, 3.645454545454547E-01, -1.0
 2.700000000000001E-01, 3.707527478029866E-01,  1.0
 3.100000000000002E-01, 3.820808497497302E-01, -1.0
 2.700000000000001E-01, 4.190909090909093E-01,  1.0
 3.205550029534143E-01, 3.984234565583050E-01, -1.0
 2.821152994771212E-01, 4.754545454545456E-01,  1.0
 3.100000000000002E-01, 4.190312104112877E-01, -1.0
 2.700000000000001E-01, 4.718181818181820E-01,  1.0
 2.828914513648546E-01, 5.300000000000002E-01, -1.0
 3.100000000000002E-01, 5.481818181818184E-01,  1.0
 2.900000000000001E-01, 5.263636363636366E-01, -1.0
 3.100000000000002E-01, 5.482893624374141E-01,  1.0
 3.120214232216783E-01, 6.194568495640381E-01, -1.0
 3.100000000000002E-01, 5.609090909090910E-01,  1.0
 3.095650923781614E-01, 6.190909090909092E-01, -1.0
 2.532385900282679E-01, 5.772727272727274E-01,  1.0
 2.900000000000001E-01, 6.354545454545456E-01, -1.0
 2.891483469382732E-01, 7.025506239344577E-01,  1.0
 2.986011904945391E-01, 6.381949476280171E-01, -1.0
 2.700000000000001E-01, 6.781941879384707E-01,  1.0
 3.100000000000002E-01, 7.373696404408282E-01, -1.0
 3.300000000000002E-01, 6.863636363636365E-01,  1.0
 3.224063069184108E-01, 7.445454545454547E-01, -1.0
 2.900000000000001E-01, 7.827272727272729E-01,  1.0
 3.072963863867688E-01, 7.641580032732782E-01, -1.0
 2.908107075584643E-01, 7.990909090909093E-01,  1.0
 2.600798451947606E-01, 8.372727272727275E-01, -1.0
 2.900000000000001E-01, 7.954545454545456E-01,  1.0
 3.214847113236679E-01, 8.539681059894738E-01, -1.0
 3.300000000000002E-01, 9.118181818181821E-01,  1.0
 3.101390690930649E-01, 8.700000000000002E-01, -1.0
 3.081818181818183E-01,-8.900000000000000E-01, -1.0
 3.281818181818184E-01,-9.318181818181819E-01,  1.0
 3.081818181818183E-01,-8.895889238256023E-01, -1.0
 3.271858256580298E-01,-8.536070024908456E-01,  1.0
 3.481818181818184E-01,-7.972727272727272E-01, -1.0
 3.081818181818183E-01,-7.990909090909091E-01,  1.0
 2.881818181818183E-01,-8.277303551726231E-01, -1.0
 2.994307055961171E-01,-7.827272727272727E-01,  1.0
 3.403108355750277E-01,-7.445454545454545E-01, -1.0
 2.681818181818183E-01,-7.585979842090648E-01,  1.0
 3.481818181818184E-01,-7.093038806756637E-01, -1.0
 2.881818181818183E-01,-7.100000000000000E-01,  1.0
 3.281818181818184E-01,-6.718181818181818E-01, -1.0
 2.881818181818183E-01,-6.999074812537935E-01,  1.0
 3.281818181818184E-01,-6.554545454545454E-01, -1.0
 2.764917867441054E-01,-6.172727272727272E-01,  1.0
 3.281818181818184E-01,-6.244930708384433E-01, -1.0
 2.681818181818183E-01,-6.127302089457378E-01,  1.0
 3.481818181818184E-01,-5.627272727272727E-01, -1.0
 2.881818181818183E-01,-5.245454545454545E-01,  1.0
 3.481818181818184E-01,-5.063636363636363E-01, -1.0
 2.881818181818183E-01,-5.081818181818182E-01,  1.0
 3.481818181818184E-01,-5.099999999999999E-01, -1.0
 2.881818181818183E-01,-4.918181818181817E-01,  1.0
 3.481818181818184E-01,-4.829448021350574E-01, -1.0
 2.889174964702188E-01,-4.354545454545454E-01,  1.0
 3.281818181818184E-01,-4.203390891851114E-01, -1.0
 2.881818181818183E-01,-3.790909090909090E-01,  1.0
 3.224296295578174E-01,-4.209090909090909E-01, -1.0
 3.681818181818184E-01,-3.465506028156585E-01,  1.0
 3.281818181818184E-01,-3.845454545454545E-01, -1.0
 2.898074907400203E-01,-3.463636363636363E-01,  1.0
 2.915400952122956E-01,-2.681818181818181E-01, -1.0
 2.944372532307105E-01,-3.300000000000000E-01,  1.0
 3.281818181818184E-01,-2.718181818181817E-01, -1.0
 3.047112746091782E-01,-3.136363636363636E-01,  1.0
 3.252547220272198E-01,-2.609158406156691E-01, -1.0
 3.020907487042169E-01,-2.172727272727272E-01,  1.0
 3.281818181818184E-01,-2.590909090909090E-01, -1.0
 3.115342189907384E-01,-2.051965625548462E-01,  1.0
 2.881818181818183E-01,-1.827272727272727E-01, -1.0
 3.281818181818184E-01,-1.645454545454545E-01,  1.0
 3.081818181818183E-01,-1.372381464477082E-01, -1.0
 2.681818181818183E-01,-1.118177733075903E-01,  1.0
 3.281818181818184E-01,-8.999999999999991E-02, -1.0
 3.081818181818183E-01,-3.181818181818172E-02,  1.0
 3.281818181818184E-01,-7.861425428697434E-02, -1.0
 3.252966355297305E-01,-3.168214413688354E-02,  1.0
 3.281818181818184E-01, 2.272727272727283E-02, -1.0
 2.881818181818183E-01,-3.909090909090899E-02,  1.0
 3.115195230536907E-01, 3.909090909090920E-02, -1.0
 2.681818181818183E-01, 3.727272727272738E-02,  1.0
 3.281818181818184E-01, 3.789266174848582E-02, -1.0
 3.481818181818184E-01, 7.363636363636375E-02,  1.0
 3.081818181818183E-01, 7.181818181818193E-02, -1.0
 3.481818181818184E-01, 9.000000000000012E-02,  1.0
 3.277488619992907E-01, 1.081818181818183E-01, -1.0
 2.881818181818183E-01, 1.463636363636365E-01,  1.0
 3.481818181818184E-01, 1.483425742839184E-01, -1.0
 3.148639078207341E-01, 2.027272727272729E-01,  1.0
 3.281818181818184E-01, 1.809090909090910E-01, -1.0
 3.081818181818183E-01, 2.390909090909092E-01,  1.0
 3.481818181818184E-01, 2.372727272727274E-01, -1.0
 3.010488366309347E-01, 2.554545454545456E-01,  1.0
 3.428504571207013E-01, 2.936363636363638E-01, -1.0
 3.081818181818183E-01, 2.718181818181820E-01,  1.0
 3.481818181818184E-01, 3.100000000000002E-01, -1.0
 2.881818181818183E-01, 3.081818181818183E-01,  1.0
 3.481818181818184E-01, 3.463636363636365E-01, -1.0
 2.728013918643948E-01, 3.553256234183733E-01,  1.0
 3.281818181818184E-01, 3.827272727272729E-01, -1.0
 3.681818181818184E-01, 4.313464736158433E-01,  1.0
 3.117101969950675E-01, 3.990909090909093E-01, -1.0
 3.681818181818184E-01, 4.435468100119669E-01,  1.0
 3.081818181818183E-01, 4.754545454545456E-01, -1.0
 3.481818181818184E-01, 4.536363636363638E-01,  1.0
 3.081818181818183E-01, 4.672047434540957E-01, -1.0
 3.081818181818183E-01, 5.100000000000002E-01,  1.0
 3.481818181818184E-01, 5.281818181818184E-01, -1.0
 3.281818181818184E-01, 5.463636363636366E-01,  1.0
 3.681818181818184E-01, 6.045454545454547E-01, -1.0
 3.281818181818184E-01, 5.627272727272729E-01,  1.0
 3.081818181818183E-01, 6.045974694605644E-01, -1.0
 3.365515004484658E-01, 5.590909090909092E-01,  1.0
 3.315747013459349E-01, 6.163421973775818E-01, -1.0
 3.281818181818184E-01, 6.932145304967161E-01,  1.0
 3.081818181818183E-01, 6.336363636363638E-01, -1.0
 2.881818181818183E-01, 6.923126036231597E-01,  1.0
 3.481818181818184E-01, 7.300000000000002E-01, -1.0
 3.001117460736807E-01, 6.849480188876599E-01,  1.0
 3.283398937432637E-01, 7.350989926408114E-01, -1.0
 3.281818181818184E-01, 7.845454545454548E-01,  1.0
 3.194108769243293E-01, 7.608476041191133E-01, -1.0
 3.364303974536472E-01, 8.009090909090911E-01,  1.0
 3.414713846441691E-01, 8.390909090909093E-01, -1.0
 2.881818181818183E-01, 8.124951772577099E-01,  1.0
 3.279645693080061E-01, 8.554545454545457E-01, -1.0
 2.782818414766888E-01, 9.136363636363639E-01,  1.0
 3.081818181818183E-01, 8.718181818181820E-01, -1.0
 3.113772068709713E-01, 9.276790255502777E-01,  1.0
 3.663636363636366E-01,-8.771296267833566E-01,  1.0
 3.063636363636365E-01,-8.837656960338193E-01, -1.0
 3.663636363636366E-01,-8.736363636363637E-01,  1.0
 3.597819643996044E-01,-8.030672439055515E-01, -1.0
 3.263636363636365E-01,-8.381956342445828E-01,  1.0
 3.732788756122773E-01,-7.790909090909091E-01, -1.0
 2.976168179501529E-01,-7.879166602537003E-01,  1.0
 3.612010548172659E-01,-7.943631755251510E-01, -1.0
 3.066834660847846E-01,-7.814000013435650E-01,  1.0
 3.263636363636365E-01,-7.263636363636363E-01, -1.0
 3.684055281756934E-01,-6.881818181818181E-01,  1.0
 3.239636900614067E-01,-7.100000000000000E-01, -1.0
 3.663636363636366E-01,-6.801782587283181E-01,  1.0
 3.142955671233585E-01,-6.736363636363636E-01, -1.0
 3.863636363636366E-01,-6.754545454545454E-01,  1.0
 3.463636363636365E-01,-6.372727272727272E-01, -1.0
 2.863636363636365E-01,-6.190909090909091E-01,  1.0
 3.463636363636365E-01,-5.609090909090909E-01, -1.0
 2.964949657948893E-01,-6.089624062245276E-01,  1.0
 3.463636363636365E-01,-5.645454545454546E-01, -1.0
 3.819444765800267E-01,-5.263636363636364E-01,  1.0
 3.663636363636366E-01,-4.981335213696986E-01, -1.0
 2.863636363636365E-01,-5.099999999999999E-01,  1.0
 3.663636363636366E-01,-4.918181818181817E-01, -1.0
 2.863636363636365E-01,-4.234064772997297E-01,  1.0
 3.395231123261081E-01,-4.733041504006082E-01, -1.0
 3.533925998114473E-01,-3.972727272727272E-01,  1.0
 3.263636363636365E-01,-4.390909090909091E-01, -1.0
 3.863636363636366E-01,-3.409090909090908E-01,  1.0
 3.172232084188174E-01,-4.027272727272727E-01, -1.0
 3.063636363636365E-01,-3.445454545454545E-01,  1.0
 3.463636363636365E-01,-3.063636363636363E-01, -1.0
 3.663636363636366E-01,-3.363008313073710E-01,  1.0
 3.063636363636365E-01,-2.699999999999999E-01, -1.0
 3.663636363636366E-01,-2.318181818181817E-01,  1.0
 3.263636363636365E-01,-2.652960349321823E-01, -1.0
 3.560360091613984E-01,-2.354545454545454E-01,  1.0
 3.147661749261456E-01,-2.572727272727272E-01, -1.0
 3.263636363636365E-01,-2.190909090909090E-01,  1.0
 3.063636363636365E-01,-1.890033916944715E-01, -1.0
 3.123578208745948E-01,-1.627272727272726E-01,  1.0
 3.463636363636365E-01,-1.812479963928842E-01, -1.0
 3.134196541744910E-01,-1.463636363636363E-01,  1.0
 3.379489415422433E-01,-8.818181818181811E-02, -1.0
 3.863636363636366E-01,-1.099999999999999E-01,  1.0
 3.106211404582500E-01,-7.181818181818173E-02, -1.0
 3.263636363636365E-01,-4.911326468611085E-02,  1.0
 3.263636363636365E-01,-7.287590479215342E-02, -1.0
 3.263636363636365E-01,-3.727272727272717E-02,  1.0
 3.463636363636365E-01,-5.909090909090899E-02, -1.0
 3.463636363636365E-01,-3.543859725353810E-02,  1.0
 3.223057100156442E-01, 3.727272727272739E-02, -1.0
 3.663636363636366E-01, 7.545454545454557E-02,  1.0
 3.233726588972002E-01, 3.790796218378082E-02, -1.0
 3.569609185945155E-01, 9.181818181818192E-02,  1.0
 3.263636363636365E-01, 1.100000000000001E-01, -1.0
 2.863636363636365E-01, 1.371068490752941E-01,  1.0
 3.539938447225614E-01, 1.463636363636365E-01, -1.0
 2.863636363636365E-01, 1.445454545454547E-01,  1.0
 3.463636363636365E-01, 1.627272727272729E-01, -1.0
 3.247561939958721E-01, 1.907784986862077E-01,  1.0
 3.463636363636365E-01, 2.278626048321431E-01, -1.0
 3.063636363636365E-01, 2.183059930973180E-01,  1.0
 3.463636363636365E-01, 2.290719341334912E-01, -1.0
 3.063636363636365E-01, 2.536363636363638E-01,  1.0
 3.538808861975552E-01, 3.118181818181820E-01, -1.0
 3.063636363636365E-01, 2.900000000000001E-01,  1.0
 3.453477653453078E-01, 3.461045430620955E-01, -1.0
 2.863636363636365E-01, 3.263636363636365E-01,  1.0
 3.263636363636365E-01, 3.645454545454547E-01, -1.0
 3.863636363636366E-01, 3.827272727272729E-01,  1.0
 3.263636363636365E-01, 4.009090909090911E-01, -1.0
 3.663636363636366E-01, 4.390909090909093E-01,  1.0
 3.654490709314702E-01, 4.070410035624687E-01, -1.0
 3.463636363636365E-01, 4.354545454545456E-01,  1.0
 3.263636363636365E-01, 4.577166721154915E-01, -1.0
 3.263636363636365E-01, 4.918181818181819E-01,  1.0
 3.393067270895198E-01, 4.900000000000002E-01, -1.0
 3.305150069442113E-01, 5.293664943276646E-01,  1.0
 3.463636363636365E-01, 5.104768966375878E-01, -1.0
 3.263636363636365E-01, 5.645454545454547E-01,  1.0
 3.292417429021638E-01, 6.027272727272729E-01, -1.0
 3.263636363636365E-01, 5.609090909090910E-01,  1.0
 3.263636363636365E-01, 6.190909090909092E-01, -1.0
 3.263636363636365E-01, 6.772727272727275E-01,  1.0
 3.295358401921692E-01, 6.154545454545456E-01, -1.0
 3.463636363636365E-01, 6.736363636363638E-01,  1.0
 3.663636363636366E-01, 7.318181818181820E-01, -1.0
 3.284209863007669E-01, 6.762522614057216E-01,  1.0
 3.663636363636366E-01, 7.281818181818184E-01, -1.0
 3.110320723054422E-01, 6.863636363636365E-01,  1.0
 3.526225940587966E-01, 7.245454545454547E-01, -1.0
 3.463636363636365E-01, 7.687434171324153E-01,  1.0
 3.193731487393573E-01, 7.409090909090911E-01, -1.0
 3.360697355404398E-01, 8.011458930074433E-01,  1.0
 3.463636363636365E-01, 8.572727272727275E-01, -1.0
 3.401581550418999E-01, 8.154545454545457E-01,  1.0
 3.463636363636365E-01, 8.536363636363639E-01, -1.0
 3.463636363636365E-01, 9.118181818181821E-01,  1.0
 3.663636363636366E-01, 9.060799779273602E-01, -1.0
 3.545031000831835E-01,-9.092154702000050E-01, -1.0
 3.845454545454547E-01,-8.718181818181818E-01,  1.0
 3.195691311362990E-01,-8.936363636363637E-01, -1.0
 3.845454545454547E-01,-8.575983098900690E-01,  1.0
 3.645454545454547E-01,-7.772727272727272E-01, -1.0
 3.845454545454547E-01,-8.590909090909091E-01,  1.0
 3.650394072977254E-01,-7.960870905517210E-01, -1.0
 3.045454545454547E-01,-8.027272727272727E-01,  1.0
 3.445454545454547E-01,-7.445454545454545E-01, -1.0
 3.845454545454547E-01,-7.263636363636363E-01,  1.0
 3.445454545454547E-01,-7.281818181818182E-01, -1.0
 3.845454545454547E-01,-6.899999999999999E-01,  1.0
 3.245454545454547E-01,-6.918181818181818E-01, -1.0
 3.793827178919188E-01,-6.736363636363636E-01,  1.0
 3.380616842342399E-01,-6.354545454545454E-01, -1.0
 3.845454545454547E-01,-6.172727272727272E-01,  1.0
 3.645454545454547E-01,-5.790909090909091E-01, -1.0
 3.863833022305717E-01,-6.178243019057412E-01,  1.0
 3.503272256261878E-01,-5.627272727272727E-01, -1.0
 3.845454545454547E-01,-5.434761896878439E-01,  1.0
 3.645454545454547E-01,-5.663636363636364E-01, -1.0
 3.728963848747779E-01,-5.372548857624766E-01,  1.0
 3.748159077833387E-01,-4.949986697767307E-01, -1.0
 3.253909518659122E-01,-4.318181818181817E-01,  1.0
 3.580470900932834E-01,-4.936363636363637E-01, -1.0
 3.645454545454547E-01,-3.954545454545454E-01,  1.0
 3.645454545454547E-01,-4.572727272727273E-01, -1.0
 3.645454545454547E-01,-3.790909090909090E-01,  1.0
 3.295700187506024E-01,-4.102323312952480E-01, -1.0
 3.845454545454547E-01,-3.627272727272727E-01,  1.0
 3.245454545454547E-01,-3.645454545454545E-01, -1.0
 3.845454545454547E-01,-3.463636363636363E-01,  1.0
 3.245454545454547E-01,-2.681818181818181E-01, -1.0
 3.645454545454547E-01,-3.300000000000000E-01,  1.0
 3.245454545454547E-01,-2.731493835748834E-01, -1.0
 3.845454545454547E-01,-2.620854702734971E-01,  1.0
 3.445454545454547E-01,-2.735206135375088E-01, -1.0
 3.748494626085268E-01,-2.172727272727272E-01,  1.0
 3.445454545454547E-01,-2.590909090909090E-01, -1.0
 3.284769452623684E-01,-2.009090909090908E-01,  1.0
 3.645454545454547E-01,-1.627272727272726E-01, -1.0
 4.045454545454548E-01,-1.337794789473264E-01,  1.0
 3.474575518079466E-01,-1.615785522261021E-01, -1.0
 3.245454545454547E-01,-1.481818181818181E-01,  1.0
 3.245454545454547E-01,-6.999999999999992E-02, -1.0
 3.845454545454547E-01,-1.118181818181817E-01,  1.0
 3.445454545454547E-01,-7.363636363636354E-02, -1.0
 3.087985177760395E-01,-4.996075081554593E-02,  1.0
 3.445454545454547E-01,-5.488975532826892E-02, -1.0
 3.205724266985701E-01,-2.906375058054607E-02,  1.0
 3.245454545454547E-01, 3.909090909090920E-02, -1.0
 3.845454545454547E-01, 3.727272727272738E-02,  1.0
 3.280276631443447E-01, 3.545454545454556E-02, -1.0
 3.845454545454547E-01, 9.363636363636374E-02,  1.0
 3.245454545454547E-01, 5.181818181818193E-02, -1.0
 4.045454545454548E-01, 1.162436624811653E-01,  1.0
 3.445454545454547E-01, 1.481818181818183E-01, -1.0
 3.834769727507026E-01, 1.063636363636365E-01,  1.0
 3.445454545454547E-01, 1.645454545454547E-01, -1.0
 4.045454545454548E-01, 1.427272727272728E-01,  1.0
 3.445454545454547E-01, 2.209090909090911E-01, -1.0
 3.245454545454547E-01, 2.190909090909092E-01,  1.0
 3.580877421035228E-01, 2.180028191415799E-01, -1.0
 4.045454545454548E-01, 2.579519915087983E-01,  1.0
 3.423356370208769E-01, 2.336363636363638E-01, -1.0
 3.645454545454547E-01, 2.518181818181819E-01,  1.0
 3.645454545454547E-01, 3.300000000000002E-01, -1.0
 3.045454545454547E-01, 3.042193399051691E-01,  1.0
 3.645454545454547E-01, 3.263636363636365E-01, -1.0
 3.045454545454547E-01, 3.045454545454547E-01,  1.0
 3.445454545454547E-01, 3.460868659005544E-01, -1.0
 3.845454545454547E-01, 3.842383959350279E-01,  1.0
 3.445454545454547E-01, 3.833476446349521E-01, -1.0
 3.645454545454547E-01, 4.372727272727274E-01,  1.0
 3.749095253822168E-01, 3.954545454545456E-01, -1.0
 4.045454545454548E-01, 4.536363636363638E-01,  1.0
 3.445454545454547E-01, 4.718181818181820E-01, -1.0
 4.022906289535353E-01, 4.704058404277738E-01,  1.0
 3.564072986210064E-01, 5.027859669447254E-01, -1.0
 4.045454545454548E-01, 5.463636363636366E-01,  1.0
 3.645454545454547E-01, 5.845454545454547E-01, -1.0
 3.175613829365863E-01, 5.513719261445613E-01,  1.0
 3.445454545454547E-01, 6.009090909090911E-01, -1.0
 3.045454545454547E-01, 5.864607138559418E-01,  1.0
 3.445454545454547E-01, 6.172727272727274E-01, -1.0
 3.445454545454547E-01, 6.754545454545456E-01,  1.0
 3.845454545454547E-01, 6.899339888108983E-01, -1.0
 3.154750183864938E-01, 6.918181818181820E-01,  1.0
 4.045454545454548E-01, 7.042315424567739E-01, -1.0
 3.645454545454547E-01, 7.281818181818184E-01,  1.0
 3.521406418786822E-01, 7.263636363636365E-01, -1.0
 3.645454545454547E-01, 7.645454545454548E-01,  1.0
 3.845454545454547E-01, 7.235578624495329E-01, -1.0
 3.245454545454547E-01, 8.009090909090911E-01,  1.0
 3.845454545454547E-01, 8.190909090909093E-01, -1.0
 3.287013466184975E-01, 8.172727272727275E-01,  1.0
 3.645454545454547E-01, 8.588712132862036E-01, -1.0
 3.045454545454547E-01, 8.136363636363638E-01,  1.0
 3.645454545454547E-01, 8.518181818181820E-01, -1.0
 3.445454545454547E-01, 9.300000000000003E-01,  1.0
 3.827272727272729E-01,-9.100000000000000E-01,  1.0
 3.427272727272729E-01,-9.118181818181819E-01, -1.0
 3.795243194428642E-01,-8.731996690745667E-01,  1.0
 3.627272727272729E-01,-7.954545454545454E-01, -1.0
 3.836308198435543E-01,-8.572727272727273E-01,  1.0
 3.627272727272729E-01,-7.790909090909091E-01, -1.0
 4.027272727272729E-01,-8.103228930631603E-01,  1.0
 3.663455988399398E-01,-7.827272727272727E-01, -1.0
 3.885414854970462E-01,-7.445454545454545E-01,  1.0
 3.545851354350817E-01,-7.663636363636364E-01, -1.0
 3.827272727272729E-01,-6.881818181818181E-01,  1.0
 4.227272727272730E-01,-6.499999999999999E-01, -1.0
 3.827272727272729E-01,-6.918181818181818E-01,  1.0
 4.227272727272730E-01,-6.428312599347331E-01, -1.0
 3.827272727272729E-01,-6.354545454545454E-01,  1.0
 3.427272727272729E-01,-6.168643979375436E-01, -1.0
 3.827272727272729E-01,-6.190909090909091E-01,  1.0
 3.601972933195894E-01,-5.609090909090909E-01, -1.0
 4.027272727272729E-01,-5.427272727272727E-01,  1.0
 3.627272727272729E-01,-5.645454545454546E-01, -1.0
 3.427272727272729E-01,-5.277674226848917E-01,  1.0
 3.675609077899079E-01,-5.081818181818182E-01, -1.0
 4.227272727272730E-01,-5.171564592833395E-01,  1.0
 3.627272727272729E-01,-4.918181818181817E-01, -1.0
 3.519356923785824E-01,-4.136363636363636E-01,  1.0
 3.839848095420189E-01,-4.754545454545455E-01, -1.0
 3.352611350162625E-01,-3.972727272727272E-01,  1.0
 4.027272727272729E-01,-4.590909090909091E-01, -1.0
 3.627272727272729E-01,-3.809090909090909E-01,  1.0
 3.227272727272729E-01,-4.158863305129378E-01, -1.0
 4.012801670536108E-01,-3.566268974997518E-01,  1.0
 3.517983707483357E-01,-3.078397368588577E-01, -1.0
 3.827272727272729E-01,-3.142590764529440E-01,  1.0
 3.572733993660462E-01,-2.699999999999999E-01, -1.0
 3.825671277007675E-01,-3.318181818181818E-01,  1.0
 3.627272727272729E-01,-2.736363636363636E-01, -1.0
 3.827272727272729E-01,-2.671336104670135E-01,  1.0
 3.627272727272729E-01,-1.772727272727272E-01, -1.0
 4.086391524724278E-01,-2.012664906542904E-01,  1.0
 3.627272727272729E-01,-1.809090909090908E-01, -1.0
 4.227272727272730E-01,-2.022657243097491E-01,  1.0
 3.627272727272729E-01,-1.725750416716952E-01, -1.0
 4.027272727272729E-01,-1.215648056298047E-01,  1.0
 3.427272727272729E-01,-8.818181818181811E-02, -1.0
 3.827272727272729E-01,-1.201709196462860E-01,  1.0
 3.627272727272729E-01,-7.181818181818173E-02, -1.0
 4.227272727272730E-01,-3.363636363636354E-02,  1.0
 3.627272727272729E-01,-7.032893039428444E-02, -1.0
 4.027272727272729E-01,-3.988910167197957E-02,  1.0
 3.632418029830890E-01, 1.319044912008638E-02, -1.0
 3.627272727272729E-01,-9.090909090908005E-04,  1.0
 3.601491616819376E-01, 6.494730187225200E-03, -1.0
 4.005291503637592E-01, 5.754600820237755E-02,  1.0
 3.713732679660270E-01, 4.892737725592922E-02, -1.0
 4.027272727272729E-01, 9.181818181818192E-02,  1.0
 3.427272727272729E-01, 1.300000000000001E-01, -1.0
 4.027272727272729E-01, 1.081818181818183E-01,  1.0
 3.427272727272729E-01, 1.599923888607990E-01, -1.0
 4.027272727272729E-01, 1.045454545454547E-01,  1.0
 3.627272727272729E-01, 2.027272727272729E-01, -1.0
 4.027272727272729E-01, 1.609090909090910E-01,  1.0
 3.427272727272729E-01, 2.190909090909092E-01, -1.0
 4.227272727272730E-01, 2.572727272727274E-01,  1.0
 3.627272727272729E-01, 2.754545454545456E-01, -1.0
 4.027272727272729E-01, 2.536363636363638E-01,  1.0
 3.663150561788704E-01, 2.913803226375451E-01, -1.0
 4.227272727272730E-01, 2.700000000000001E-01,  1.0
 3.627272727272729E-01, 3.281818181818184E-01, -1.0
 4.227272727272730E-01, 3.863636363636366E-01,  1.0
 3.636473285145966E-01, 3.445454545454547E-01, -1.0
 4.027272727272729E-01, 3.827272727272729E-01,  1.0
 3.627272727272729E-01, 3.951559532729148E-01, -1.0
 3.536114611442595E-01, 4.390909090909093E-01,  1.0
 3.578643949930354E-01, 4.014872271955363E-01, -1.0
 4.227272727272730E-01, 4.354545454545456E-01,  1.0
 3.427272727272729E-01, 4.736363636363638E-01, -1.0
 4.027272727272729E-01, 4.718181818181820E-01,  1.0
 4.027272727272729E-01, 5.100000000000002E-01, -1.0
 4.018319242650947E-01, 5.281818181818184E-01,  1.0
 3.745681094014301E-01, 5.063636363636366E-01, -1.0
 4.027272727272729E-01, 5.445454545454547E-01,  1.0
 3.526323435870912E-01, 6.027272727272729E-01, -1.0
 4.227272727272730E-01, 6.114229409695283E-01,  1.0
 3.427272727272729E-01, 6.128264468740687E-01, -1.0
 4.027272727272729E-01, 6.178127795211484E-01,  1.0
 3.427272727272729E-01, 6.154545454545456E-01, -1.0
 3.427272727272729E-01, 6.736363636363638E-01,  1.0
 4.027272727272729E-01, 6.918181818181820E-01, -1.0
 3.627272727272729E-01, 7.100000000000002E-01,  1.0
 3.827272727272729E-01, 6.970108556195215E-01, -1.0
 3.627272727272729E-01, 7.663636363636366E-01,  1.0
 4.227272727272730E-01, 7.099569306575134E-01, -1.0
 3.454863474901056E-01, 7.827272727272729E-01,  1.0
 3.873231779104556E-01, 8.147685570177708E-01, -1.0
 3.431376906709251E-01, 7.990909090909093E-01,  1.0
 3.827272727272729E-01, 8.372727272727275E-01, -1.0
 4.227272727272730E-01, 8.954545454545457E-01,  1.0
 3.709918354337982E-01, 8.536363636363639E-01, -1.0
 4.227272727272730E-01, 8.809293330102315E-01,  1.0
 3.627272727272729E-01, 8.900000000000002E-01, -1.0
 3.409090909090911E-01,-9.272730300892637E-01, -1.0
 4.009090909090911E-01,-8.918181818181818E-01,  1.0
 4.409090909090911E-01,-8.439468783007554E-01, -1.0
 3.703049627218014E-01,-8.554545454545455E-01,  1.0
 3.609090909090911E-01,-7.972727272727272E-01, -1.0
 3.837702497090095E-01,-8.390909090909091E-01,  1.0
 3.609090909090911E-01,-7.809090909090909E-01, -1.0
 4.009090909090911E-01,-7.227272727272727E-01,  1.0
 4.209090909090911E-01,-7.645454545454545E-01, -1.0
 3.809090909090911E-01,-7.029837923122324E-01,  1.0
 4.192635779529238E-01,-7.509845603200166E-01, -1.0
 3.809090909090911E-01,-6.899999999999999E-01,  1.0
 4.409090909090911E-01,-6.518181818181817E-01, -1.0
 3.906121836063953E-01,-6.884335204104931E-01,  1.0
 4.409090909090911E-01,-6.354545454545454E-01, -1.0
 3.695699443607057E-01,-6.359787542420547E-01,  1.0
 3.751708883515340E-01,-5.637800747852233E-01, -1.0
 4.001333089912930E-01,-6.209090909090910E-01,  1.0
 3.609090909090911E-01,-5.724886718976483E-01, -1.0
 3.679053470953237E-01,-5.445454545454546E-01,  1.0
 4.009090909090911E-01,-5.463636363636364E-01, -1.0
 4.228921670436884E-01,-5.511596232399256E-01,  1.0
 3.809090909090911E-01,-4.899999999999999E-01, -1.0
 3.721391258055935E-01,-4.318181818181817E-01,  1.0
 4.009090909090911E-01,-4.752014336942042E-01, -1.0
 3.656344406499449E-01,-4.354545454545454E-01,  1.0
 4.065535834599646E-01,-4.483511873269399E-01, -1.0
 3.888125139145179E-01,-3.649703131573241E-01,  1.0
 4.142147448475263E-01,-4.409090909090909E-01, -1.0
 4.009090909090911E-01,-3.567609994622436E-01,  1.0
 4.009090909090911E-01,-3.245454545454545E-01, -1.0
 3.809090909090911E-01,-3.463636363636363E-01,  1.0
 3.409090909090911E-01,-3.081818181818181E-01, -1.0
 3.809090909090911E-01,-3.099999999999999E-01,  1.0
 4.209090909090911E-01,-2.918181818181818E-01, -1.0
 3.809090909090911E-01,-2.736363636363636E-01,  1.0
 3.609090909090911E-01,-2.523890287053849E-01, -1.0
 4.209090909090911E-01,-1.972727272727272E-01,  1.0
 3.609090909090911E-01,-1.790909090909090E-01, -1.0
 4.209090909090911E-01,-1.809090909090908E-01,  1.0
 3.609090909090911E-01,-1.827272727272727E-01, -1.0
 3.947820651570340E-01,-1.245454545454544E-01,  1.0
 3.846809585649428E-01,-1.663636363636363E-01, -1.0
 3.975767017452106E-01,-1.081818181818181E-01,  1.0
 3.609090909090911E-01,-8.999999999999991E-02, -1.0
 4.009090909090911E-01,-1.087866507998958E-01,  1.0
 3.609090909090911E-01,-5.363636363636354E-02, -1.0
 4.209090909090911E-01,-4.032891823332901E-02,  1.0
 3.609090909090911E-01, 2.727272727272832E-03, -1.0
 4.042409271343835E-01,-3.909090909090899E-02,  1.0
 3.809090909090911E-01, 1.576683044778480E-02, -1.0
 3.809090909090911E-01, 3.727272727272739E-02,  1.0
 3.609090909090911E-01, 5.312588916474142E-02, -1.0
 4.053688842797070E-01, 9.363636363636374E-02,  1.0
 3.609090909090911E-01, 7.181818181818193E-02, -1.0
 4.409090909090911E-01, 1.100000000000001E-01,  1.0
 3.609090909090911E-01, 1.481818181818183E-01, -1.0
 4.209090909090911E-01, 1.093552144051544E-01,  1.0
 3.690430534858100E-01, 1.868766778455610E-01, -1.0
 4.209090909090911E-01, 1.427272727272728E-01,  1.0
 3.609090909090911E-01, 2.209090909090911E-01, -1.0
 4.209090909090911E-01, 2.390909090909092E-01,  1.0
 3.609090909090911E-01, 2.017506639921344E-01, -1.0
 4.209090909090911E-01, 2.554545454545456E-01,  1.0
 3.430693365057668E-01, 2.805914978947873E-01, -1.0
 4.142444976339945E-01, 2.518181818181819E-01,  1.0
 3.617012800252426E-01, 3.300000000000002E-01, -1.0
 4.409090909090911E-01, 3.081818181818183E-01,  1.0
 3.609090909090911E-01, 3.263636363636365E-01, -1.0
 4.295033493296225E-01, 4.045454545454548E-01,  1.0
 3.609090909090911E-01, 3.427272727272729E-01, -1.0
 4.209090909090911E-01, 4.409090909090911E-01,  1.0
 3.756912367541288E-01, 3.790909090909093E-01, -1.0
 4.209090909090911E-01, 4.372727272727274E-01,  1.0
 3.809090909090911E-01, 3.954545454545456E-01, -1.0
 4.137903993223451E-01, 4.336363636363638E-01,  1.0
 4.409090909090911E-01, 5.118181818181819E-01, -1.0
 4.009090909090911E-01, 4.500000000000002E-01,  1.0
 3.609090909090911E-01, 5.089732557760701E-01, -1.0
 4.129942954765451E-01, 5.463636363636366E-01,  1.0
 3.809090909090911E-01, 5.645454545454547E-01, -1.0
 4.209090909090911E-01, 5.627272727272729E-01,  1.0
 3.609090909090911E-01, 6.009090909090911E-01, -1.0
 4.009090909090911E-01, 5.990909090909092E-01,  1.0
 4.009090909090911E-01, 6.772727272727275E-01, -1.0
 4.317479806750568E-01, 6.154545454545456E-01,  1.0
 3.937777245993179E-01, 6.936363636363638E-01, -1.0
 3.409090909090911E-01, 6.918181818181820E-01,  1.0
 4.209090909090911E-01, 7.183018162101816E-01, -1.0
 3.609090909090911E-01, 7.481818181818184E-01,  1.0
 4.209090909090911E-01, 7.263636363636365E-01, -1.0
 3.609090909090911E-01, 7.645454545454548E-01,  1.0
 4.026933747640813E-01, 8.027272727272730E-01, -1.0
 3.609090909090911E-01, 7.609090909090911E-01,  1.0
 3.809090909090911E-01, 8.190909090909093E-01, -1.0
 4.209090909090911E-01, 8.546954369227663E-01,  1.0
 3.809090909090911E-01, 8.430559308940642E-01, -1.0
 4.209090909090911E-01, 8.736363636363639E-01,  1.0
 3.809090909090911E-01, 8.718181818181820E-01, -1.0
 4.326627046777687E-01, 9.014079799137745E-01,  1.0
 3.990909090909093E-01,-9.023283291988403E-01,  1.0
 4.390909090909093E-01,-8.518181818181818E-01, -1.0
 3.942549477826591E-01,-9.001318285163646E-01,  1.0
 4.590909090909093E-01,-8.464892153459219E-01, -1.0
 4.142653475295982E-01,-8.172727272727273E-01,  1.0
 3.790909090909093E-01,-7.790129815662853E-01, -1.0
 3.990909090909093E-01,-8.009090909090909E-01,  1.0
 4.390909090909093E-01,-7.586741683444367E-01, -1.0
 4.153695477296732E-01,-7.942850996441886E-01,  1.0
 4.190909090909093E-01,-7.463636363636363E-01, -1.0
 3.790909090909093E-01,-7.081818181818181E-01,  1.0
 4.351436566121221E-01,-7.500000000000000E-01, -1.0
 3.790909090909093E-01,-6.918181818181818E-01,  1.0
 4.390909090909093E-01,-6.390515503475009E-01, -1.0
 3.790909090909093E-01,-6.354545454545454E-01,  1.0
 4.419932369754870E-01,-6.414956692913806E-01, -1.0
 3.893984385793545E-01,-6.187380874910111E-01,  1.0
 3.790909090909093E-01,-5.609090909090909E-01, -1.0
 4.323224056178289E-01,-5.827272727272728E-01,  1.0
 3.790909090909093E-01,-5.645454545454546E-01, -1.0
 3.790909090909093E-01,-5.463636363636364E-01,  1.0
 3.790909090909093E-01,-5.081818181818182E-01, -1.0
 4.190909090909093E-01,-5.099999999999999E-01,  1.0
 3.990909090909093E-01,-4.718181818181817E-01, -1.0
 4.590909090909093E-01,-4.136363636363636E-01,  1.0
 4.190909090909093E-01,-4.554545454545454E-01, -1.0
 3.790909090909093E-01,-3.772727272727272E-01,  1.0
 3.990909090909093E-01,-4.390909090909091E-01, -1.0
 4.015698710224672E-01,-3.609090909090908E-01,  1.0
 4.051385652307420E-01,-4.227272727272727E-01, -1.0
 4.031594774780554E-01,-3.445454545454545E-01,  1.0
 4.190909090909093E-01,-3.263636363636363E-01, -1.0
 3.990909090909093E-01,-3.481818181818181E-01,  1.0
 4.190909090909093E-01,-3.066852078290713E-01, -1.0
 3.990909090909093E-01,-2.918181818181818E-01,  1.0
 4.352079815562095E-01,-2.736363636363636E-01, -1.0
 4.190909090909093E-01,-2.138543282990192E-01,  1.0
 3.590909090909092E-01,-1.972727272727272E-01, -1.0
 4.135070965960286E-01,-2.078969471267767E-01,  1.0
 3.590909090909092E-01,-1.938210785760049E-01, -1.0
 4.281086981230869E-01,-2.175595535094131E-01,  1.0
 3.738263785445261E-01,-1.658426224434065E-01, -1.0
 3.990909090909093E-01,-1.174940016345082E-01,  1.0
 4.190909090909093E-01,-1.281818181818181E-01, -1.0
 3.990909090909093E-01,-1.247103430295841E-01,  1.0
 4.190909090909093E-01,-7.181818181818173E-02, -1.0
 4.145862724909319E-01,-1.136363636363635E-01,  1.0
 3.790909090909093E-01,-1.545454545454535E-02, -1.0
 4.190909090909093E-01,-3.727272727272717E-02,  1.0
 3.790909090909093E-01, 9.090909090910138E-04, -1.0
 4.390909090909093E-01, 3.909090909090920E-02,  1.0
 3.790909090909093E-01, 1.126240746951227E-02, -1.0
 4.390909090909093E-01, 5.545454545454557E-02,  1.0
 3.790909090909093E-01, 5.363636363636375E-02, -1.0
 4.190909090909093E-01, 7.299490098248963E-02,  1.0
 3.590909090909092E-01, 1.350451726550490E-01, -1.0
 4.390909090909093E-01, 1.681818181818183E-01,  1.0
 3.790909090909093E-01, 1.463636363636365E-01, -1.0
 4.390909090909093E-01, 1.330388004554538E-01,  1.0
 3.590909090909092E-01, 2.027272727272729E-01, -1.0
 4.590909090909093E-01, 1.809090909090910E-01,  1.0
 3.590909090909092E-01, 1.887063286235796E-01, -1.0
 4.565651594342343E-01, 2.572727272727274E-01,  1.0
 4.116101639428664E-01, 2.154545454545456E-01, -1.0
 4.190909090909093E-01, 2.536363636363638E-01,  1.0
 3.610143660932623E-01, 3.152479034033245E-01, -1.0
 4.590909090909093E-01, 2.900000000000001E-01,  1.0
 3.812672329292775E-01, 3.102657203877996E-01, -1.0
 4.590909090909093E-01, 3.063636363636365E-01,  1.0
 3.990909090909093E-01, 3.357675567857097E-01, -1.0
 4.154287637848710E-01, 4.027272727272729E-01,  1.0
 3.590909090909092E-01, 3.869365120444134E-01, -1.0
 4.390909090909093E-01, 4.280145059640429E-01,  1.0
 3.790909090909093E-01, 3.972727272727274E-01, -1.0
 4.390909090909093E-01, 4.424013262666441E-01,  1.0
 3.590909090909092E-01, 4.940544257642775E-01, -1.0
 4.190909090909093E-01, 4.518181818181820E-01,  1.0
 3.858791481354603E-01, 5.100000000000002E-01, -1.0
 4.190909090909093E-01, 5.281818181818184E-01,  1.0
 3.990909090909093E-01, 5.063636363636366E-01, -1.0
 4.190909090909093E-01, 5.445454545454547E-01,  1.0
 3.620878619929369E-01, 5.827272727272729E-01, -1.0
 4.248711228624149E-01, 5.409090909090910E-01,  1.0
 3.764540864134744E-01, 6.590909090909093E-01, -1.0
 4.190909090909093E-01, 6.172727272727274E-01,  1.0
 3.990909090909093E-01, 6.796747879776338E-01, -1.0
 4.390909090909093E-01, 6.336363636363638E-01,  1.0
 4.190909090909093E-01, 7.118181818181820E-01, -1.0
 4.310611960737478E-01, 6.515042505201021E-01,  1.0
 4.190909090909093E-01, 7.281818181818184E-01, -1.0
 3.790909090909093E-01, 7.463636363636366E-01,  1.0
 4.390909090909093E-01, 7.554872374938513E-01, -1.0
 3.790909090909093E-01, 7.627272727272729E-01,  1.0
 4.390909090909093E-01, 7.409090909090911E-01, -1.0
 3.627265234142851E-01, 7.790909090909093E-01,  1.0
 4.265551847901221E-01, 7.772727272727274E-01, -1.0
 4.390909090909093E-01, 8.856950212526958E-01,  1.0
 3.790909090909093E-01, 8.536363636363639E-01, -1.0
 4.388733821145204E-01, 8.718181818181820E-01,  1.0
 3.790909090909093E-01, 8.700000000000002E-01, -1.0
 4.372727272727274E-01,-8.500000000000000E-01, -1.0
 3.946426424656136E-01,-8.918181818181818E-01,  1.0
 4.372727272727274E-01,-8.536363636363636E-01, -1.0
 3.972727272727274E-01,-8.122885385621913E-01,  1.0
 4.572727272727274E-01,-8.372727272727273E-01, -1.0
 4.172727272727274E-01,-8.190909090909091E-01,  1.0
 4.435110777601415E-01,-7.644914892761084E-01, -1.0
 4.172727272727274E-01,-8.027272727272727E-01,  1.0
 4.341174231447709E-01,-7.645454545454545E-01, -1.0
 4.348625930547952E-01,-7.063636363636363E-01,  1.0
 4.172727272727274E-01,-7.481818181818182E-01, -1.0
 3.972727272727274E-01,-6.899999999999999E-01,  1.0
 4.372727272727274E-01,-6.518181818181817E-01, -1.0
 3.972727272727274E-01,-6.936363636363636E-01,  1.0
 4.372727272727274E-01,-6.322007346439882E-01, -1.0
 3.772727272727274E-01,-6.197957113845110E-01,  1.0
 4.372727272727274E-01,-6.390909090909092E-01, -1.0
 4.372727272727274E-01,-5.809090909090909E-01,  1.0
 3.972727272727274E-01,-5.827028867569926E-01, -1.0
 4.372727272727274E-01,-5.640777790916265E-01,  1.0
 3.972727272727274E-01,-5.263636363636364E-01, -1.0
 4.372727272727274E-01,-5.281818181818182E-01,  1.0
 4.172727272727274E-01,-4.899999999999999E-01, -1.0
 4.622383039254794E-01,-4.624226181360758E-01,  1.0
 4.172727272727274E-01,-4.736363636363636E-01, -1.0
 4.572727272727274E-01,-4.354545454545454E-01,  1.0
 4.172727272727274E-01,-4.572727272727273E-01, -1.0
 4.172727272727274E-01,-3.790909090909090E-01,  1.0
 4.630273215419138E-01,-4.093650072630626E-01, -1.0
 4.172727272727274E-01,-3.534797603749562E-01,  1.0
 4.572727272727274E-01,-3.045454545454545E-01, -1.0
 4.003958510225584E-01,-3.463636363636363E-01,  1.0
 4.372727272727274E-01,-2.881818181818181E-01, -1.0
 4.282603782645979E-01,-3.332656650905433E-01,  1.0
 4.372727272727274E-01,-2.773514444795842E-01, -1.0
 4.572727272727274E-01,-2.696869936164958E-01,  1.0
 3.972727272727274E-01,-2.554545454545454E-01, -1.0
 4.172727272727274E-01,-2.172727272727272E-01,  1.0
 4.372727272727274E-01,-1.590909090909090E-01, -1.0
 4.172727272727274E-01,-2.009090909090908E-01,  1.0
 4.421669365359901E-01,-1.627272727272726E-01, -1.0
 4.172727272727274E-01,-2.024956141898102E-01,  1.0
 4.372727272727274E-01,-1.463636363636363E-01, -1.0
 3.972727272727274E-01,-1.081818181818181E-01,  1.0
 4.372727272727274E-01,-8.999999999999991E-02, -1.0
 4.172727272727274E-01,-4.927876723201376E-02,  1.0
 4.372727272727274E-01,-7.363636363636354E-02, -1.0
 4.053326446714466E-01,-2.963997078059386E-02,  1.0
 3.972727272727274E-01, 3.487843968242182E-03, -1.0
 4.172727272727274E-01,-1.909090909090898E-02,  1.0
 4.692262443299542E-01,-2.090909090909080E-02, -1.0
 4.372727272727274E-01, 5.727272727272738E-02,  1.0
 4.772727272727275E-01, 3.545454545454556E-02, -1.0
 4.372727272727274E-01, 6.907255576897073E-02,  1.0
 4.216573848099022E-01, 9.181818181818192E-02, -1.0
 4.372727272727274E-01, 7.228667456240546E-02,  1.0
 4.050470114029594E-01, 7.615467633361651E-02, -1.0
 4.524417962979712E-01, 1.153558878907055E-01,  1.0
 3.972727272727274E-01, 1.851271969254884E-01, -1.0
 4.572727272727274E-01, 1.737959421790253E-01,  1.0
 3.772727272727274E-01, 1.992249528036540E-01, -1.0
 4.426669922853071E-01, 1.790909090909092E-01,  1.0
 3.972727272727274E-01, 1.972727272727274E-01, -1.0
 4.372727272727274E-01, 2.554545454545456E-01,  1.0
 4.172727272727274E-01, 2.136363636363637E-01, -1.0
 4.372727272727274E-01, 2.728598062091504E-01,  1.0
 3.772727272727274E-01, 3.239615637236503E-01, -1.0
 4.572727272727274E-01, 2.681818181818183E-01,  1.0
 4.172727272727274E-01, 3.439442603528464E-01, -1.0
 4.572727272727274E-01, 3.790772738093767E-01,  1.0
 3.982542617498730E-01, 3.427272727272729E-01, -1.0
 4.372727272727274E-01, 4.108805854944981E-01,  1.0
 4.772727272727275E-01, 3.990909090909093E-01, -1.0
 4.358493031611229E-01, 4.372727272727274E-01,  1.0
 4.772727272727275E-01, 4.954545454545456E-01, -1.0
 4.172727272727274E-01, 4.336363636363638E-01,  1.0
 4.572727272727274E-01, 4.932296266679914E-01, -1.0
 4.238928476383954E-01, 5.300000000000002E-01,  1.0
 3.772727272727274E-01, 5.172699010429658E-01, -1.0
 4.372727272727274E-01, 5.463636363636366E-01,  1.0
 4.346763497613246E-01, 5.845454545454547E-01, -1.0
 4.054176478545858E-01, 5.970933183465165E-01,  1.0
 4.289990349430575E-01, 6.009090909090911E-01, -1.0
 4.372727272727274E-01, 6.190909090909092E-01,  1.0
 4.172727272727274E-01, 5.972727272727274E-01, -1.0
 4.260824398947016E-01, 6.154545454545456E-01,  1.0
 3.996528021127304E-01, 6.936363636363638E-01, -1.0
 4.384197243244057E-01, 6.318181818181819E-01,  1.0
 4.319875812077115E-01, 7.300000000000002E-01, -1.0
 3.772727272727274E-01, 6.681818181818183E-01,  1.0
 4.172727272727274E-01, 7.097633035688533E-01, -1.0
 3.772727272727274E-01, 7.645454545454548E-01,  1.0
 4.372727272727274E-01, 7.769671003949361E-01, -1.0
 4.684572577988486E-01, 8.229697108849564E-01,  1.0
 4.172727272727274E-01, 7.990909090909093E-01, -1.0
 4.572727272727274E-01, 8.384648468718175E-01,  1.0
 4.172727272727274E-01, 8.154545454545457E-01, -1.0
 4.772727272727275E-01, 8.736363636363639E-01,  1.0
 4.260121689039007E-01, 8.318181818181820E-01, -1.0
 4.224695202114328E-01, 8.900000000000002E-01,  1.0
 4.073174843694272E-01,-9.037674076257306E-01,  1.0
 4.554545454545456E-01,-8.491993961461992E-01, -1.0
 4.154545454545456E-01,-9.118018283748823E-01,  1.0
 4.554545454545456E-01,-8.354545454545454E-01, -1.0
 4.820664926065844E-01,-8.172727272727273E-01,  1.0
 4.554545454545456E-01,-8.190909090909091E-01, -1.0
 4.154545454545456E-01,-8.137147194433235E-01,  1.0
 4.354545454545456E-01,-7.544658367096400E-01, -1.0
 4.754545454545456E-01,-7.312803900771918E-01,  1.0
 4.354545454545456E-01,-7.463636363636363E-01, -1.0
 4.154545454545456E-01,-7.081818181818181E-01,  1.0
 4.554545454545456E-01,-6.699999999999999E-01, -1.0
 4.154545454545456E-01,-6.918181818181818E-01,  1.0
 4.354545454545456E-01,-6.336363636363636E-01, -1.0
 3.954545454545456E-01,-6.754545454545454E-01,  1.0
 4.554545454545456E-01,-6.372727272727272E-01, -1.0
 4.354545454545456E-01,-5.790909090909091E-01,  1.0
 4.135672628868621E-01,-5.409090909090909E-01, -1.0
 4.505423203235792E-01,-5.627272727272727E-01,  1.0
 3.954545454545456E-01,-5.645454545454546E-01, -1.0
 4.554545454545456E-01,-5.263636363636364E-01,  1.0
 4.432619162893147E-01,-4.881818181818182E-01, -1.0
 4.361508949616660E-01,-5.287916459434964E-01,  1.0
 4.154545454545456E-01,-4.718181818181817E-01, -1.0
 4.754545454545456E-01,-4.536363636363636E-01,  1.0
 4.154545454545456E-01,-4.754545454545455E-01, -1.0
 4.298275354462008E-01,-3.873137975221035E-01,  1.0
 4.154545454545456E-01,-4.569174437013372E-01, -1.0
 4.159331743967764E-01,-3.609090909090908E-01,  1.0
 4.754545454545456E-01,-4.027272727272727E-01, -1.0
 4.154545454545456E-01,-3.645454545454545E-01,  1.0
 4.702524785119441E-01,-3.063636363636363E-01, -1.0
 4.460661611691960E-01,-3.481818181818181E-01,  1.0
 4.354545454545456E-01,-2.899999999999999E-01, -1.0
 4.747664269851951E-01,-2.518181818181817E-01,  1.0
 4.302893451013871E-01,-2.752037411050295E-01, -1.0
 4.754545454545456E-01,-2.698298517634556E-01,  1.0
 4.736284666079288E-01,-2.271216951547860E-01, -1.0
 4.154545454545456E-01,-1.990909090909090E-01,  1.0
 4.754545454545456E-01,-1.609090909090908E-01, -1.0
 4.507444246228254E-01,-2.027272727272727E-01,  1.0
 4.554545454545456E-01,-1.445454545454544E-01, -1.0
 4.154545454545456E-01,-1.063636363636363E-01,  1.0
 4.354545454545456E-01,-8.969232120681367E-02, -1.0
 4.754545454545456E-01,-1.099999999999999E-01,  1.0
 4.354545454545456E-01,-7.181818181818173E-02, -1.0
 4.154545454545456E-01,-3.363636363636354E-02,  1.0
 4.698274825499316E-01,-3.545454545454536E-02, -1.0
 4.354545454545456E-01,-3.571577166050013E-02,  1.0
 4.691394827693454E-01,-3.909090909090899E-02, -1.0
 4.354545454545456E-01, 3.909090909090920E-02,  1.0
 4.754545454545456E-01, 3.727272727272738E-02, -1.0
 4.354545454545456E-01, 5.545454545454557E-02,  1.0
 4.154545454545456E-01, 9.363636363636374E-02, -1.0
 4.354545454545456E-01, 7.181818181818193E-02,  1.0
 4.354545454545456E-01, 9.000000000000012E-02, -1.0
 4.516184135085801E-01, 1.151783405942931E-01,  1.0
 4.154545454545456E-01, 1.463636363636365E-01, -1.0
 4.554545454545456E-01, 1.245454545454547E-01,  1.0
 4.154545454545456E-01, 1.627272727272729E-01, -1.0
 4.554545454545456E-01, 1.899291642370314E-01,  1.0
 4.058786646235795E-01, 1.990909090909092E-01, -1.0
 4.587670082355112E-01, 2.772727272727274E-01,  1.0
 3.954545454545456E-01, 2.154545454545456E-01, -1.0
 4.554545454545456E-01, 2.736363636363638E-01,  1.0
 3.954545454545456E-01, 3.318181818181820E-01, -1.0
 4.709534465007665E-01, 2.700000000000001E-01,  1.0
 3.973585756909558E-01, 3.484071975019565E-01, -1.0
 4.554545454545456E-01, 2.908171784124423E-01,  1.0
 4.154545454545456E-01, 3.388695581368574E-01, -1.0
 4.493971817915223E-01, 4.027272727272729E-01,  1.0
 4.754545454545456E-01, 3.809090909090911E-01, -1.0
 4.354545454545456E-01, 4.390909090909093E-01,  1.0
 3.954545454545456E-01, 3.784334425008405E-01, -1.0
 4.354545454545456E-01, 4.506696936568739E-01,  1.0
 4.696624939247793E-01, 4.936363636363638E-01, -1.0
 4.154545454545456E-01, 4.518181818181820E-01,  1.0
 4.754545454545456E-01, 4.900000000000002E-01, -1.0
 4.354545454545456E-01, 5.281818181818184E-01,  1.0
 4.554545454545456E-01, 5.263636363636366E-01, -1.0
 4.154545454545456E-01, 5.445454545454547E-01,  1.0
 4.554545454545456E-01, 5.427272727272728E-01, -1.0
 4.551768649745475E-01, 5.636152789604507E-01,  1.0
 4.354545454545456E-01, 5.806184150701100E-01, -1.0
 4.540002000997723E-01, 6.172727272727274E-01,  1.0
 4.357157204907533E-01, 6.954545454545457E-01, -1.0
 4.354545454545456E-01, 6.336363636363638E-01,  1.0
 4.754545454545456E-01, 7.118181818181820E-01, -1.0
 4.258788201884968E-01, 6.500000000000001E-01,  1.0
 4.491512902749299E-01, 7.110967698359936E-01, -1.0
 4.954545454545456E-01, 7.463636363636366E-01,  1.0
 4.354545454545456E-01, 7.645454545454548E-01, -1.0
 4.954545454545456E-01, 7.627272727272729E-01,  1.0
 4.354545454545456E-01, 7.609090909090911E-01, -1.0
 4.754545454545456E-01, 8.590909090909093E-01,  1.0
 4.354545454545456E-01, 7.772727272727274E-01, -1.0
 4.771589724176991E-01, 8.754545454545457E-01,  1.0
 4.154545454545456E-01, 8.336363636363638E-01, -1.0
 4.354545454545456E-01, 8.918181818181821E-01,  1.0
 4.446893593608393E-01, 9.369499828757609E-01, -1.0
 4.736363636363638E-01,-8.900000000000000E-01, -1.0
 4.936363636363638E-01,-8.927307760342517E-01,  1.0
 4.542612916740406E-01,-8.392305601033182E-01, -1.0
 4.936363636363638E-01,-8.154545454545454E-01,  1.0
 4.377699251256553E-01,-8.372727272727273E-01, -1.0
 4.136363636363637E-01,-7.990909090909091E-01,  1.0
 4.536363636363638E-01,-8.409090909090909E-01, -1.0
 4.653339530253963E-01,-7.427272727272727E-01,  1.0
 4.336363636363638E-01,-7.719710336741911E-01, -1.0
 4.736363636363638E-01,-7.463636363636363E-01,  1.0
 4.329545941637937E-01,-7.481818181818182E-01, -1.0
 4.336363636363638E-01,-6.899999999999999E-01,  1.0
 4.936363636363638E-01,-6.722622095049283E-01, -1.0
 4.848455734643717E-01,-6.536363636363636E-01,  1.0
 4.528411035219479E-01,-6.540797508972896E-01, -1.0
 4.736363636363638E-01,-6.372727272727272E-01,  1.0
 4.936363636363638E-01,-5.990909090909091E-01, -1.0
 4.536363636363638E-01,-5.809090909090909E-01,  1.0
 4.936363636363638E-01,-6.027272727272728E-01, -1.0
 4.420672868088364E-01,-5.737997740939487E-01,  1.0
 4.736363636363638E-01,-5.377803592189579E-01, -1.0
 4.736363636363638E-01,-5.081818181818182E-01,  1.0
 4.336363636363638E-01,-4.922268195679129E-01, -1.0
 5.136363636363638E-01,-4.918181818181817E-01,  1.0
 4.136363636363637E-01,-4.818188325312207E-01, -1.0
 5.136363636363638E-01,-4.468820999601944E-01,  1.0
 4.736363636363638E-01,-4.172727272727272E-01, -1.0
 4.336363636363638E-01,-3.790909090909090E-01,  1.0
 4.736363636363638E-01,-4.009090909090909E-01, -1.0
 4.418651446770664E-01,-3.471367961409967E-01,  1.0
 4.874080061696937E-01,-3.659122685088591E-01, -1.0
 4.136363636363637E-01,-3.463636363636363E-01,  1.0
 4.509398779084305E-01,-2.881818181818181E-01, -1.0
 4.736363636363638E-01,-2.699999999999999E-01,  1.0
 4.272483995035518E-01,-2.869006104590032E-01, -1.0
 4.536363636363638E-01,-2.580329885198728E-01,  1.0
 4.834682359590304E-01,-2.354545454545454E-01, -1.0
 4.336363636363638E-01,-2.151580808841638E-01,  1.0
 4.975523213198555E-01,-1.790909090909090E-01, -1.0
 4.336363636363638E-01,-2.009090909090908E-01,  1.0
 4.936363636363638E-01,-1.627272727272726E-01, -1.0
 4.346838147123579E-01,-2.045454545454545E-01,  1.0
 4.336363636363638E-01,-1.463636363636363E-01, -1.0
 4.756512810397226E-01,-1.055417419982515E-01,  1.0
 4.536363636363638E-01,-6.999999999999992E-02, -1.0
 4.846499050068195E-01,-1.118181818181817E-01,  1.0
 4.536363636363638E-01,-5.363636363636354E-02, -1.0
 4.532969015302462E-01,-1.545454545454535E-02,  1.0
 4.635884527552580E-01,-3.727272727272717E-02, -1.0
 4.736363636363638E-01, 9.090909090910138E-04,  1.0
 4.331396417869341E-01, 1.648796122531556E-02, -1.0
 4.903472472644329E-01, 1.727272727272738E-02,  1.0
 4.728795492981127E-01, 5.545454545454557E-02, -1.0
 4.536363636363638E-01, 7.447625786699930E-02,  1.0
 4.736363636363638E-01, 8.197537970984334E-02, -1.0
 4.550076053977121E-01, 1.100000000000001E-01,  1.0
 4.936363636363638E-01, 6.818181818181833E-02, -1.0
 4.362011153779278E-01, 1.063636363636365E-01,  1.0
 4.736363636363638E-01, 1.422721106949711E-01, -1.0
 5.136363636363638E-01, 2.027272727272729E-01,  1.0
 4.453691532765277E-01, 2.009090909090910E-01, -1.0
 4.936363636363638E-01, 2.063233250072931E-01,  1.0
 4.142403034597622E-01, 1.972727272727274E-01, -1.0
 4.536363636363638E-01, 2.754545454545456E-01,  1.0
 4.866331345689167E-01, 2.590444221294055E-01, -1.0
 4.536363636363638E-01, 2.718181818181820E-01,  1.0
 4.736363636363638E-01, 3.300000000000002E-01, -1.0
 4.649415605092451E-01, 2.760315231825202E-01,  1.0
 4.711733821396988E-01, 3.438055467041097E-01, -1.0
 4.536363636363638E-01, 3.845454545454547E-01,  1.0
 4.136363636363637E-01, 3.533981619548690E-01, -1.0
 4.377309062397965E-01, 4.062089164678282E-01,  1.0
 4.936363636363638E-01, 3.790909090909093E-01, -1.0
 4.336363636363638E-01, 4.372727272727274E-01,  1.0
 4.736363636363638E-01, 4.954545454545456E-01, -1.0
 4.336363636363638E-01, 4.336363636363638E-01,  1.0
 4.736363636363638E-01, 5.118181818181819E-01, -1.0
 4.536363636363638E-01, 5.100000000000002E-01,  1.0
 5.136363636363638E-01, 5.108473142920441E-01, -1.0
 4.336363636363638E-01, 5.376888844823301E-01,  1.0
 4.737067510509175E-01, 5.245454545454546E-01, -1.0
 4.736363636363638E-01, 5.773302634394590E-01,  1.0
 4.936363636363638E-01, 6.131292156068059E-01, -1.0
 4.407202714339134E-01, 6.190909090909092E-01,  1.0
 5.032223695894030E-01, 6.722443586530346E-01, -1.0
 4.336363636363638E-01, 6.154545454545456E-01,  1.0
 4.936363636363638E-01, 6.578343306131742E-01, -1.0
 4.591279658904838E-01, 6.518181818181820E-01,  1.0
 4.336363636363638E-01, 7.100000000000002E-01, -1.0
 4.736363636363638E-01, 7.417699651525180E-01,  1.0
 4.336363636363638E-01, 7.263636363636365E-01, -1.0
 5.136363636363638E-01, 7.845454545454548E-01,  1.0
 4.336363636363638E-01, 7.627272727272729E-01, -1.0
 4.736363636363638E-01, 8.409090909090912E-01,  1.0
 4.866404645268992E-01, 7.790909090909093E-01, -1.0
 4.736363636363638E-01, 8.572727272727275E-01,  1.0
 4.262604640852976E-01, 8.021868931312756E-01, -1.0
 4.720700787514187E-01, 8.650970006806722E-01,  1.0
 4.536363636363638E-01, 9.318181818181821E-01, -1.0
 4.718075170043792E-01, 8.771951288489294E-01,  1.0
 5.318181818181820E-01,-9.300000000000000E-01,  1.0
 4.807042774887208E-01,-8.718181818181818E-01, -1.0
 5.318181818181820E-01,-9.136363636363637E-01,  1.0
 4.518181818181820E-01,-8.532697188512014E-01, -1.0
 5.014911899145162E-01,-8.091702597331728E-01,  1.0
 4.973791797824825E-01,-7.590909090909090E-01, -1.0
 4.918181818181820E-01,-8.209090909090909E-01,  1.0
 5.061108552572799E-01,-7.427272727272727E-01, -1.0
 4.718181818181820E-01,-7.445454545454545E-01,  1.0
 5.118181818181819E-01,-7.372164344667053E-01, -1.0
 4.718181818181820E-01,-7.281818181818182E-01,  1.0
 4.945063721432478E-01,-6.877897162559309E-01, -1.0
 4.718181818181820E-01,-6.318181818181817E-01,  1.0
 5.020026295202412E-01,-7.023783412438628E-01, -1.0
 4.748757435381098E-01,-6.414059714365494E-01,  1.0
 4.718852193268734E-01,-6.572727272727272E-01, -1.0
 5.118181818181819E-01,-6.390909090909092E-01,  1.0
 5.118181818181819E-01,-6.009090909090909E-01, -1.0
 5.118181818181819E-01,-5.427272727272727E-01,  1.0
 4.589037488587824E-01,-5.445454545454546E-01, -1.0
 4.518181818181820E-01,-5.663636363636364E-01,  1.0
 4.718181818181820E-01,-5.481818181818182E-01, -1.0
 5.118181818181819E-01,-5.108057589740379E-01,  1.0
 4.640899057374311E-01,-4.918181818181818E-01, -1.0
 5.118181818181819E-01,-4.336363636363636E-01,  1.0
 4.718181818181819E-01,-4.094032965567977E-01, -1.0
 5.301504241778707E-01,-4.372727272727273E-01,  1.0
 4.718181818181820E-01,-3.854940961078956E-01, -1.0
 5.118181818181819E-01,-3.609090909090908E-01,  1.0
 4.718181818181820E-01,-4.027272727272727E-01, -1.0
 4.318181818181819E-01,-3.445454545454545E-01,  1.0
 4.918181818181819E-01,-3.863636363636364E-01, -1.0
 4.918181818181819E-01,-3.259929154545980E-01,  1.0
 4.718181818181820E-01,-2.982055343584503E-01, -1.0
 4.733575277779081E-01,-2.718181818181817E-01,  1.0
 4.962046346525829E-01,-2.336363636363635E-01, -1.0
 4.718181818181820E-01,-2.554545454545454E-01,  1.0
 4.946559382844439E-01,-2.372727272727272E-01, -1.0
 5.318181818181820E-01,-2.067688562978117E-01,  1.0
 4.918181818181819E-01,-1.809090909090908E-01, -1.0
 5.017529089906143E-01,-1.427272727272726E-01,  1.0
 4.918181818181820E-01,-1.659003176241513E-01, -1.0
 4.884502666833728E-01,-1.063636363636363E-01,  1.0
 4.445031507369562E-01,-6.818181818181812E-02, -1.0
 4.805662679333579E-01,-1.099999999999999E-01,  1.0
 4.606939200986414E-01,-5.181818181818172E-02, -1.0
 4.786813914811440E-01,-9.363636363636353E-02,  1.0
 4.518181818181820E-01,-3.545454545454536E-02, -1.0
 5.008349971751119E-01, 2.727272727272832E-03,  1.0
 5.099301263938459E-01, 4.090909090909102E-02, -1.0
 4.718181818181820E-01,-9.090909090908022E-04,  1.0
 4.918181818181820E-01, 3.727272727272738E-02, -1.0
 4.718181818181819E-01, 1.545454545454556E-02,  1.0
 4.918181818181819E-01, 5.564483779055209E-02, -1.0
 4.518181818181820E-01, 1.118181818181819E-01,  1.0
 4.918181818181820E-01, 9.000000000000012E-02, -1.0
 4.643102267702625E-01, 1.135294439636776E-01,  1.0
 4.718181818181820E-01, 1.548303350323365E-01, -1.0
 5.118181818181819E-01, 1.845454545454547E-01,  1.0
 4.918181818181820E-01, 1.427272727272728E-01, -1.0
 4.518181818181820E-01, 1.886296535139980E-01,  1.0
 4.660801359303704E-01, 2.145086385005184E-01, -1.0
 4.958642726047799E-01, 2.172727272727274E-01,  1.0
 4.918181818181819E-01, 2.554545454545456E-01, -1.0
 4.518181818181820E-01, 2.880117987496176E-01,  1.0
 5.029884133557821E-01, 2.646579157669738E-01, -1.0
 4.830002864369715E-01, 2.900000000000001E-01,  1.0
 4.630007952325549E-01, 3.281818181818184E-01, -1.0
 5.314782259796236E-01, 3.663636363636366E-01,  1.0
 4.918181818181819E-01, 3.445454545454547E-01, -1.0
 4.518181818181820E-01, 3.919271535007291E-01,  1.0
 4.776909449801152E-01, 3.609090909090911E-01, -1.0
 4.318181818181819E-01, 4.503663826838398E-01,  1.0
 4.918181818181819E-01, 3.972727272727274E-01, -1.0
 4.318181818181819E-01, 4.354545454545456E-01,  1.0
 4.918181818181820E-01, 4.936363636363638E-01, -1.0
 4.318181818181819E-01, 4.318181818181819E-01,  1.0
 4.918181818181820E-01, 4.922242173261957E-01, -1.0
 4.572233757655658E-01, 5.653837980075094E-01,  1.0
 5.118181818181819E-01, 5.263636363636366E-01, -1.0
 4.598362415320829E-01, 5.771958229582635E-01,  1.0
 4.918181818181819E-01, 6.227272727272729E-01, -1.0
 4.662747633617171E-01, 5.637766784858216E-01,  1.0
 4.918181818181819E-01, 6.034827044347072E-01, -1.0
 4.518181818181820E-01, 6.135913494197017E-01,  1.0
 4.918181818181819E-01, 6.741136767128338E-01, -1.0
 4.518181818181820E-01, 6.336363636363638E-01,  1.0
 4.568448341698421E-01, 7.118181818181820E-01, -1.0
 4.333500778385829E-01, 6.500000000000001E-01,  1.0
 4.571342793379532E-01, 7.081818181818184E-01, -1.0
 4.918181818181820E-01, 7.463636363636366E-01,  1.0
 4.518181818181820E-01, 7.628941233600357E-01, -1.0
 5.318181818181820E-01, 7.866595696664327E-01,  1.0
 4.416586880752302E-01, 7.565155500264240E-01, -1.0
 4.718181818181820E-01, 8.590909090909093E-01,  1.0
 4.918181818181819E-01, 7.972727272727275E-01, -1.0
 4.906458319045751E-01, 8.741829840929161E-01,  1.0
 5.118181818181819E-01, 8.136363636363638E-01, -1.0
 4.578490926129274E-01, 8.566543407061492E-01,  1.0
 5.048555392658889E-01, 9.500000000000003E-01, -1.0
 4.646326527546776E-01,-8.798318261991251E-01, -1.0
 5.139944606825956E-01,-8.640868553986908E-01,  1.0
 4.700000000000002E-01,-8.536363636363636E-01, -1.0
 5.100000000000002E-01,-8.632192783871048E-01,  1.0
 4.500000000000002E-01,-8.372727272727273E-01, -1.0
 5.100000000000002E-01,-8.190909090909091E-01,  1.0
 4.900000000000002E-01,-7.409090909090909E-01, -1.0
 5.045328830680577E-01,-8.217909162074803E-01,  1.0
 4.945088014499357E-01,-7.445454545454545E-01, -1.0
 4.700000000000002E-01,-7.263636363636363E-01,  1.0
 4.900000000000002E-01,-7.081818181818181E-01, -1.0
 4.900000000000002E-01,-7.100000000000000E-01,  1.0
 5.079350825249866E-01,-6.518181818181817E-01, -1.0
 4.900000000000002E-01,-6.536363636363636E-01,  1.0
 5.085642302386143E-01,-6.911203417144419E-01, -1.0
 5.300000000000002E-01,-6.255240064657723E-01,  1.0
 5.100000000000002E-01,-5.831555908908064E-01, -1.0
 4.500000000000002E-01,-5.809090909090909E-01,  1.0
 4.700000000000002E-01,-5.427272727272727E-01, -1.0
 5.200559525437630E-01,-5.252567358146049E-01,  1.0
 4.700000000000002E-01,-5.663636363636364E-01, -1.0
 5.300000000000002E-01,-5.081818181818182E-01,  1.0
 4.500000000000002E-01,-4.899999999999999E-01, -1.0
 5.310458967125427E-01,-4.909932175964761E-01,  1.0
 4.500000000000002E-01,-4.736363636363636E-01, -1.0
 5.300000000000002E-01,-4.354545454545454E-01,  1.0
 4.900000000000002E-01,-3.991186513403955E-01, -1.0
 5.389975471582034E-01,-4.228209159728979E-01,  1.0
 4.758268731666426E-01,-4.209090909090909E-01, -1.0
 4.949724759044428E-01,-3.427272727272727E-01,  1.0
 4.900000000000002E-01,-4.045454545454545E-01, -1.0
 4.991019101474035E-01,-3.358956440292334E-01,  1.0
 5.300000000000002E-01,-2.881818181818181E-01, -1.0
 4.900000000000002E-01,-3.300000000000000E-01,  1.0
 5.300000000000002E-01,-3.004292370499042E-01, -1.0
 4.690021383352093E-01,-2.655409934049467E-01,  1.0
 4.921092333688299E-01,-2.354545454545454E-01, -1.0
 5.500000000000003E-01,-2.172727272727272E-01,  1.0
 4.900000000000002E-01,-1.790909090909090E-01, -1.0
 4.500000000000002E-01,-2.009090909090908E-01,  1.0
 4.900000000000002E-01,-1.902422442822608E-01, -1.0
 4.859917995902481E-01,-1.235021827104466E-01,  1.0
 4.807798086957494E-01,-1.613026945472400E-01, -1.0
 4.900000000000002E-01,-1.081818181818181E-01,  1.0
 5.300000000000002E-01,-8.999999999999991E-02, -1.0
 4.900000000000002E-01,-1.095897317224242E-01,  1.0
 5.228587194209851E-01,-6.810712794193161E-02, -1.0
 4.900000000000002E-01,-1.545454545454535E-02,  1.0
 5.100000000000002E-01,-5.727272727272718E-02, -1.0
 4.900000000000002E-01, 1.868664396238982E-03,  1.0
 4.794116707240224E-01, 3.909090909090920E-02, -1.0
 4.900000000000002E-01,-2.727272727272616E-03,  1.0
 4.900000000000002E-01, 5.545454545454557E-02, -1.0
 4.700000000000002E-01, 9.363636363636374E-02,  1.0
 5.100000000000002E-01, 5.181818181818193E-02, -1.0
 4.955679203407272E-01, 1.100000000000001E-01,  1.0
 5.100000000000002E-01, 1.481818181818183E-01, -1.0
 5.100000000000002E-01, 1.263636363636365E-01,  1.0
 4.900000000000002E-01, 1.445454545454547E-01, -1.0
 5.100000000000002E-01, 2.031632812863438E-01,  1.0
 5.500000000000003E-01, 1.409090909090910E-01, -1.0
 5.162815556930989E-01, 2.190909090909092E-01,  1.0
 4.700000000000002E-01, 1.772727272727274E-01, -1.0
 5.096952050699789E-01, 2.154545454545456E-01,  1.0
 4.900000000000002E-01, 2.723266368737374E-01, -1.0
 5.100000000000002E-01, 2.918181818181820E-01,  1.0
 4.900000000000002E-01, 3.500000000000002E-01, -1.0
 5.386575246187468E-01, 3.035722631015612E-01,  1.0
 4.900000000000002E-01, 3.611871757961782E-01, -1.0
 4.500000000000002E-01, 3.601688324749656E-01,  1.0
 4.900000000000002E-01, 3.627272727272729E-01, -1.0
 5.500000000000003E-01, 3.674208443098204E-01,  1.0
 4.900000000000002E-01, 3.990909090909093E-01, -1.0
 5.381918066496221E-01, 4.372727272727274E-01,  1.0
 4.900000000000002E-01, 4.954545454545456E-01, -1.0
 5.267020141005458E-01, 4.336363636363638E-01,  1.0
 4.900000000000002E-01, 5.118181818181819E-01, -1.0
 5.100000000000002E-01, 4.700000000000002E-01,  1.0
 5.026994361872795E-01, 5.051667789862883E-01, -1.0
 4.819183139569622E-01, 5.663636363636366E-01,  1.0
 5.300000000000002E-01, 5.376354655470004E-01, -1.0
 4.700000000000002E-01, 5.627272727272729E-01,  1.0
 4.900000000000002E-01, 6.209032258402890E-01, -1.0
 5.300000000000002E-01, 5.870626657358369E-01,  1.0
 4.900000000000002E-01, 6.714519207455512E-01, -1.0
 5.100000000000002E-01, 6.154545454545456E-01,  1.0
 4.900000000000002E-01, 6.797429934735646E-01, -1.0
 5.278136820472143E-01, 6.994646208519969E-01,  1.0
 4.500000000000002E-01, 7.244427232734808E-01, -1.0
 5.300000000000002E-01, 7.119955843177755E-01,  1.0
 4.879641497379013E-01, 7.063636363636365E-01, -1.0
 5.100000000000002E-01, 7.645454545454548E-01,  1.0
 4.500000000000002E-01, 7.566287156612792E-01, -1.0
 5.446362765624538E-01, 8.066239972371765E-01,  1.0
 4.700000000000002E-01, 7.790909090909093E-01, -1.0
 4.900000000000002E-01, 8.572727272727275E-01,  1.0
 5.035178855965013E-01, 8.022897549383475E-01, -1.0
 4.900000000000002E-01, 8.596660332930627E-01,  1.0
 5.300000000000002E-01, 9.118181818181821E-01, -1.0
 4.876255310434167E-01, 8.851009123901848E-01,  1.0
 5.445583834068860E-01,-9.300000000000000E-01,  1.0
 4.681818181818184E-01,-8.678799713587027E-01, -1.0
 5.081818181818184E-01,-8.736363636363637E-01,  1.0
 5.511663845612438E-01,-8.354545454545454E-01, -1.0
 5.081818181818184E-01,-8.772727272727273E-01,  1.0
 5.481818181818184E-01,-8.190909090909091E-01, -1.0
 5.081818181818184E-01,-7.809090909090909E-01,  1.0
 5.081818181818184E-01,-7.605229703851003E-01, -1.0
 5.189282818873118E-01,-7.920901777374958E-01,  1.0
 5.197889774036579E-01,-7.263636363636363E-01, -1.0
 5.542447307822411E-01,-6.881818181818181E-01,  1.0
 5.081818181818184E-01,-6.899999999999999E-01, -1.0
 5.409198567216217E-01,-6.744070203122978E-01,  1.0
 5.081818181818184E-01,-6.736363636363636E-01, -1.0
 5.292139194071759E-01,-6.354545454545454E-01,  1.0
 4.881818181818184E-01,-5.972727272727272E-01, -1.0
 5.197017309230463E-01,-6.390909090909092E-01,  1.0
 5.076501059098987E-01,-6.134828535341288E-01, -1.0
 5.240374002261134E-01,-5.227272727272727E-01,  1.0
 5.681818181818185E-01,-5.845454545454546E-01, -1.0
 5.320009249210921E-01,-5.063636363636363E-01,  1.0
 5.635654640433937E-01,-5.681818181818182E-01, -1.0
 5.481818181818184E-01,-5.099999999999999E-01,  1.0
 5.203440958353704E-01,-4.718181818181817E-01, -1.0
 5.481818181818184E-01,-4.262529977773081E-01,  1.0
 5.168191042307198E-01,-4.875489474076229E-01, -1.0
 5.481818181818184E-01,-4.372727272727273E-01,  1.0
 4.881818181818184E-01,-3.990909090909091E-01, -1.0
 5.481818181818184E-01,-4.209090909090909E-01,  1.0
 5.481818181818184E-01,-3.427272727272727E-01, -1.0
 5.281818181818184E-01,-3.645454545454545E-01,  1.0
 4.826864612611175E-01,-3.863636363636364E-01, -1.0
 5.081818181818184E-01,-3.281818181818181E-01,  1.0
 5.281818181818184E-01,-2.899999999999999E-01, -1.0
 5.081818181818184E-01,-3.305359457119995E-01,  1.0
 5.341270377463712E-01,-2.936363636363636E-01, -1.0
 5.479627053949264E-01,-2.154545454545453E-01,  1.0
 5.081818181818184E-01,-2.270054553174063E-01, -1.0
 4.766318953511551E-01,-2.190909090909090E-01,  1.0
 5.008391268263932E-01,-1.774107073754105E-01, -1.0
 5.081818181818184E-01,-1.427272727272726E-01,  1.0
 5.355226563338955E-01,-1.404295540697525E-01, -1.0
 4.881818181818184E-01,-1.063636363636363E-01,  1.0
 5.481818181818184E-01,-1.081818181818181E-01, -1.0
 4.881818181818184E-01,-1.099999999999999E-01,  1.0
 5.281818181818184E-01,-5.181818181818172E-02, -1.0
 4.960881990550589E-01,-1.136363636363635E-01,  1.0
 5.281818181818184E-01,-5.583824717197459E-02, -1.0
 5.081818181818184E-01,-1.727272727272717E-02,  1.0
 5.547222021749898E-01, 9.090909090910138E-04, -1.0
 5.134667803903069E-01, 1.909090909090920E-02,  1.0
 4.881818181818184E-01, 5.591388217255035E-02, -1.0
 5.481818181818184E-01, 5.545454545454557E-02,  1.0
 4.881818181818184E-01, 5.363636363636375E-02, -1.0
 5.081818181818184E-01, 9.181818181818192E-02,  1.0
 5.081818181818184E-01, 1.300000000000001E-01, -1.0
 5.120490558344115E-01, 8.818181818181832E-02,  1.0
 5.681818181818185E-01, 1.063636363636365E-01, -1.0
 5.281818181818184E-01, 2.045454545454547E-01,  1.0
 4.881818181818184E-01, 1.427272727272728E-01, -1.0
 5.082844129065207E-01, 2.009090909090910E-01,  1.0
 5.681818181818185E-01, 1.790909090909092E-01, -1.0
 5.081818181818184E-01, 2.172727272727274E-01,  1.0
 5.081818181818184E-01, 2.554545454545456E-01, -1.0
 5.481818181818184E-01, 2.936363636363638E-01,  1.0
 5.081818181818184E-01, 2.718181818181820E-01, -1.0
 5.481818181818184E-01, 3.100000000000002E-01,  1.0
 4.812039281161666E-01, 3.481818181818184E-01, -1.0
 5.281818181818184E-01, 3.063636363636365E-01,  1.0
 4.937452560692487E-01, 3.372667844252322E-01, -1.0
 5.564852918419670E-01, 3.629969137653373E-01,  1.0
 5.081818181818184E-01, 3.805407198058410E-01, -1.0
 5.305261585047821E-01, 4.444632701648827E-01,  1.0
 5.081818181818184E-01, 3.972727272727274E-01, -1.0
 5.081818181818184E-01, 4.354545454545456E-01,  1.0
 5.281818181818184E-01, 4.936363636363638E-01, -1.0
 5.290024335457028E-01, 4.576812596950331E-01,  1.0
 5.081818181818184E-01, 5.100000000000002E-01, -1.0
 5.081818181818184E-01, 4.881818181818184E-01,  1.0
 5.310884376421786E-01, 5.263636363636366E-01, -1.0
 4.681818181818184E-01, 5.645454545454547E-01,  1.0
 5.081818181818184E-01, 6.151860912352011E-01, -1.0
 5.281818181818184E-01, 6.009090909090911E-01,  1.0
 4.987250132967644E-01, 6.390909090909093E-01, -1.0
 5.281818181818184E-01, 5.972727272727274E-01,  1.0
 5.081818181818184E-01, 6.574763091334851E-01, -1.0
 5.281818181818184E-01, 6.136363636363638E-01,  1.0
 5.081818181818184E-01, 6.718833671844988E-01, -1.0
 5.281818181818184E-01, 7.046992458089502E-01,  1.0
 5.081818181818184E-01, 7.172624400304666E-01, -1.0
 5.549731532543485E-01, 7.858395066971041E-01,  1.0
 5.081818181818184E-01, 7.245454545454547E-01, -1.0
 5.481818181818184E-01, 8.227272727272730E-01,  1.0
 5.281818181818184E-01, 7.809090909090911E-01, -1.0
 5.398776719264986E-01, 8.093002151090511E-01,  1.0
 5.017458823155503E-01, 7.972727272727275E-01, -1.0
 4.745210823091948E-01, 8.698804430201222E-01,  1.0
 4.982713086163959E-01, 8.162968109978382E-01, -1.0
 4.881818181818184E-01, 8.718181818181820E-01,  1.0
 5.281818181818184E-01, 9.092912434369284E-01, -1.0
 5.463636363636366E-01,-8.700000000000000E-01, -1.0
 5.263636363636366E-01,-9.301703384538242E-01,  1.0
 5.463636363636366E-01,-8.361501720835779E-01, -1.0
 5.263636363636366E-01,-8.554545454545455E-01,  1.0
 5.663636363636366E-01,-8.372727272727273E-01, -1.0
 5.336290886991326E-01,-7.849496328620889E-01,  1.0
 5.485048008146712E-01,-8.209090909090909E-01, -1.0
 5.268616739208761E-01,-7.936812225268332E-01,  1.0
 5.034490214737416E-01,-7.291165022513679E-01, -1.0
 5.463636363636366E-01,-6.863636363636363E-01,  1.0
 5.263636363636366E-01,-7.281818181818182E-01, -1.0
 5.463636363636366E-01,-6.699999999999999E-01,  1.0
 5.063636363636366E-01,-6.918181818181818E-01, -1.0
 5.616987313885102E-01,-6.736363636363636E-01,  1.0
 5.063636363636366E-01,-6.693156704682229E-01, -1.0
 5.263636363636366E-01,-6.372727272727272E-01,  1.0
 5.463636363636366E-01,-6.190909090909091E-01, -1.0
 5.063636363636366E-01,-5.609090909090909E-01,  1.0
 5.667190485719882E-01,-6.027272727272728E-01, -1.0
 5.063636363636366E-01,-5.440701101441490E-01,  1.0
 5.574140105955573E-01,-5.636502024840565E-01, -1.0
 5.463636363636366E-01,-4.972527798034955E-01,  1.0
 5.063636363636366E-01,-4.899999999999999E-01, -1.0
 5.303669673170296E-01,-4.918181818181817E-01,  1.0
 5.063636363636366E-01,-4.736363636363636E-01, -1.0
 5.473082355573377E-01,-4.354545454545454E-01,  1.0
 4.863636363636366E-01,-3.972727272727272E-01, -1.0
 5.571515794435256E-01,-4.190909090909091E-01,  1.0
 4.919078478160623E-01,-4.082423084132165E-01, -1.0
 5.263636363636366E-01,-3.796351174615117E-01,  1.0
 5.485466732332585E-01,-3.245454545454545E-01, -1.0
 5.063636363636366E-01,-3.337730884486421E-01,  1.0
 5.263636363636366E-01,-2.881818181818181E-01, -1.0
 5.863636363636366E-01,-3.500000000000000E-01,  1.0
 5.263636363636366E-01,-2.918181818181818E-01, -1.0
 5.304339219725357E-01,-2.336363636363635E-01,  1.0
 5.263636363636366E-01,-2.754545454545454E-01, -1.0
 5.523569766077774E-01,-2.063361440654490E-01,  1.0
 5.863636363636366E-01,-1.790909090909090E-01, -1.0
 5.625975385688075E-01,-2.204837831800083E-01,  1.0
 5.863636363636366E-01,-1.908024005105685E-01, -1.0
 5.369527024347907E-01,-1.845454545454545E-01,  1.0
 5.863636363636366E-01,-1.263636363636363E-01, -1.0
 5.126297540313994E-01,-1.281818181818181E-01,  1.0
 5.463636363636366E-01,-1.099999999999999E-01, -1.0
 4.863636363636366E-01,-9.966486092676044E-02,  1.0
 5.263636363636366E-01,-4.521047559350192E-02, -1.0
 5.463636363636366E-01,-3.545454545454536E-02,  1.0
 5.263636363636366E-01,-3.727272727272717E-02, -1.0
 5.463636363636366E-01,-1.909090909090898E-02,  1.0
 5.788020660683179E-01,-5.002569286909758E-04, -1.0
 5.485632261994773E-01, 3.727272727272739E-02,  1.0
 5.063636363636366E-01, 3.594000614118129E-02, -1.0
 5.463636363636366E-01, 5.363636363636375E-02,  1.0
 5.463636363636366E-01, 1.118181818181819E-01, -1.0
 5.104622505805021E-01, 9.000000000000012E-02,  1.0
 5.863636363636366E-01, 1.045146436848678E-01, -1.0
 5.063636363636366E-01, 1.663636363636365E-01,  1.0
 5.863636363636366E-01, 1.845454545454547E-01, -1.0
 5.063636363636366E-01, 1.827272727272729E-01,  1.0
 5.863636363636366E-01, 1.719979991021877E-01, -1.0
 5.263636363636366E-01, 2.190909090909092E-01,  1.0
 5.663636363636366E-01, 2.005740107324940E-01, -1.0
 5.463636363636366E-01, 2.810664599402700E-01,  1.0
 5.663636363636366E-01, 2.336363636363638E-01, -1.0
 5.663636363636366E-01, 2.981487816425758E-01,  1.0
 5.463636363636366E-01, 3.300000000000002E-01, -1.0
 5.663636363636366E-01, 2.881818181818183E-01,  1.0
 5.063636363636366E-01, 3.463636363636365E-01, -1.0
 5.863636363636366E-01, 3.645454545454547E-01,  1.0
 5.263636363636366E-01, 3.827272727272729E-01, -1.0
 5.763754110883267E-01, 4.409090909090911E-01,  1.0
 5.063636363636366E-01, 3.854475557399373E-01, -1.0
 5.844999742606541E-01, 4.372727272727274E-01,  1.0
 5.140366273647836E-01, 4.954545454545456E-01, -1.0
 5.863636363636366E-01, 4.336363636363638E-01,  1.0
 5.103624407757842E-01, 5.149702059062812E-01, -1.0
 5.863636363636366E-01, 4.574246212174118E-01,  1.0
 5.275179186352331E-01, 5.281818181818184E-01, -1.0
 4.863636363636366E-01, 5.570837693590394E-01,  1.0
 5.263636363636366E-01, 5.356298808624351E-01, -1.0
 5.123089479958851E-01, 6.027272727272729E-01,  1.0
 5.663636363636366E-01, 6.146579191529433E-01, -1.0
 5.263636363636366E-01, 5.990909090909092E-01,  1.0
 5.663636363636366E-01, 6.572727272727275E-01, -1.0
 5.445153081802065E-01, 6.554545454545456E-01,  1.0
 5.663636363636366E-01, 6.336363636363638E-01, -1.0
 5.663636363636366E-01, 6.918181818181820E-01,  1.0
 5.183538149226021E-01, 6.927013188108001E-01, -1.0
 5.860941570828350E-01, 7.518259041657015E-01,  1.0
 5.214864022273722E-01, 7.063636363636365E-01, -1.0
 5.663636363636366E-01, 7.845454545454548E-01,  1.0
 5.463636363636366E-01, 7.627272727272729E-01, -1.0
 5.362166565679977E-01, 8.209090909090911E-01,  1.0
 5.589728591872649E-01, 7.990909090909093E-01, -1.0
 5.463636363636366E-01, 8.172727272727275E-01,  1.0
 5.549622574238627E-01, 8.754545454545457E-01, -1.0
 5.007891570375648E-01, 8.736363636363639E-01,  1.0
 5.263636363636366E-01, 8.918181818181821E-01, -1.0
 5.713790595184376E-01, 9.100000000000003E-01,  1.0
 5.374074955158363E-01,-9.269259461493838E-01,  1.0
 5.445454545454547E-01,-8.518181818181818E-01, -1.0
 5.845454545454547E-01,-8.936363636363637E-01,  1.0
 5.645454545454547E-01,-8.354545454545454E-01, -1.0
 5.245454545454546E-01,-7.972727272727272E-01,  1.0
 5.645454545454547E-01,-8.190909090909091E-01, -1.0
 5.845454545454547E-01,-7.409090909090909E-01,  1.0
 5.645454545454547E-01,-8.027272727272727E-01, -1.0
 5.709567770120892E-01,-7.445454545454545E-01,  1.0
 5.129480905498260E-01,-7.263636363636363E-01, -1.0
 5.701759592070623E-01,-7.083863046364969E-01,  1.0
 5.203126931952233E-01,-7.300000000000000E-01, -1.0
 5.645454545454547E-01,-6.848899038561571E-01,  1.0
 5.845454545454547E-01,-6.736363636363636E-01, -1.0
 5.748797700120342E-01,-6.364113313961272E-01,  1.0
 5.245454545454546E-01,-6.572727272727272E-01, -1.0
 5.699719643317391E-01,-6.390909090909092E-01,  1.0
 5.760382737734454E-01,-5.954542210614620E-01, -1.0
 5.245454545454546E-01,-5.427272727272727E-01,  1.0
 5.744575255207472E-01,-5.645454545454546E-01, -1.0
 5.245454545454546E-01,-5.263636363636364E-01,  1.0
 5.739587150530014E-01,-5.481818181818182E-01, -1.0
 5.334571376528011E-01,-4.996850902607473E-01,  1.0
 5.245454545454546E-01,-4.718181818181817E-01, -1.0
 5.663312517063194E-01,-4.336363636363636E-01,  1.0
 5.245454545454546E-01,-4.754545454545455E-01, -1.0
 5.445454545454547E-01,-4.192011802438873E-01,  1.0
 6.045454545454547E-01,-3.990909090909091E-01, -1.0
 5.445454545454547E-01,-4.057208637833928E-01,  1.0
 5.446616365584175E-01,-3.427272727272727E-01, -1.0
 5.245454545454546E-01,-3.696945132375916E-01,  1.0
 5.445454545454547E-01,-3.071082539551714E-01, -1.0
 5.845454545454547E-01,-3.481818181818181E-01,  1.0
 5.245454545454546E-01,-2.899999999999999E-01, -1.0
 5.845454545454547E-01,-2.779883716226153E-01,  1.0
 5.445454545454547E-01,-2.875348588524697E-01, -1.0
 5.645454545454547E-01,-2.354545454545454E-01,  1.0
 5.395759289754598E-01,-2.772727272727272E-01, -1.0
 5.445454545454547E-01,-2.190909090909090E-01,  1.0
 6.045454545454547E-01,-1.972878566160182E-01, -1.0
 5.445454545454547E-01,-1.827272727272727E-01,  1.0
 5.695848958084123E-01,-1.114005395342250E-01, -1.0
 5.426046757043519E-01,-1.863636363636363E-01,  1.0
 5.965352990537898E-01,-1.281818181818181E-01, -1.0
 5.627247350972823E-01,-5.430734940769385E-02,  1.0
 5.645454545454547E-01,-1.118181818181817E-01, -1.0
 5.645454545454547E-01,-5.363636363636354E-02,  1.0
 5.245454545454546E-01,-5.545454545454536E-02, -1.0
 5.645454545454547E-01,-3.727272727272717E-02,  1.0
 5.445454545454547E-01, 9.090909090910138E-04, -1.0
 5.607784699932001E-01,-2.090909090909080E-02,  1.0
 5.595888920968460E-01, 7.661633043950757E-03, -1.0
 5.572701270614754E-01, 5.545454545454557E-02,  1.0
 5.645454545454547E-01, 9.363636363636374E-02, -1.0
 5.603480674292550E-01, 5.386483743703927E-02,  1.0
 5.592739705086193E-01, 1.100000000000001E-01, -1.0
 5.245454545454546E-01, 1.481818181818183E-01,  1.0
 5.962724058654372E-01, 1.063636363636365E-01, -1.0
 5.445454545454547E-01, 1.665575033512569E-01,  1.0
 5.684831910174256E-01, 1.307759280068750E-01, -1.0
 5.245454545454546E-01, 2.009090909090910E-01,  1.0
 5.845454545454547E-01, 1.990909090909092E-01, -1.0
 5.245454545454546E-01, 2.172727272727274E-01,  1.0
 5.870885240559015E-01, 2.154545454545456E-01, -1.0
 5.445454545454547E-01, 2.659577760798236E-01,  1.0
 5.488380093106229E-01, 2.518181818181819E-01, -1.0
 5.845454545454547E-01, 3.042043969956361E-01,  1.0
 5.425608097029371E-01, 3.333212451002003E-01, -1.0
 5.445454545454547E-01, 3.063636363636365E-01,  1.0
 5.045454545454546E-01, 3.645454545454547E-01, -1.0
 5.845454545454547E-01, 3.698487351392852E-01,  1.0
 5.245454545454546E-01, 3.944875178524400E-01, -1.0
 6.000335267967059E-01, 4.190909090909093E-01,  1.0
 5.045454545454546E-01, 3.845043414994999E-01, -1.0
 5.845454545454547E-01, 4.354545454545456E-01,  1.0
 5.153564476430961E-01, 5.052484489374055E-01, -1.0
 6.045454545454547E-01, 4.475843936324502E-01,  1.0
 5.245454545454546E-01, 5.300000000000002E-01, -1.0
 5.845454545454547E-01, 5.233344876764476E-01,  1.0
 5.245454545454546E-01, 5.463636363636366E-01, -1.0
 5.845454545454547E-01, 5.045454545454546E-01,  1.0
 5.645454545454547E-01, 5.714586028619658E-01, -1.0
 5.245454545454546E-01, 5.987524305163464E-01,  1.0
 5.645454545454547E-01, 6.126313217102829E-01, -1.0
 5.371702399369470E-01, 6.172727272727274E-01,  1.0
 5.645454545454547E-01, 6.154545454545456E-01, -1.0
 5.645454545454547E-01, 6.936363636363638E-01,  1.0
 5.845454545454547E-01, 6.518181818181820E-01, -1.0
 5.845454545454547E-01, 7.300000000000002E-01,  1.0
 5.245454545454546E-01, 6.764021102697668E-01, -1.0
 5.845454545454547E-01, 7.663636363636366E-01,  1.0
 5.275929267413436E-01, 7.045454545454547E-01, -1.0
 5.913434145567099E-01, 7.821944645723810E-01,  1.0
 5.561548141109385E-01, 7.878831436332100E-01, -1.0
 5.842186526842604E-01, 7.990909090909093E-01,  1.0
 5.375429634599098E-01, 8.572727272727275E-01, -1.0
 5.771324073924776E-01, 8.154545454545457E-01,  1.0
 5.645454545454547E-01, 8.671406575184577E-01, -1.0
 5.845454545454547E-01, 8.918181818181821E-01,  1.0
 5.445454545454547E-01, 9.100000000000003E-01, -1.0
 6.227272727272729E-01,-9.500000000000001E-01, -1.0
 5.889848261772047E-01,-9.052691399652383E-01,  1.0
 5.627272727272729E-01,-8.536363636363636E-01, -1.0
 6.027272727272729E-01,-8.354545454545454E-01,  1.0
 5.627272727272729E-01,-8.172727272727273E-01, -1.0
 5.830517809019820E-01,-7.990909090909091E-01,  1.0
 5.627272727272729E-01,-8.209090909090909E-01, -1.0
 5.827272727272729E-01,-7.292952020622345E-01,  1.0
 5.827272727272729E-01,-7.845454545454545E-01, -1.0
 6.091052823618384E-01,-7.263636363636363E-01,  1.0
 5.227272727272728E-01,-7.116523118001028E-01, -1.0
 5.627272727272729E-01,-6.699999999999999E-01,  1.0
 6.027272727272729E-01,-6.625936864591092E-01, -1.0
 5.764680511175819E-01,-6.507356961769742E-01,  1.0
 6.027272727272729E-01,-6.754545454545454E-01, -1.0
 5.812352523123968E-01,-6.372727272727272E-01,  1.0
 5.709783428920016E-01,-5.790909090909091E-01, -1.0
 5.954328266013208E-01,-6.409090909090910E-01,  1.0
 5.627272727272729E-01,-5.827272727272728E-01, -1.0
 5.227272727272728E-01,-5.367414760428580E-01,  1.0
 5.897402910242158E-01,-5.769536489882947E-01, -1.0
 5.427272727272728E-01,-4.881818181818182E-01,  1.0
 6.027272727272729E-01,-5.299999999999999E-01, -1.0
 5.497865780060343E-01,-4.682089363113442E-01,  1.0
 5.966720531912777E-01,-4.852241424519542E-01, -1.0
 5.627272727272729E-01,-4.247067485124831E-01,  1.0
 5.827272727272729E-01,-3.972727272727272E-01, -1.0
 5.487607208879230E-01,-4.318606129120969E-01,  1.0
 5.632696801489142E-01,-3.609090909090908E-01, -1.0
 5.427272727272728E-01,-4.227272727272727E-01,  1.0
 5.422525171584552E-01,-3.245454545454545E-01, -1.0
 5.827272727272729E-01,-3.663636363636363E-01,  1.0
 5.427272727272728E-01,-3.065843248106019E-01, -1.0
 6.227272727272729E-01,-3.099999999999999E-01,  1.0
 5.427272727272728E-01,-2.833630419215401E-01, -1.0
 5.827272727272729E-01,-2.921288171697508E-01,  1.0
 5.529875416692112E-01,-2.781783682990680E-01, -1.0
 5.536190887580185E-01,-2.196155915097215E-01,  1.0
 6.027272727272729E-01,-1.790909090909090E-01, -1.0
 5.427272727272728E-01,-2.009090909090908E-01,  1.0
 5.627272727272729E-01,-1.427272727272726E-01, -1.0
 5.539597257270981E-01,-1.845454545454545E-01,  1.0
 6.027272727272729E-01,-1.263636363636363E-01, -1.0
 5.474727215976094E-01,-8.818181818181811E-02,  1.0
 6.027272727272729E-01,-1.201689443742648E-01, -1.0
 5.627272727272729E-01,-4.008162551605248E-02,  1.0
 5.827617619744255E-01,-9.363636363636353E-02, -1.0
 5.627272727272729E-01,-4.145043373471105E-02,  1.0
 6.027272727272729E-01,-9.693681363859440E-03, -1.0
 5.627272727272729E-01, 2.090909090909102E-02,  1.0
 5.827272727272729E-01,-1.647627118041156E-02, -1.0
 5.410080345387592E-01, 5.727272727272738E-02,  1.0
 6.222855471261266E-01,-4.545454545454438E-03, -1.0
 5.427272727272728E-01, 5.363636363636375E-02,  1.0
 5.904183550620912E-01, 1.118181818181819E-01, -1.0
 5.427272727272728E-01, 7.000000000000013E-02,  1.0
 5.827272727272729E-01, 1.081818181818183E-01, -1.0
 5.627272727272729E-01, 1.663636363636365E-01,  1.0
 6.027272727272729E-01, 1.834332850057512E-01, -1.0
 5.517649689710954E-01, 1.627272727272729E-01,  1.0
 6.027272727272729E-01, 2.009090909090910E-01, -1.0
 5.229498984627698E-01, 2.190909090909092E-01,  1.0
 5.827272727272729E-01, 2.172727272727274E-01, -1.0
 5.730553636145377E-01, 2.754545454545456E-01,  1.0
 5.827272727272729E-01, 2.225131360962934E-01, -1.0
 5.827272727272729E-01, 2.918181818181820E-01,  1.0
 5.627272727272729E-01, 3.300000000000002E-01, -1.0
 5.827272727272729E-01, 2.881818181818183E-01,  1.0
 5.427272727272728E-01, 3.463636363636365E-01, -1.0
 5.995361276842442E-01, 3.744788256680524E-01,  1.0
 5.427272727272728E-01, 3.924262011758167E-01, -1.0
 6.027272727272729E-01, 3.809090909090911E-01,  1.0
 5.427272727272728E-01, 3.988205458954903E-01, -1.0
 5.827272727272729E-01, 4.290644761712132E-01,  1.0
 5.227272727272728E-01, 4.954545454545456E-01, -1.0
 6.027272727272729E-01, 4.298848476679126E-01,  1.0
 5.427272727272728E-01, 4.918181818181820E-01, -1.0
 6.027272727272729E-01, 5.100000000000002E-01,  1.0
 5.427272727272728E-01, 5.081818181818184E-01, -1.0
 6.027272727272729E-01, 5.160320815194591E-01,  1.0
 5.627272727272729E-01, 5.845454545454547E-01, -1.0
 6.017983763854100E-01, 5.427272727272728E-01,  1.0
 5.743658215283070E-01, 6.209090909090911E-01, -1.0
 6.227272727272729E-01, 6.319443792768638E-01,  1.0
 5.827272727272729E-01, 6.172727272727274E-01, -1.0
 5.427272727272728E-01, 6.554545454545456E-01,  1.0
 5.484362363673309E-01, 6.536363636363638E-01, -1.0
 5.827272727272729E-01, 7.118181818181820E-01,  1.0
 5.821621247996307E-01, 6.994206069610610E-01, -1.0
 5.827272727272729E-01, 7.636194140728254E-01,  1.0
 5.751180467199961E-01, 6.908237721769670E-01, -1.0
 6.145824784101185E-01, 7.845454545454548E-01,  1.0
 5.627272727272729E-01, 7.427272727272729E-01, -1.0
 6.027272727272729E-01, 7.816128329369417E-01,  1.0
 5.427272727272728E-01, 7.790909090909093E-01, -1.0
 5.627272727272729E-01, 8.172727272727275E-01,  1.0
 5.827272727272729E-01, 8.554545454545457E-01, -1.0
 6.027272727272729E-01, 9.136363636363639E-01,  1.0
 5.827272727272729E-01, 8.538691906567903E-01, -1.0
 6.027272727272729E-01, 9.100000000000003E-01,  1.0
 6.009090909090911E-01,-8.900000000000000E-01,  1.0
 5.612282304885461E-01,-8.332302214456043E-01, -1.0
 6.009090909090911E-01,-8.936363636363637E-01,  1.0
 6.209090909090911E-01,-8.354545454545454E-01, -1.0
 6.009090909090911E-01,-8.720589332516425E-01,  1.0
 6.009090909090911E-01,-7.790909090909091E-01, -1.0
 5.652231395335398E-01,-7.563223876895706E-01,  1.0
 5.847227488619249E-01,-7.953810658780238E-01, -1.0
 6.209090909090911E-01,-7.245454545454545E-01,  1.0
 6.008808906740912E-01,-7.648834500833079E-01, -1.0
 6.009090909090911E-01,-7.308305455538346E-01,  1.0
 6.143660195246364E-01,-6.699999999999999E-01, -1.0
 6.204323375245286E-01,-7.118181818181818E-01,  1.0
 6.069389991965172E-01,-6.536363636363636E-01, -1.0
 5.609090909090910E-01,-6.509605716093059E-01,  1.0
 5.583109103972582E-01,-5.972727272727272E-01, -1.0
 5.809090909090910E-01,-6.190909090909091E-01,  1.0
 5.809090909090910E-01,-6.009090909090909E-01, -1.0
 6.186901654888018E-01,-6.027272727272728E-01,  1.0
 5.932385052520281E-01,-5.645454545454546E-01, -1.0
 5.609090909090910E-01,-5.063636363636363E-01,  1.0
 6.209090909090911E-01,-5.491953166414067E-01, -1.0
 5.504765149744899E-01,-4.499999999999999E-01,  1.0
 6.409090909090911E-01,-5.050194112206682E-01, -1.0
 5.609090909090910E-01,-4.536363636363636E-01,  1.0
 6.209090909090911E-01,-4.754545454545455E-01, -1.0
 5.609090909090910E-01,-4.372727272727273E-01,  1.0
 6.209090909090911E-01,-4.081510055001686E-01, -1.0
 5.846416581097452E-01,-3.625519825831888E-01,  1.0
 6.209090909090911E-01,-4.027272727272727E-01, -1.0
 5.899641497305719E-01,-3.556912515404143E-01,  1.0
 5.609090909090910E-01,-3.179018452258887E-01, -1.0
 6.034832461806614E-01,-2.911768061704489E-01,  1.0
 5.409090909090910E-01,-2.932006144885636E-01, -1.0
 6.009090909090911E-01,-2.918181818181818E-01,  1.0
 6.209090909090911E-01,-2.336363636363635E-01, -1.0
 5.609090909090910E-01,-2.230631143346844E-01,  1.0
 6.209090909090911E-01,-1.810181243686335E-01, -1.0
 5.609090909090910E-01,-2.390909090909090E-01,  1.0
 6.246543050220034E-01,-1.933805871067263E-01, -1.0
 5.609090909090910E-01,-1.827272727272727E-01,  1.0
 6.209090909090911E-01,-1.445454545454544E-01, -1.0
 5.609090909090910E-01,-1.663636363636363E-01,  1.0
 6.209090909090911E-01,-1.281818181818181E-01, -1.0
 5.651778563548900E-01,-4.999999999999992E-02,  1.0
 6.223505941012787E-01,-1.310473766751653E-01, -1.0
 5.785534500688045E-01,-5.363636363636354E-02,  1.0
 6.185924417766862E-01,-1.545454545454535E-02, -1.0
 5.609090909090910E-01,-3.727272727272717E-02,  1.0
 6.100964549949319E-01,-2.232380849025036E-02, -1.0
 5.609090909090910E-01, 4.826973317714357E-02,  1.0
 5.409090909090910E-01, 1.718569464906805E-02, -1.0
 5.809090909090910E-01, 1.987748090600928E-02,  1.0
 6.009090909090911E-01, 9.363636363636374E-02, -1.0
 5.409090909090910E-01, 5.181818181818193E-02,  1.0
 5.939464952074126E-01, 9.670096930310620E-02, -1.0
 6.409090909090911E-01, 1.681818181818183E-01,  1.0
 6.009090909090911E-01, 1.063636363636365E-01, -1.0
 5.609090909090910E-01, 1.676216352902734E-01,  1.0
 5.858359133338246E-01, 1.827272727272729E-01, -1.0
 5.609090909090910E-01, 2.409090909090911E-01,  1.0
 6.009090909090911E-01, 1.990909090909092E-01, -1.0
 6.356052196189664E-01, 2.772727272727274E-01,  1.0
 5.874342453637528E-01, 2.154545454545456E-01, -1.0
 6.209090909090911E-01, 2.736363636363638E-01,  1.0
 5.842838250072725E-01, 2.518181818181819E-01, -1.0
 5.809090909090910E-01, 2.900000000000001E-01,  1.0
 6.209090909090911E-01, 3.262063872475749E-01, -1.0
 5.653494600626238E-01, 2.863636363636365E-01,  1.0
 6.209090909090911E-01, 3.445454545454547E-01, -1.0
 6.009090909090911E-01, 4.027272727272729E-01,  1.0
 5.639094610342225E-01, 3.809090909090911E-01, -1.0
 6.009090909090911E-01, 4.390909090909093E-01,  1.0
 5.809090909090910E-01, 4.772727272727275E-01, -1.0
 6.009090909090911E-01, 4.354545454545456E-01,  1.0
 5.609090909090910E-01, 4.960155721790789E-01, -1.0
 6.084301776511767E-01, 4.318181818181819E-01,  1.0
 5.609090909090910E-01, 5.054705299323425E-01, -1.0
 6.177587557244033E-01, 5.081818181818184E-01,  1.0
 5.618619947293311E-01, 5.855268203305598E-01, -1.0
 6.009090909090911E-01, 5.245454545454546E-01,  1.0
 5.609090909090910E-01, 5.716400139231785E-01, -1.0
 6.034090738460651E-01, 5.609090909090910E-01,  1.0
 5.809090909090910E-01, 6.315468175948696E-01, -1.0
 6.409090909090911E-01, 6.372727272727274E-01,  1.0
 5.915648023610816E-01, 6.554545454545456E-01, -1.0
 5.809090909090910E-01, 6.936363636363638E-01,  1.0
 5.809090909090910E-01, 6.918181818181820E-01, -1.0
 6.409090909090911E-01, 7.300000000000002E-01,  1.0
 5.754332499344095E-01, 7.081818181818184E-01, -1.0
 6.409090909090911E-01, 7.117545269213539E-01,  1.0
 5.809090909090910E-01, 7.245454545454547E-01, -1.0
 6.214713445951140E-01, 7.827272727272729E-01,  1.0
 6.009090909090911E-01, 8.409090909090912E-01, -1.0
 6.108583051875890E-01, 7.790909090909093E-01,  1.0
 5.809090909090910E-01, 8.572727272727275E-01, -1.0
 6.209090909090911E-01, 8.354545454545457E-01,  1.0
 5.809090909090910E-01, 8.536363636363639E-01, -1.0
 6.009090909090911E-01, 9.053987281212534E-01,  1.0
 5.409090909090910E-01, 8.700611405444504E-01, -1.0
 6.390909090909093E-01,-9.165209319355340E-01, -1.0
 5.990909090909092E-01,-8.918181818181818E-01,  1.0
 6.190909090909092E-01,-8.536363636363636E-01, -1.0
 5.990909090909092E-01,-8.554545454545455E-01,  1.0
 6.178171342192222E-01,-8.372727272727273E-01, -1.0
 6.590909090909093E-01,-7.990909090909091E-01,  1.0
 5.990909090909092E-01,-7.889302155221209E-01, -1.0
 6.590909090909093E-01,-7.818502260136013E-01,  1.0
 5.990909090909092E-01,-7.845454545454545E-01, -1.0
 6.190909090909092E-01,-7.263636363636363E-01,  1.0
 6.150336232771818E-01,-6.681818181818181E-01, -1.0
 6.390909090909093E-01,-7.300000000000000E-01,  1.0
 6.031505817141963E-01,-6.718181818181818E-01, -1.0
 6.478210877292538E-01,-6.936363636363636E-01,  1.0
 6.167240793110420E-01,-6.539619852569797E-01, -1.0
 5.990909090909092E-01,-6.372727272727272E-01,  1.0
 5.790909090909092E-01,-5.857705674407157E-01, -1.0
 5.990909090909092E-01,-6.009090909090909E-01,  1.0
 5.790909090909092E-01,-5.827272727272728E-01, -1.0
 5.790909090909092E-01,-5.245454545454545E-01,  1.0
 6.043615852923432E-01,-5.663636363636364E-01, -1.0
 5.990909090909092E-01,-4.916816219210158E-01,  1.0
 6.546525955527279E-01,-5.099999999999999E-01, -1.0
 5.790909090909092E-01,-4.338952532382952E-01,  1.0
 6.190909090909092E-01,-4.936363636363637E-01, -1.0
 5.590909090909092E-01,-4.354545454545454E-01,  1.0
 6.190909090909092E-01,-4.172727272727272E-01, -1.0
 5.590909090909092E-01,-4.190909090909091E-01,  1.0
 6.190909090909092E-01,-4.009090909090909E-01, -1.0
 5.790909090909092E-01,-3.627272727272727E-01,  1.0
 6.190909090909092E-01,-3.741837330194923E-01, -1.0
 6.190909090909092E-01,-3.263636363636363E-01,  1.0
 5.790909090909092E-01,-3.281818181818181E-01, -1.0
 5.990909090909092E-01,-2.899999999999999E-01,  1.0
 6.481172430128271E-01,-2.472206148000765E-01, -1.0
 5.990909090909092E-01,-2.734474187536855E-01,  1.0
 6.190909090909092E-01,-2.354545454545454E-01, -1.0
 6.390909090909093E-01,-2.172727272727272E-01,  1.0
 6.190909090909092E-01,-2.190909090909090E-01, -1.0
 6.390909090909093E-01,-2.153120998344958E-01,  1.0
 6.390909090909093E-01,-1.427272727272726E-01, -1.0
 5.590909090909092E-01,-1.645454545454545E-01,  1.0
 6.347958787933392E-01,-1.395232492414866E-01, -1.0
 5.990909090909092E-01,-6.818181818181812E-02,  1.0
 6.390909090909093E-01,-1.499999999999999E-01, -1.0
 5.790909090909092E-01,-7.181818181818173E-02,  1.0
 6.463448734070005E-01,-1.136363636363635E-01, -1.0
 5.790909090909092E-01,-5.545454545454536E-02,  1.0
 5.990909090909092E-01,-1.727272727272717E-02, -1.0
 5.907457018025193E-01, 1.115219531426687E-02,  1.0
 6.084678296125356E-01,-2.090909090909080E-02, -1.0
 5.923244482049710E-01, 2.953925340684692E-02,  1.0
 6.190909090909092E-01, 5.545454545454557E-02, -1.0
 5.590909090909092E-01, 3.363636363636375E-02,  1.0
 6.352053807982089E-01, 7.181818181818193E-02, -1.0
 6.390909090909093E-01, 1.500000000000001E-01,  1.0
 5.990909090909092E-01, 1.081818181818183E-01, -1.0
 6.590909090909093E-01, 1.663636363636365E-01,  1.0
 5.990909090909092E-01, 1.045454545454547E-01, -1.0
 6.590909090909093E-01, 1.627272727272729E-01,  1.0
 5.856887488055003E-01, 2.008797768204965E-01, -1.0
 6.590909090909093E-01, 2.590909090909093E-01,  1.0
 6.078598810058342E-01, 1.972727272727274E-01, -1.0
 6.355438648544696E-01, 2.554545454545456E-01,  1.0
 5.990909090909092E-01, 2.136363636363637E-01, -1.0
 6.390909090909093E-01, 2.718181818181820E-01,  1.0
 6.190909090909092E-01, 3.213354375648725E-01, -1.0
 5.790909090909092E-01, 3.081818181818183E-01,  1.0
 6.383848311839045E-01, 3.226507186251405E-01, -1.0
 5.931571674448454E-01, 3.839865482582355E-01,  1.0
 6.118655501901656E-01, 3.227272727272729E-01, -1.0
 6.141359406097662E-01, 3.815582174856203E-01,  1.0
 5.590909090909092E-01, 3.990909090909093E-01, -1.0
 5.990909090909092E-01, 4.200997730091919E-01,  1.0
 5.857868385938121E-01, 4.954545454545456E-01, -1.0
 6.187134282117334E-01, 4.536363636363638E-01,  1.0
 5.790909090909092E-01, 5.033082359763721E-01, -1.0
 6.190909090909092E-01, 4.726763579061077E-01,  1.0
 6.367311795802830E-01, 5.505037131623289E-01, -1.0
 6.012701866205501E-01, 5.063636363636366E-01,  1.0
 6.190909090909092E-01, 5.645454545454547E-01, -1.0
 5.990909090909092E-01, 5.427272727272728E-01,  1.0
 5.790909090909092E-01, 6.159545259682734E-01, -1.0
 6.590909090909093E-01, 6.390909090909093E-01,  1.0
 5.790909090909092E-01, 6.560825963627673E-01, -1.0
 6.590909090909093E-01, 6.344124013175251E-01,  1.0
 5.668872421651567E-01, 6.536363636363638E-01, -1.0
 6.390909090909093E-01, 7.083038055214949E-01,  1.0
 5.790909090909092E-01, 6.700000000000002E-01, -1.0
 6.390909090909093E-01, 7.281818181818184E-01,  1.0
 5.590909090909092E-01, 7.063636363636365E-01, -1.0
 5.990909090909092E-01, 7.845454545454548E-01,  1.0
 5.651355607312193E-01, 7.357173856994590E-01, -1.0
 6.190909090909092E-01, 8.009090909090911E-01,  1.0
 5.889992838073893E-01, 8.390909090909093E-01, -1.0
 6.176200815214661E-01, 8.220669069462162E-01,  1.0
 5.990909090909092E-01, 8.554545454545457E-01, -1.0
 6.190909090909092E-01, 8.336363636363638E-01,  1.0
 5.990909090909092E-01, 8.718181818181820E-01, -1.0
 6.190909090909092E-01, 9.100000000000003E-01,  1.0
 5.972727272727274E-01,-9.100000000000000E-01,  1.0
 6.456617902718347E-01,-8.561647305782226E-01, -1.0
 5.972727272727274E-01,-8.936363636363637E-01,  1.0
 6.372727272727274E-01,-8.354545454545454E-01, -1.0
 5.993186488852920E-01,-8.488728721989768E-01,  1.0
 5.972727272727274E-01,-8.167442359728148E-01, -1.0
 6.572727272727275E-01,-7.839472375828656E-01,  1.0
 6.013917854453500E-01,-7.827272727272727E-01, -1.0
 6.372727272727274E-01,-7.386579003718837E-01,  1.0
 5.972727272727274E-01,-7.863636363636364E-01, -1.0
 6.372727272727274E-01,-7.081818181818181E-01,  1.0
 5.972727272727274E-01,-6.854185795852682E-01, -1.0
 6.570437354076910E-01,-7.118181818181818E-01,  1.0
 6.102798971047362E-01,-6.445807094649543E-01, -1.0
 6.772727272727275E-01,-6.754545454545454E-01,  1.0
 6.172727272727274E-01,-6.597730691112744E-01, -1.0
 6.172727272727274E-01,-6.190909090909091E-01,  1.0
 6.172727272727274E-01,-5.809090909090909E-01, -1.0
 6.372727272727274E-01,-6.027272727272728E-01,  1.0
 6.172727272727274E-01,-5.645454545454546E-01, -1.0
 5.962347217636456E-01,-5.063636363636363E-01,  1.0
 6.372727272727274E-01,-5.481818181818182E-01, -1.0
 6.552976443463674E-01,-4.622883828968296E-01,  1.0
 6.372727272727274E-01,-4.952943858773602E-01, -1.0
 6.372727272727274E-01,-4.336363636363636E-01,  1.0
 6.172727272727274E-01,-4.754545454545455E-01, -1.0
 6.572727272727275E-01,-4.172727272727272E-01,  1.0
 6.172727272727274E-01,-3.990909090909091E-01, -1.0
 6.372727272727274E-01,-3.476527082999943E-01,  1.0
 6.331609810316958E-01,-4.027272727272727E-01, -1.0
 6.372727272727274E-01,-3.245454545454545E-01,  1.0
 6.228679617362544E-01,-3.863636363636364E-01, -1.0
 6.372727272727274E-01,-3.081818181818181E-01,  1.0
 6.572727272727275E-01,-2.699999999999999E-01, -1.0
 5.972727272727274E-01,-2.925063219718840E-01,  1.0
 6.372727272727274E-01,-2.266414242054768E-01, -1.0
 5.772727272727274E-01,-2.554545454545454E-01,  1.0
 6.127763974799703E-01,-2.070567770878696E-01, -1.0
 6.372727272727274E-01,-2.119579159614134E-01,  1.0
 6.372727272727274E-01,-1.468425159605670E-01, -1.0
 6.372727272727274E-01,-2.027272727272727E-01,  1.0
 6.572727272727275E-01,-1.338697967170038E-01, -1.0
 5.772727272727274E-01,-1.863636363636363E-01,  1.0
 6.096912055450966E-01,-1.281818181818181E-01, -1.0
 5.772727272727274E-01,-8.999999999999991E-02,  1.0
 6.572727272727275E-01,-4.696064060317194E-02, -1.0
 5.972727272727274E-01,-5.363636363636354E-02,  1.0
 6.372727272727274E-01,-5.586113834057407E-02, -1.0
 5.972727272727274E-01, 2.272727272727283E-02,  1.0
 6.585934205709000E-01,-3.909090909090899E-02, -1.0
 5.972727272727274E-01, 1.865951146292857E-02,  1.0
 6.390987002375170E-01, 5.727272727272738E-02, -1.0
 5.772727272727274E-01, 3.545454545454556E-02,  1.0
 6.372727272727274E-01, 5.363636363636375E-02, -1.0
 6.572727272727275E-01, 1.161510828440150E-01,  1.0
 5.972727272727274E-01, 1.032435292215600E-01, -1.0
 6.664034419237249E-01, 1.401159414949599E-01,  1.0
 5.972727272727274E-01, 1.780194088340084E-01, -1.0
 6.549899066121503E-01, 1.645454545454547E-01,  1.0
 5.972727272727274E-01, 1.827272727272729E-01, -1.0
 6.572727272727275E-01, 1.809090909090910E-01,  1.0
 5.972727272727274E-01, 1.990909090909092E-01, -1.0
 6.665680540410198E-01, 2.772727272727274E-01,  1.0
 5.972727272727274E-01, 2.005821656638424E-01, -1.0
 6.372727272727274E-01, 2.736363636363638E-01,  1.0
 6.172727272727274E-01, 3.118181818181820E-01, -1.0
 5.772727272727274E-01, 3.013784573507124E-01,  1.0
 6.372727272727274E-01, 3.281818181818184E-01, -1.0
 6.172727272727274E-01, 3.609322502100231E-01,  1.0
 6.572727272727275E-01, 3.645454545454547E-01, -1.0
 5.972727272727274E-01, 3.827272727272729E-01,  1.0
 6.572727272727275E-01, 3.809090909090911E-01, -1.0
 6.172727272727274E-01, 4.390909090909093E-01,  1.0
 5.972727272727274E-01, 4.772727272727275E-01, -1.0
 6.353644530203341E-01, 4.754545454545456E-01,  1.0
 6.772727272727275E-01, 4.336363636363638E-01, -1.0
 6.172727272727274E-01, 4.918181818181819E-01,  1.0
 6.572727272727275E-01, 5.300000000000002E-01, -1.0
 6.372727272727274E-01, 4.681818181818184E-01,  1.0
 6.372727272727274E-01, 5.663636363636366E-01, -1.0
 6.204824040927386E-01, 5.245454545454546E-01,  1.0
 6.372727272727274E-01, 5.827272727272729E-01, -1.0
 6.572727272727275E-01, 6.209090909090911E-01,  1.0
 6.372727272727274E-01, 5.790909090909092E-01, -1.0
 6.555270201846586E-01, 6.297842462207387E-01,  1.0
 5.972727272727274E-01, 6.554545454545456E-01, -1.0
 6.572727272727275E-01, 6.480419666467225E-01,  1.0
 5.786411750160927E-01, 6.745408020417745E-01, -1.0
 6.494444077450494E-01, 7.300000000000002E-01,  1.0
 5.972727272727274E-01, 6.681818181818183E-01, -1.0
 6.372727272727274E-01, 7.263636363636365E-01,  1.0
 6.092981472061910E-01, 7.672666987063553E-01, -1.0
 6.172727272727274E-01, 7.977978810730875E-01,  1.0
 5.972727272727274E-01, 8.209090909090911E-01, -1.0
 6.172727272727274E-01, 7.853201800879510E-01,  1.0
 6.172727272727274E-01, 8.622206024409056E-01, -1.0
 6.372727272727274E-01, 8.354545454545457E-01,  1.0
 6.172727272727274E-01, 8.441049842767488E-01, -1.0
 6.745936403830940E-01, 8.665221866616772E-01,  1.0
 6.372727272727274E-01, 8.900000000000002E-01, -1.0
 6.354545454545456E-01,-8.700000000000000E-01, -1.0
 6.154545454545456E-01,-8.918181818181818E-01,  1.0
 6.354545454545456E-01,-8.536363636363636E-01, -1.0
 6.206090047262991E-01,-8.354545454545454E-01,  1.0
 5.954545454545456E-01,-8.108071085630855E-01, -1.0
 6.754545454545456E-01,-7.790909090909091E-01,  1.0
 5.954545454545456E-01,-8.009090909090909E-01, -1.0
 6.754545454545456E-01,-7.955405579271781E-01,  1.0
 6.207589183128157E-01,-7.669260446478319E-01, -1.0
 6.554545454545456E-01,-7.263636363636363E-01,  1.0
 5.954545454545456E-01,-6.881818181818181E-01, -1.0
 6.418792841215781E-01,-7.206427840081256E-01,  1.0
 6.154545454545456E-01,-6.718181818181818E-01, -1.0
 6.754545454545456E-01,-6.605028419687319E-01,  1.0
 6.322065706086423E-01,-6.154545454545454E-01, -1.0
 6.744989641440656E-01,-5.972727272727272E-01,  1.0
 6.154545454545456E-01,-5.790909090909091E-01, -1.0
 6.862971108594051E-01,-6.009090909090909E-01,  1.0
 6.354545454545456E-01,-5.440034250368172E-01, -1.0
 6.754545454545456E-01,-5.711727737021317E-01,  1.0
 6.554545454545456E-01,-5.263636363636364E-01, -1.0
 6.154545454545456E-01,-4.881818181818182E-01,  1.0
 6.554545454545456E-01,-5.099999999999999E-01, -1.0
 6.554545454545456E-01,-4.363715892937704E-01,  1.0
 6.954545454545457E-01,-4.747767697787049E-01, -1.0
 6.554545454545456E-01,-4.354545454545454E-01,  1.0
 6.172685039000028E-01,-4.172727272727272E-01, -1.0
 6.554545454545456E-01,-4.181409390461130E-01,  1.0
 6.332800214457186E-01,-4.209090909090909E-01, -1.0
 6.553937622390018E-01,-3.427272727272727E-01,  1.0
 6.954545454545457E-01,-3.845454545454545E-01, -1.0
 6.354545454545456E-01,-3.117281298613743E-01,  1.0
 6.754545454545456E-01,-2.681818181818181E-01, -1.0
 6.327252853079656E-01,-3.278552687559169E-01,  1.0
 6.754545454545456E-01,-2.518181818181817E-01, -1.0
 5.987738845822028E-01,-3.122893984099753E-01,  1.0
 6.754245189882540E-01,-2.554545454545454E-01, -1.0
 6.554545454545456E-01,-2.191007449479033E-01,  1.0
 6.554545454545456E-01,-1.590909090909090E-01, -1.0
 6.554545454545456E-01,-2.009090909090908E-01,  1.0
 6.528674223040272E-01,-1.439406914981772E-01, -1.0
 5.954545454545456E-01,-1.045454545454545E-01,  1.0
 6.554545454545456E-01,-1.479683058380160E-01, -1.0
 6.036865583774923E-01,-8.818181818181811E-02,  1.0
 6.437515171782472E-01,-1.299999999999999E-01, -1.0
 6.754545454545456E-01,-9.181818181818172E-02,  1.0
 6.554545454545456E-01,-5.363636363636354E-02, -1.0
 5.954545454545456E-01,-5.545454545454536E-02,  1.0
 6.554545454545456E-01,-3.727272727272717E-02, -1.0
 6.554545454545456E-01, 3.311569348147334E-03,  1.0
 6.554545454545456E-01,-2.090909090909080E-02, -1.0
 6.154545454545456E-01, 1.727272727272738E-02,  1.0
 6.554545454545456E-01, 3.545454545454556E-02, -1.0
 6.754545454545456E-01, 1.136363636363637E-01,  1.0
 6.154545454545456E-01, 5.251718473728232E-02, -1.0
 6.554545454545456E-01, 1.100000000000001E-01,  1.0
 6.754545454545456E-01, 1.281818181818183E-01, -1.0
 6.554545454545456E-01, 1.263636363636365E-01,  1.0
 6.020173716275368E-01, 1.245454545454547E-01, -1.0
 6.554545454545456E-01, 1.707942129866657E-01,  1.0
 6.154545454545456E-01, 2.009090909090910E-01, -1.0
 6.754545454545456E-01, 2.432443958519648E-01,  1.0
 6.154545454545456E-01, 1.972727272727274E-01, -1.0
 6.554545454545456E-01, 2.554545454545456E-01,  1.0
 5.954545454545456E-01, 2.336363636363638E-01, -1.0
 6.754545454545456E-01, 2.718181818181820E-01,  1.0
 6.354545454545456E-01, 3.216537133639937E-01, -1.0
 6.754545454545456E-01, 2.881818181818183E-01,  1.0
 6.354545454545456E-01, 3.263636363636365E-01, -1.0
 6.354545454545456E-01, 3.445454545454547E-01,  1.0
 6.554545454545456E-01, 4.027272727272729E-01, -1.0
 6.154545454545456E-01, 4.209090909090911E-01,  1.0
 6.754545454545456E-01, 3.990909090909093E-01, -1.0
 6.354545454545456E-01, 4.772727272727275E-01,  1.0
 6.593075419595917E-01, 3.954545454545456E-01, -1.0
 6.354545454545456E-01, 4.736363636363638E-01,  1.0
 6.754545454545456E-01, 4.518181818181820E-01, -1.0
 6.354545454545456E-01, 4.700000000000002E-01,  1.0
 6.754545454545456E-01, 5.481818181818184E-01, -1.0
 6.154545454545456E-01, 5.263636363636366E-01,  1.0
 6.354545454545456E-01, 5.645454545454547E-01, -1.0
 6.635231365638730E-01, 6.227272727272729E-01,  1.0
 6.354545454545456E-01, 5.710281487177851E-01, -1.0
 6.682161284606801E-01, 6.190909090909092E-01,  1.0
 5.954545454545456E-01, 6.572727272727275E-01, -1.0
 6.554545454545456E-01, 6.354545454545456E-01,  1.0
 6.754545454545456E-01, 6.736363636363638E-01, -1.0
 6.354545454545456E-01, 7.118181818181820E-01,  1.0
 6.954545454545457E-01, 6.900000000000002E-01, -1.0
 6.191787483368889E-01, 7.281818181818184E-01,  1.0
 6.893845558284268E-01, 7.723898734263803E-01, -1.0
 6.354545454545456E-01, 7.292552391125072E-01,  1.0
 6.954545454545457E-01, 7.827272727272729E-01, -1.0
 6.194725137125249E-01, 7.809090909090911E-01,  1.0
 6.554545454545456E-01, 8.390909090909093E-01, -1.0
 6.354545454545456E-01, 8.415729298410095E-01,  1.0
 6.354545454545456E-01, 8.554545454545457E-01, -1.0
 6.534963233234216E-01, 8.536363636363639E-01,  1.0
 6.354545454545456E-01, 8.718181818181820E-01, -1.0
 6.154545454545456E-01, 9.050911228542404E-01,  1.0
 6.736363636363638E-01,-8.903656710174672E-01,  1.0
 6.336363636363638E-01,-8.368743499936159E-01, -1.0
 6.736363636363638E-01,-8.936363636363637E-01,  1.0
 6.535765714684051E-01,-8.368626952657271E-01, -1.0
 6.926894891537334E-01,-8.772727272727273E-01,  1.0
 6.336363636363638E-01,-8.390909090909091E-01, -1.0
 6.736363636363638E-01,-7.809090909090909E-01,  1.0
 6.136363636363638E-01,-7.827272727272727E-01, -1.0
 6.528793181313797E-01,-7.045454545454545E-01,  1.0
 6.736363636363638E-01,-7.463636363636363E-01, -1.0
 6.536363636363638E-01,-7.165613567704852E-01,  1.0
 6.334049068325307E-01,-6.699999999999999E-01, -1.0
 6.736363636363638E-01,-6.954113034778063E-01,  1.0
 6.136363636363638E-01,-6.536363636363636E-01, -1.0
 6.736363636363638E-01,-6.554545454545454E-01,  1.0
 6.336363636363638E-01,-5.972727272727272E-01, -1.0
 6.964955116420792E-01,-5.990909090909091E-01,  1.0
 6.186477552967060E-01,-5.734459813729708E-01, -1.0
 6.936363636363638E-01,-5.837695274596686E-01,  1.0
 6.345384089796927E-01,-5.553986328879231E-01, -1.0
 6.770564769586777E-01,-5.863636363636364E-01,  1.0
 6.536363636363638E-01,-5.281818181818182E-01, -1.0
 7.136363636363638E-01,-4.669984978189562E-01,  1.0
 6.715967489620621E-01,-5.232408175936712E-01, -1.0
 6.536363636363638E-01,-4.336363636363636E-01,  1.0
 6.336363636363638E-01,-4.754545454545455E-01, -1.0
 6.378192058849332E-01,-4.172727272727272E-01,  1.0
 7.098791232822382E-01,-3.990909090909091E-01, -1.0
 6.548207704895171E-01,-4.209090909090909E-01,  1.0
 6.936363636363638E-01,-3.981374894721934E-01, -1.0
 6.536363636363638E-01,-3.245454545454545E-01,  1.0
 6.936363636363638E-01,-3.663636363636363E-01, -1.0
 6.336363636363638E-01,-3.281818181818181E-01,  1.0
 7.062942013597393E-01,-2.499999999999999E-01, -1.0
 6.336363636363638E-01,-3.237685478209140E-01,  1.0
 6.736363636363638E-01,-2.433590882792778E-01, -1.0
 6.387127698773674E-01,-2.154545454545453E-01,  1.0
 6.936363636363638E-01,-2.460568351898995E-01, -1.0
 6.936363636363638E-01,-2.035783648415718E-01,  1.0
 6.536363636363638E-01,-1.609090909090908E-01, -1.0
 6.936363636363638E-01,-2.061235757228854E-01,  1.0
 6.497602635773027E-01,-1.445454545454544E-01, -1.0
 6.936363636363638E-01,-1.594550580158065E-01,  1.0
 6.536363636363638E-01,-1.281818181818181E-01, -1.0
 7.136363636363638E-01,-9.859569657411965E-02,  1.0
 6.536363636363638E-01,-5.181818181818172E-02, -1.0
 6.936363636363638E-01,-9.363636363636353E-02,  1.0
 6.536363636363638E-01,-5.545454545454536E-02, -1.0
 6.936363636363638E-01,-1.727272727272717E-02,  1.0
 6.395100457850950E-01,-3.909090909090899E-02, -1.0
 6.284716547546937E-01, 6.008179682514323E-03,  1.0
 6.423848825514072E-01, 4.173897766214913E-02, -1.0
 6.936363636363638E-01, 8.793114051969286E-02,  1.0
 6.536363636363638E-01, 5.363636363636375E-02, -1.0
 6.736363636363638E-01, 9.181818181818192E-02,  1.0
 6.336363636363638E-01, 5.633067926760816E-02, -1.0
 6.646050380284338E-01, 1.281818181818183E-01,  1.0
 6.936363636363638E-01, 1.263636363636365E-01, -1.0
 6.736363636363638E-01, 1.645454545454547E-01,  1.0
 6.936363636363638E-01, 1.427272727272728E-01, -1.0
 6.736363636363638E-01, 2.009090909090910E-01,  1.0
 6.145116467811779E-01, 1.990909090909092E-01, -1.0
 6.736363636363638E-01, 2.572727272727274E-01,  1.0
 6.136363636363638E-01, 2.159551756724486E-01, -1.0
 6.736363636363638E-01, 2.736363636363638E-01,  1.0
 6.336363636363638E-01, 3.118181818181820E-01, -1.0
 6.736363636363638E-01, 2.900000000000001E-01,  1.0
 6.136363636363638E-01, 3.309030891749309E-01, -1.0
 6.536363636363638E-01, 3.063636363636365E-01,  1.0
 6.261341503285990E-01, 3.245454545454547E-01, -1.0
 7.037572241611769E-01, 3.627272727272729E-01,  1.0
 6.936363636363638E-01, 4.209090909090911E-01, -1.0
 6.336363636363638E-01, 3.802799036655323E-01,  1.0
 7.136363636363638E-01, 4.284068051060114E-01, -1.0
 6.502480969584531E-01, 4.754545454545456E-01,  1.0
 6.936363636363638E-01, 4.136363636363637E-01, -1.0
 6.336363636363638E-01, 4.592278099878009E-01,  1.0
 6.936363636363638E-01, 5.300000000000002E-01, -1.0
 6.336363636363638E-01, 5.130704623342831E-01,  1.0
 6.514166860124837E-01, 5.568053052060319E-01, -1.0
 6.655549845758959E-01, 5.445454545454547E-01,  1.0
 6.930576900444598E-01, 5.627272727272729E-01, -1.0
 6.736363636363638E-01, 6.195539132868375E-01,  1.0
 6.936363636363638E-01, 5.790909090909092E-01, -1.0
 6.536363636363638E-01, 6.372727272727274E-01,  1.0
 6.936363636363638E-01, 6.754545454545456E-01, -1.0
 6.536363636363638E-01, 6.336363636363638E-01,  1.0
 6.763711267914911E-01, 6.918181818181820E-01, -1.0
 6.536363636363638E-01, 7.300000000000002E-01,  1.0
 6.936363636363638E-01, 7.036069298240316E-01, -1.0
 6.336363636363638E-01, 7.263636363636365E-01,  1.0
 6.936363636363638E-01, 7.781529848323183E-01, -1.0
 6.456144225030074E-01, 7.227272727272729E-01,  1.0
 6.936363636363638E-01, 7.847379020870792E-01, -1.0
 6.336363636363638E-01, 7.980970037160217E-01,  1.0
 6.936363636363638E-01, 7.846873215456120E-01, -1.0
 6.536363636363638E-01, 8.456175495602167E-01,  1.0
 6.536363636363638E-01, 8.736363636363639E-01, -1.0
 6.736363636363638E-01, 8.813266783308028E-01,  1.0
 6.620140571539260E-01, 9.277227174727102E-01, -1.0
 6.799052112193403E-01,-9.500000000000001E-01, -1.0
 6.918181818181820E-01,-8.846694218361869E-01,  1.0
 6.718181818181820E-01,-8.336363636363636E-01, -1.0
 6.870480019189891E-01,-8.954545454545455E-01,  1.0
 6.718181818181820E-01,-8.172727272727273E-01, -1.0
 6.562997547433839E-01,-7.790909090909091E-01,  1.0
 6.790545622731893E-01,-7.409090909090909E-01, -1.0
 6.718181818181820E-01,-7.878721039705422E-01,  1.0
 6.916951639849832E-01,-7.445454545454545E-01, -1.0
 6.718181818181820E-01,-7.775295816941956E-01,  1.0
 6.994935600827699E-01,-7.281818181818182E-01, -1.0
 6.883667138944127E-01,-6.899999999999999E-01,  1.0
 7.301938203607130E-01,-6.518181818181817E-01, -1.0
 6.724319490696009E-01,-6.736363636363636E-01,  1.0
 6.519830631594863E-01,-6.154545454545454E-01, -1.0
 6.721305824650576E-01,-6.572727272727272E-01,  1.0
 6.918181818181820E-01,-6.390909090909092E-01, -1.0
 7.118181818181820E-01,-6.009090909090909E-01,  1.0
 6.518181818181820E-01,-5.427272727272727E-01, -1.0
 7.191098007622964E-01,-5.845454545454546E-01,  1.0
 6.718181818181820E-01,-5.263636363636364E-01, -1.0
 7.318181818181820E-01,-5.350437328327441E-01,  1.0
 6.718181818181820E-01,-5.233248248258021E-01, -1.0
 6.697182423713764E-01,-4.318181818181817E-01,  1.0
 6.925566433954242E-01,-4.936363636363637E-01, -1.0
 6.518181818181820E-01,-4.354545454545454E-01,  1.0
 7.266730469302343E-01,-3.979678176854596E-01, -1.0
 6.422882219326281E-01,-4.190909090909091E-01,  1.0
 7.091128236876946E-01,-4.150684029358961E-01, -1.0
 6.518181818181820E-01,-3.427272727272727E-01,  1.0
 7.318181818181820E-01,-3.645454545454545E-01, -1.0
 6.718181818181820E-01,-3.263636363636363E-01,  1.0
 6.918181818181820E-01,-2.681818181818181E-01, -1.0
 6.718181818181820E-01,-3.099999999999999E-01,  1.0
 6.918181818181820E-01,-2.525934409041252E-01, -1.0
 7.080607046974382E-01,-2.936363636363636E-01,  1.0
 6.854358161743576E-01,-2.554545454545454E-01, -1.0
 6.903739850600299E-01,-1.972727272727272E-01,  1.0
 6.603038039144036E-01,-1.590909090909090E-01, -1.0
 7.022983224208471E-01,-2.112330145485842E-01,  1.0
 6.518181818181820E-01,-1.627272727272726E-01, -1.0
 6.918181818181820E-01,-1.845454545454545E-01,  1.0
 6.518181818181820E-01,-1.263636363636363E-01, -1.0
 6.918181818181820E-01,-1.081818181818181E-01,  1.0
 6.918181818181820E-01,-6.999999999999992E-02, -1.0
 6.918181818181820E-01,-8.799362348350769E-02,  1.0
 6.535081322517881E-01,-4.099608546506016E-02, -1.0
 6.918181818181820E-01,-3.545454545454536E-02,  1.0
 6.528686285111394E-01,-3.727272727272717E-02, -1.0
 6.918181818181820E-01,-1.909090909090898E-02,  1.0
 6.918181818181820E-01, 1.909090909090920E-02, -1.0
 6.518181818181820E-01, 1.389176504046181E-02,  1.0
 7.051491368939392E-01, 2.125659925445934E-02, -1.0
 6.954088779561247E-01, 9.363636363636374E-02,  1.0
 6.718181818181820E-01, 5.181818181818193E-02, -1.0
 6.918181818181820E-01, 9.769417333728707E-02,  1.0
 6.918181818181820E-01, 1.292296203343658E-01, -1.0
 6.518181818181820E-01, 1.742955550233490E-01,  1.0
 6.810842531573027E-01, 1.263300330917240E-01, -1.0
 6.718181818181820E-01, 1.827272727272729E-01,  1.0
 7.118181818181820E-01, 2.169125884909857E-01, -1.0
 6.718181818181820E-01, 2.390909090909092E-01,  1.0
 7.118181818181820E-01, 1.981134852103355E-01, -1.0
 6.918181818181820E-01, 2.562398278782855E-01,  1.0
 7.095953532744087E-01, 2.936363636363638E-01, -1.0
 6.918181818181820E-01, 2.718181818181820E-01,  1.0
 6.518181818181820E-01, 3.300000000000002E-01, -1.0
 6.754041843249061E-01, 3.481818181818184E-01,  1.0
 6.563416551772836E-01, 3.263636363636365E-01, -1.0
 6.904905865815224E-01, 3.628133656110748E-01,  1.0
 7.318181818181820E-01, 3.914906751599211E-01, -1.0
 6.718181818181820E-01, 3.609090909090911E-01,  1.0
 7.118181818181820E-01, 4.141837152261129E-01, -1.0
 6.518181818181820E-01, 4.772727272727275E-01,  1.0
 7.118181818181820E-01, 4.154545454545456E-01, -1.0
 6.869903692179730E-01, 4.736363636363638E-01,  1.0
 6.934883124613342E-01, 4.318181818181819E-01, -1.0
 6.518181818181820E-01, 4.700000000000002E-01,  1.0
 7.024666075106057E-01, 5.544983486171577E-01, -1.0
 6.649117468902559E-01, 5.609425678163059E-01,  1.0
 7.118181818181820E-01, 5.645454545454547E-01, -1.0
 6.718181818181820E-01, 5.432701982529302E-01,  1.0
 7.111938219367701E-01, 5.693780498292135E-01, -1.0
 6.571757189839356E-01, 6.190909090909092E-01,  1.0
 7.185005595478927E-01, 5.772727272727274E-01, -1.0
 6.536756605461458E-01, 6.354545454545456E-01,  1.0
 7.118181818181820E-01, 7.136363636363638E-01, -1.0
 6.718181818181820E-01, 6.518181818181820E-01,  1.0
 7.118181818181820E-01, 7.500000000000002E-01, -1.0
 6.518181818181820E-01, 7.281818181818184E-01,  1.0
 6.918181818181820E-01, 7.863636363636366E-01, -1.0
 6.318181818181819E-01, 7.213044997994470E-01,  1.0
 6.918181818181820E-01, 8.027272727272730E-01, -1.0
 6.318181818181819E-01, 7.409090909090911E-01,  1.0
 6.918181818181820E-01, 7.990909090909093E-01, -1.0
 6.718181818181820E-01, 8.572727272727275E-01,  1.0
 6.918181818181820E-01, 8.154545454545457E-01, -1.0
 6.718181818181820E-01, 8.536363636363639E-01,  1.0
 7.071365979156429E-01, 8.421027176704449E-01, -1.0
 6.918181818181820E-01, 9.100000000000003E-01,  1.0
 6.700000000000002E-01,-8.774094949076853E-01,  1.0
 7.086262997975243E-01,-8.729179495271258E-01, -1.0
 7.500000000000002E-01,-8.336363636363636E-01,  1.0
 6.900000000000002E-01,-8.354545454545454E-01, -1.0
 7.500000000000002E-01,-8.043865800455481E-01,  1.0
 6.875565057279192E-01,-8.238509791075992E-01, -1.0
 7.100000000000002E-01,-7.809090909090909E-01,  1.0
 6.792568399696153E-01,-7.369863262652148E-01, -1.0
 7.300000000000002E-01,-7.645454545454545E-01,  1.0
 6.900000000000002E-01,-7.480957226265549E-01, -1.0
 6.900000000000002E-01,-7.081818181818181E-01,  1.0
 7.372699224919705E-01,-6.899999999999999E-01, -1.0
 6.700000000000002E-01,-6.918181818181818E-01,  1.0
 7.300000000000002E-01,-6.536363636363636E-01, -1.0
 6.900000000000002E-01,-6.554545454545454E-01,  1.0
 6.900000000000002E-01,-6.238975209074166E-01, -1.0
 6.900000000000002E-01,-5.990909090909091E-01,  1.0
 6.967818058319990E-01,-6.209090909090910E-01, -1.0
 7.100000000000002E-01,-5.827272727272728E-01,  1.0
 6.700000000000002E-01,-5.445454545454546E-01, -1.0
 7.300000000000002E-01,-5.463636363636364E-01,  1.0
 6.700000000000002E-01,-5.281818181818182E-01, -1.0
 7.300000000000002E-01,-5.299999999999999E-01,  1.0
 7.100000000000002E-01,-4.918181818181817E-01, -1.0
 6.706518749920863E-01,-4.450933806162629E-01,  1.0
 7.300000000000002E-01,-4.354545454545454E-01, -1.0
 6.670673402719963E-01,-4.294773582181977E-01,  1.0
 6.900000000000002E-01,-3.990909090909091E-01, -1.0
 6.500000000000001E-01,-3.609090909090908E-01,  1.0
 7.500000000000002E-01,-3.827272727272727E-01, -1.0
 6.500000000000001E-01,-3.471184298250271E-01,  1.0
 7.100000000000002E-01,-3.663636363636363E-01, -1.0
 6.549449570143241E-01,-3.240962280093977E-01,  1.0
 7.300000000000002E-01,-3.133795646620353E-01, -1.0
 6.900000000000002E-01,-3.118181818181818E-01,  1.0
 7.322627086588672E-01,-2.536363636363635E-01, -1.0
 7.100000000000002E-01,-2.754545454545454E-01,  1.0
 6.955068155710309E-01,-2.372727272727272E-01, -1.0
 6.900000000000002E-01,-2.108511749354074E-01,  1.0
 7.300000000000002E-01,-1.609090909090908E-01, -1.0
 7.035267408023923E-01,-1.910024331746792E-01,  1.0
 7.488355944186208E-01,-1.549059653562009E-01, -1.0
 6.975256987814324E-01,-1.263636363636363E-01,  1.0
 6.500000000000001E-01,-1.412979185424838E-01, -1.0
 6.900000000000002E-01,-8.999999999999991E-02,  1.0
 6.733169996374876E-01,-7.181818181818173E-02, -1.0
 6.928634651644694E-01,-3.363636363636354E-02,  1.0
 6.784458754771268E-01,-5.545454545454536E-02, -1.0
 7.100000000000002E-01,-1.727272727272717E-02,  1.0
 7.076994433270876E-01, 2.090909090909102E-02, -1.0
 7.100000000000002E-01,-9.090909090908022E-04,  1.0
 6.717712765871036E-01, 3.727272727272738E-02, -1.0
 6.963271575240577E-01, 7.545454545454557E-02,  1.0
 6.987575309866940E-01, 3.363636363636375E-02, -1.0
 6.900000000000002E-01, 1.118181818181819E-01,  1.0
 6.900000000000002E-01, 1.100000000000001E-01, -1.0
 7.257375861158223E-01, 1.481818181818183E-01,  1.0
 6.900000000000002E-01, 1.269095003207025E-01, -1.0
 7.100000000000002E-01, 1.645454545454547E-01,  1.0
 6.900000000000002E-01, 1.227272727272728E-01, -1.0
 6.733294615637261E-01, 2.158666784504313E-01,  1.0
 7.300000000000002E-01, 1.990909090909092E-01, -1.0
 6.900000000000002E-01, 2.572727272727274E-01,  1.0
 6.500000000000001E-01, 2.154545454545456E-01, -1.0
 7.100000000000002E-01, 2.736363636363638E-01,  1.0
 7.209896965232335E-01, 2.318181818181819E-01, -1.0
 6.747846520205172E-01, 2.900000000000001E-01,  1.0
 7.500000000000002E-01, 3.281818181818184E-01, -1.0
 6.900000000000002E-01, 3.663636363636366E-01,  1.0
 7.500000000000002E-01, 3.398855957844840E-01, -1.0
 6.956839559279491E-01, 3.598866011542613E-01,  1.0
 7.500000000000002E-01, 3.872848457121568E-01, -1.0
 6.700000000000002E-01, 4.390909090909093E-01,  1.0
 7.300000000000002E-01, 3.972727272727274E-01, -1.0
 6.700000000000002E-01, 4.754545454545456E-01,  1.0
 7.500000000000002E-01, 4.536363636363638E-01, -1.0
 6.700000000000002E-01, 4.718181818181820E-01,  1.0
 7.088992459058922E-01, 5.500000000000003E-01, -1.0
 7.100000000000002E-01, 5.081818181818184E-01,  1.0
 7.100000000000002E-01, 5.463636363636366E-01, -1.0
 6.500000000000001E-01, 5.245454545454546E-01,  1.0
 7.100000000000002E-01, 5.713289375112762E-01, -1.0
 6.700000000000002E-01, 6.294851408771091E-01,  1.0
 7.100000000000002E-01, 5.790909090909092E-01, -1.0
 7.300000000000002E-01, 6.172727272727274E-01,  1.0
 7.104825359507623E-01, 5.954545454545456E-01, -1.0
 6.700000000000002E-01, 6.336363636363638E-01,  1.0
 7.180664200485972E-01, 7.079255446155639E-01, -1.0
 6.700000000000002E-01, 6.700000000000002E-01,  1.0
 7.169734636079949E-01, 7.495121587017499E-01, -1.0
 6.500000000000001E-01, 7.159784865724781E-01,  1.0
 7.100000000000002E-01, 7.845454545454548E-01, -1.0
 6.675176216796049E-01, 7.227272727272729E-01,  1.0
 7.100000000000002E-01, 7.982420223260571E-01, -1.0
 7.292761127172450E-01, 8.529568291340910E-01,  1.0
 7.100000000000002E-01, 8.015697086169972E-01, -1.0
 6.700000000000002E-01, 8.554545454545457E-01,  1.0
 7.100000000000002E-01, 8.136363636363638E-01, -1.0
 7.057300255430888E-01, 9.118181818181821E-01,  1.0
 6.700000000000002E-01, 9.272741684781151E-01, -1.0
 7.186241940536315E-01,-8.700000000000000E-01, -1.0
 7.081818181818184E-01,-9.118181818181819E-01,  1.0
 7.258623039844705E-01,-8.736363636363637E-01, -1.0
 7.681818181818184E-01,-8.354545454545454E-01,  1.0
 6.881818181818183E-01,-8.309501676187694E-01, -1.0
 7.681818181818184E-01,-8.143231217961441E-01,  1.0
 7.105277177504348E-01,-8.037797099751958E-01, -1.0
 7.281818181818184E-01,-7.821958270626239E-01,  1.0
 6.888659778182515E-01,-7.302623603188084E-01, -1.0
 7.481818181818184E-01,-7.663636363636364E-01,  1.0
 7.281818181818184E-01,-6.681818181818181E-01, -1.0
 7.081818181818184E-01,-6.899999999999999E-01,  1.0
 7.296662287468586E-01,-6.718181818181818E-01, -1.0
 6.881818181818183E-01,-6.936363636363636E-01,  1.0
 7.281818181818184E-01,-6.554545454545454E-01, -1.0
 7.211954917222985E-01,-6.172727272727272E-01,  1.0
 7.281818181818184E-01,-6.381251287609702E-01, -1.0
 7.281818181818184E-01,-5.809090909090909E-01,  1.0
 7.081818181818184E-01,-5.427272727272727E-01, -1.0
 7.281818181818184E-01,-5.645454545454546E-01,  1.0
 6.723598162035143E-01,-5.271739528422963E-01, -1.0
 7.392038919098616E-01,-5.681818181818182E-01,  1.0
 6.681818181818183E-01,-5.108512637810642E-01, -1.0
 7.388629750448932E-01,-4.518181818181817E-01,  1.0
 7.112506517079658E-01,-4.736363636363636E-01, -1.0
 7.221294455958719E-01,-4.490743670985802E-01,  1.0
 7.481818181818184E-01,-4.172727272727272E-01, -1.0
 6.894597429724342E-01,-4.390909090909091E-01,  1.0
 7.278927726285015E-01,-3.809090909090909E-01, -1.0
 6.881818181818183E-01,-3.427272727272727E-01,  1.0
 7.481818181818184E-01,-3.845454545454545E-01, -1.0
 6.681818181818183E-01,-3.168664046737129E-01,  1.0
 7.481818181818184E-01,-3.481818181818181E-01, -1.0
 6.881818181818183E-01,-3.099999999999999E-01,  1.0
 6.881818181818183E-01,-2.518181818181817E-01, -1.0
 6.905459034835473E-01,-2.936363636363636E-01,  1.0
 7.591137320078600E-01,-2.554545454545454E-01, -1.0
 6.881818181818183E-01,-2.123457699166094E-01,  1.0
 7.481818181818184E-01,-1.790909090909090E-01, -1.0
 6.881818181818183E-01,-2.009090909090908E-01,  1.0
 7.481818181818184E-01,-1.627272727272726E-01, -1.0
 6.881818181818183E-01,-2.022388059843681E-01,  1.0
 7.281818181818184E-01,-1.463636363636363E-01, -1.0
 7.081818181818184E-01,-1.081818181818181E-01,  1.0
 7.481818181818184E-01,-1.299999999999999E-01, -1.0
 7.081818181818184E-01,-9.181818181818172E-02,  1.0
 6.881818181818183E-01,-5.846209893561343E-02, -1.0
 7.081818181818184E-01,-3.545454545454536E-02,  1.0
 7.481818181818184E-01,-3.727272727272717E-02, -1.0
 7.081818181818184E-01,-1.909090909090898E-02,  1.0
 7.081818181818184E-01, 1.909090909090920E-02, -1.0
 7.281818181818184E-01, 7.727272727272738E-02,  1.0
 7.081818181818184E-01, 3.545454545454556E-02, -1.0
 6.881818181818183E-01, 9.363636363636374E-02,  1.0
 7.081818181818184E-01, 3.181818181818193E-02, -1.0
 7.281818181818184E-01, 1.500000000000001E-01,  1.0
 7.081818181818184E-01, 7.618965101939654E-02, -1.0
 7.081818181818184E-01, 1.609659639349791E-01,  1.0
 6.881818181818183E-01, 1.245454545454547E-01, -1.0
 7.081818181818184E-01, 1.627272727272729E-01,  1.0
 7.481818181818184E-01, 1.809090909090910E-01, -1.0
 7.681818181818184E-01, 2.390909090909092E-01,  1.0
 7.281818181818184E-01, 1.972727272727274E-01, -1.0
 6.681818181818183E-01, 2.687690705550250E-01,  1.0
 7.281818181818184E-01, 2.136363636363637E-01, -1.0
 6.881818181818183E-01, 2.619877744707546E-01,  1.0
 7.481818181818184E-01, 3.300000000000002E-01, -1.0
 6.892991249569909E-01, 2.881818181818183E-01,  1.0
 7.481818181818184E-01, 3.463636363636365E-01, -1.0
 6.881818181818183E-01, 3.645454545454547E-01,  1.0
 7.481818181818184E-01, 3.975522981003709E-01, -1.0
 6.881818181818183E-01, 3.597775584197958E-01,  1.0
 7.528743573590899E-01, 4.390909090909093E-01, -1.0
 6.798309987880191E-01, 4.772727272727275E-01,  1.0
 7.481818181818184E-01, 4.354545454545456E-01, -1.0
 6.881818181818183E-01, 4.736363636363638E-01,  1.0
 6.881818181818183E-01, 5.318181818181820E-01, -1.0
 6.914847058520673E-01, 4.751410749556243E-01,  1.0
 7.081818181818184E-01, 5.681818181818185E-01, -1.0
 7.081818181818184E-01, 5.063636363636366E-01,  1.0
 7.081818181818184E-01, 5.645454545454547E-01, -1.0
 6.681818181818183E-01, 5.528568692644703E-01,  1.0
 7.142683737622716E-01, 5.809090909090910E-01, -1.0
 7.052243684114514E-01, 6.285041243696309E-01,  1.0
 7.677461956977802E-01, 6.687055025829763E-01, -1.0
 7.163735547769160E-01, 6.358576059337896E-01,  1.0
 7.478773313579286E-01, 6.726291942830225E-01, -1.0
 6.944972349478683E-01, 6.518181818181820E-01,  1.0
 7.260652926535045E-01, 7.500000000000002E-01, -1.0
 6.881818181818183E-01, 6.746125566185622E-01,  1.0
 7.081818181818184E-01, 7.863636363636366E-01, -1.0
 6.881818181818183E-01, 7.379218193976432E-01,  1.0
 7.081818181818184E-01, 8.027272727272730E-01, -1.0
 7.481818181818184E-01, 7.809090909090911E-01,  1.0
 7.081818181818184E-01, 7.990909090909093E-01, -1.0
 7.281818181818184E-01, 8.730602890393615E-01,  1.0
 7.081818181818184E-01, 8.022360123318938E-01, -1.0
 7.281818181818184E-01, 8.792736654536889E-01,  1.0
 7.027374497198003E-01, 8.518181818181820E-01, -1.0
 7.081818181818184E-01, 9.100000000000003E-01,  1.0
 7.263636363636365E-01,-9.100000000000000E-01,  1.0
 7.634926698327809E-01,-8.918181818181818E-01, -1.0
 7.364235178488779E-01,-8.336363636363636E-01,  1.0
 7.263636363636365E-01,-8.626512201125425E-01, -1.0
 7.863636363636366E-01,-8.203602517488057E-01,  1.0
 6.863636363636365E-01,-8.390909090909091E-01, -1.0
 7.845462132023565E-01,-8.230057734052382E-01,  1.0
 6.863636363636365E-01,-7.349814670701976E-01, -1.0
 7.463636363636366E-01,-7.845454545454545E-01,  1.0
 7.279848760684944E-01,-6.863636363636363E-01, -1.0
 7.256744926669613E-01,-7.481818181818182E-01,  1.0
 7.463636363636366E-01,-6.699999999999999E-01, -1.0
 7.012521537353680E-01,-7.260209052584250E-01,  1.0
 7.463636363636366E-01,-6.736363636363636E-01, -1.0
 7.263636363636365E-01,-6.022099068430083E-01,  1.0
 7.348857434831667E-01,-6.590028014947907E-01, -1.0
 7.463636363636366E-01,-5.875199081787404E-01,  1.0
 7.176931686255273E-01,-5.409090909090909E-01, -1.0
 7.431951659558085E-01,-6.002691920044928E-01,  1.0
 7.063636363636365E-01,-5.245454545454545E-01, -1.0
 7.463636363636366E-01,-5.863636363636364E-01,  1.0
 7.663636363636366E-01,-5.035520049422485E-01, -1.0
 7.340293974540371E-01,-5.477699847103814E-01,  1.0
 7.463636363636366E-01,-5.016608747666641E-01, -1.0
 7.407713751989227E-01,-4.536363636363636E-01,  1.0
 7.663636363636366E-01,-4.954545454545455E-01, -1.0
 7.063636363636365E-01,-4.572727272727273E-01,  1.0
 7.663636363636366E-01,-3.833747179640524E-01, -1.0
 7.063636363636365E-01,-3.809090909090909E-01,  1.0
 7.463636363636366E-01,-3.827272727272727E-01, -1.0
 6.863636363636365E-01,-3.245454545454545E-01,  1.0
 7.656504965833525E-01,-3.663636363636363E-01, -1.0
 7.063636363636365E-01,-3.081818181818181E-01,  1.0
 7.663636363636366E-01,-2.699999999999999E-01, -1.0
 7.063636363636365E-01,-3.118181818181818E-01,  1.0
 7.663636363636366E-01,-2.536363636363635E-01, -1.0
 7.063636363636365E-01,-2.154545454545453E-01,  1.0
 7.663636363636366E-01,-2.572727272727272E-01, -1.0
 7.263636363636365E-01,-2.190909090909090E-01,  1.0
 7.463636363636366E-01,-1.409090909090908E-01, -1.0
 7.063636363636365E-01,-2.227272727272727E-01,  1.0
 7.463636363636366E-01,-1.445454545454544E-01, -1.0
 7.063636363636365E-01,-1.863636363636363E-01,  1.0
 7.463636363636366E-01,-1.481818181818181E-01, -1.0
 7.260744763587701E-01,-8.999999999999991E-02,  1.0
 7.463636363636366E-01,-1.318181818181817E-01, -1.0
 7.263636363636365E-01,-7.363636363636354E-02,  1.0
 7.463636363636366E-01,-5.138269719050564E-02, -1.0
 7.063636363636365E-01,-1.727272727272717E-02,  1.0
 7.463636363636366E-01,-3.322107051542195E-02, -1.0
 7.063636363636365E-01,-9.090909090908022E-04,  1.0
 7.063636363636365E-01, 3.727272727272739E-02, -1.0
 7.263636363636365E-01, 8.946244416461489E-02,  1.0
 7.063636363636365E-01, 3.363636363636375E-02, -1.0
 7.382707446366740E-01, 1.118181818181819E-01,  1.0
 7.063636363636365E-01, 5.000000000000013E-02, -1.0
 7.372808156578302E-01, 1.481818181818183E-01,  1.0
 7.854467758655296E-01, 1.263636363636365E-01, -1.0
 7.263636363636365E-01, 1.445454545454547E-01,  1.0
 7.583994013531253E-01, 1.953275630472812E-01, -1.0
 7.263636363636365E-01, 1.609090909090910E-01,  1.0
 7.463636363636366E-01, 1.990909090909092E-01, -1.0
 7.663636363636366E-01, 2.531356872740935E-01,  1.0
 7.098125779822279E-01, 2.154545454545456E-01, -1.0
 7.663636363636366E-01, 2.336363636363638E-01,  1.0
 7.863636363636366E-01, 2.918181818181820E-01, -1.0
 7.063636363636365E-01, 2.700000000000001E-01,  1.0
 7.463636363636366E-01, 3.281818181818184E-01, -1.0
 6.877204892321581E-01, 3.463636363636365E-01,  1.0
 7.463636363636366E-01, 3.445454545454547E-01, -1.0
 6.863636363636365E-01, 3.636676041538848E-01,  1.0
 7.663636363636366E-01, 4.009090909090911E-01, -1.0
 7.172669201471460E-01, 4.190909090909093E-01,  1.0
 7.663636363636366E-01, 4.372727272727274E-01, -1.0
 6.863636363636365E-01, 4.839877608509152E-01,  1.0
 7.667194854712244E-01, 4.536363636363638E-01, -1.0
 7.108194914749649E-01, 4.918181818181819E-01,  1.0
 7.663636363636366E-01, 4.700000000000002E-01, -1.0
 7.263636363636365E-01, 5.081818181818184E-01,  1.0
 7.063636363636365E-01, 5.480234090398470E-01, -1.0
 7.730782571269671E-01, 5.645454545454547E-01,  1.0
 7.063636363636365E-01, 5.627272727272729E-01, -1.0
 7.860878780004118E-01, 5.650692168985260E-01,  1.0
 7.263636363636365E-01, 5.790909090909092E-01, -1.0
 7.207777122087888E-01, 6.172727272727274E-01,  1.0
 7.463636363636366E-01, 6.754545454545456E-01, -1.0
 7.292396879140590E-01, 6.336363636363638E-01,  1.0
 7.463636363636366E-01, 6.918181818181820E-01, -1.0
 7.463636363636366E-01, 7.300000000000002E-01,  1.0
 7.263636363636365E-01, 7.481818181818184E-01, -1.0
 7.663636363636366E-01, 7.178801481733815E-01,  1.0
 7.063636363636365E-01, 7.645454545454548E-01, -1.0
 7.463636363636366E-01, 7.627272727272729E-01,  1.0
 6.932931231272529E-01, 8.009090909090911E-01, -1.0
 7.206817282091114E-01, 8.590909090909093E-01,  1.0
 7.606214984557818E-01, 8.107868631152662E-01, -1.0
 7.178962391616790E-01, 8.954545454545457E-01,  1.0
 7.463636363636366E-01, 8.336363636363638E-01, -1.0
 7.038718366349803E-01, 9.033063566070242E-01,  1.0
 7.663636363636366E-01, 9.465729826906604E-01, -1.0
 7.467247565114544E-01,-9.294406229816831E-01, -1.0
 7.582877171246091E-01,-9.118181818181819E-01,  1.0
 7.245454545454547E-01,-8.736363636363637E-01, -1.0
 7.845454545454548E-01,-8.154545454545454E-01,  1.0
 7.045454545454547E-01,-8.463963921094324E-01, -1.0
 7.693370618164543E-01,-8.190909090909091E-01,  1.0
 7.245454545454547E-01,-7.609090909090909E-01, -1.0
 7.645454545454548E-01,-7.827272727272727E-01,  1.0
 7.245454545454547E-01,-7.045454545454545E-01, -1.0
 7.645454545454548E-01,-7.463636363636363E-01,  1.0
 7.245454545454547E-01,-7.081818181818181E-01, -1.0
 7.651637300075255E-01,-7.279510661584321E-01,  1.0
 7.445454545454547E-01,-6.718181818181818E-01, -1.0
 8.045454545454548E-01,-6.936363636363636E-01,  1.0
 7.445454545454547E-01,-6.554545454545454E-01, -1.0
 7.354830436647835E-01,-5.972727272727272E-01,  1.0
 7.445454545454547E-01,-6.590909090909092E-01, -1.0
 7.445454545454547E-01,-6.009090909090909E-01,  1.0
 7.645454545454548E-01,-5.227272727272727E-01, -1.0
 7.344106320493258E-01,-5.918708624864650E-01,  1.0
 7.845454545454548E-01,-5.352031084880066E-01, -1.0
 7.196028467322438E-01,-5.481818181818182E-01,  1.0
 7.754637501867671E-01,-4.989287936374980E-01, -1.0
 7.282017203329589E-01,-4.655677861831454E-01,  1.0
 7.636916616107046E-01,-5.136363636363637E-01, -1.0
 7.445454545454547E-01,-4.611100633432957E-01,  1.0
 7.924298584027153E-01,-4.172727272727272E-01, -1.0
 7.045454545454547E-01,-3.631674798057071E-01,  1.0
 7.460965765178328E-01,-3.658546876550319E-01, -1.0
 7.045454545454547E-01,-3.227272727272726E-01,  1.0
 7.645454545454548E-01,-3.845454545454545E-01, -1.0
 7.645454545454548E-01,-3.263636363636363E-01,  1.0
 7.845454545454548E-01,-2.681818181818181E-01, -1.0
 7.645454545454548E-01,-3.099999999999999E-01,  1.0
 7.845454545454548E-01,-2.602601856198936E-01, -1.0
 7.045454545454547E-01,-2.936363636363636E-01,  1.0
 7.845454545454548E-01,-2.554545454545454E-01, -1.0
 7.245454545454547E-01,-2.372727272727272E-01,  1.0
 7.645454545454548E-01,-1.790909090909090E-01, -1.0
 8.045454545454548E-01,-1.611713396672083E-01,  1.0
 7.543626193178091E-01,-1.627272727272726E-01, -1.0
 7.045454545454547E-01,-1.168425428548801E-01,  1.0
 7.559353693534839E-01,-1.434254058356265E-01, -1.0
 7.245454545454547E-01,-8.818181818181811E-02,  1.0
 7.614102247850412E-01,-6.999999999999992E-02, -1.0
 7.845454545454548E-01,-7.587437571483584E-02,  1.0
 7.445454545454547E-01,-5.218030267532340E-02, -1.0
 7.245454545454547E-01,-7.545454545454536E-02,  1.0
 7.645454545454548E-01,-4.686501765189993E-02, -1.0
 8.045454545454548E-01, 1.150359525471834E-02,  1.0
 7.509164324774098E-01,-9.090909090908005E-04, -1.0
 7.445454545454547E-01, 3.456981444569027E-02,  1.0
 7.544982196933605E-01, 1.627271344307606E-02, -1.0
 7.475867258554765E-01, 7.363636363636375E-02,  1.0
 7.645454545454548E-01, 7.181818181818193E-02, -1.0
 7.245454545454547E-01, 1.300000000000001E-01,  1.0
 7.845454545454548E-01, 6.818181818181833E-02, -1.0
 7.245454545454547E-01, 1.663636363636365E-01,  1.0
 7.845454545454548E-01, 1.445454545454547E-01, -1.0
 7.418460611451105E-01, 1.753097706686738E-01,  1.0
 7.315375558441318E-01, 1.809090909090910E-01, -1.0
 7.485759393871074E-01, 2.390909090909092E-01,  1.0
 8.045454545454548E-01, 2.078855157329031E-01, -1.0
 7.478925674395009E-01, 2.356245793135135E-01,  1.0
 7.645454545454548E-01, 2.936363636363638E-01, -1.0
 7.045454545454547E-01, 2.568071400506585E-01,  1.0
 7.445454545454547E-01, 3.112105069519366E-01, -1.0
 7.918412682715996E-01, 3.066302790304898E-01,  1.0
 7.385169364966483E-01, 3.483063829314171E-01, -1.0
 7.704048610978398E-01, 3.045454545454547E-01,  1.0
 7.845454545454548E-01, 4.027272727272729E-01, -1.0
 7.045454545454547E-01, 4.009090909090911E-01,  1.0
 7.845454545454548E-01, 4.228016571542758E-01, -1.0
 7.245454545454547E-01, 4.172727272727274E-01,  1.0
 7.645454545454548E-01, 4.154545454545456E-01, -1.0
 7.150257008326456E-01, 4.936363636363638E-01,  1.0
 7.645454545454548E-01, 4.369850823449987E-01, -1.0
 7.245454545454547E-01, 5.100000000000002E-01,  1.0
 7.645454545454548E-01, 4.681818181818184E-01, -1.0
 7.845454545454548E-01, 5.426172769529803E-01,  1.0
 7.445454545454547E-01, 5.474729914802713E-01, -1.0
 7.845454545454548E-01, 5.500421425354078E-01,  1.0
 7.063376523230569E-01, 5.809090909090910E-01, -1.0
 7.874229598120065E-01, 5.713942479111299E-01,  1.0
 8.045454545454548E-01, 6.572727272727275E-01, -1.0
 7.245454545454547E-01, 6.354545454545456E-01,  1.0
 7.645454545454548E-01, 6.736363636363638E-01, -1.0
 7.645454545454548E-01, 7.318181818181820E-01,  1.0
 7.445454545454547E-01, 6.900000000000002E-01, -1.0
 7.527123533011535E-01, 7.354589576797570E-01,  1.0
 7.245454545454547E-01, 7.401842231122777E-01, -1.0
 7.456595287410371E-01, 7.645454545454548E-01,  1.0
 7.845454545454548E-01, 7.827272727272729E-01, -1.0
 7.495294601908694E-01, 7.609090909090911E-01,  1.0
 7.140189909566406E-01, 7.945740301774187E-01, -1.0
 7.845454545454548E-01, 8.572727272727275E-01,  1.0
 7.445454545454547E-01, 8.154545454545457E-01, -1.0
 7.288690735521824E-01, 8.840573837236351E-01,  1.0
 7.645454545454548E-01, 8.518181818181820E-01, -1.0
 7.440351508731010E-01, 9.258175274430216E-01,  1.0
 8.027272727272730E-01,-9.500000000000001E-01,  1.0
 7.610961090301277E-01,-9.118181818181819E-01, -1.0
 8.027272727272730E-01,-8.336363636363636E-01,  1.0
 7.476438310295651E-01,-8.754545454545455E-01, -1.0
 8.027272727272730E-01,-8.254387018738012E-01,  1.0
 8.027272727272730E-01,-7.791949963518022E-01, -1.0
 7.627272727272729E-01,-8.009090909090909E-01,  1.0
 8.027272727272730E-01,-7.627272727272727E-01, -1.0
 7.627272727272729E-01,-7.845454545454545E-01,  1.0
 7.427272727272729E-01,-7.263636363636363E-01, -1.0
 8.027272727272730E-01,-6.881818181818181E-01,  1.0
 7.427272727272729E-01,-6.699999999999999E-01, -1.0
 8.136991093720254E-01,-6.718181818181818E-01,  1.0
 7.427272727272729E-01,-6.536363636363636E-01, -1.0
 7.913002048740163E-01,-6.183163092531798E-01,  1.0
 7.427272727272729E-01,-6.572727272727272E-01, -1.0
 7.827272727272729E-01,-6.190909090909091E-01,  1.0
 8.017373925138231E-01,-5.609090909090909E-01, -1.0
 7.391590574541027E-01,-5.827272727272728E-01,  1.0
 7.827272727272729E-01,-5.307382456519156E-01, -1.0
 7.410506828246168E-01,-5.863636363636364E-01,  1.0
 7.827272727272729E-01,-5.220118247712378E-01, -1.0
 8.027272727272730E-01,-4.699999999999999E-01,  1.0
 7.692071947776943E-01,-4.918181818181817E-01, -1.0
 7.607126311101886E-01,-4.536363636363636E-01,  1.0
 7.827272727272729E-01,-4.154545454545454E-01, -1.0
 7.752014530852184E-01,-4.572727272727273E-01,  1.0
 7.827272727272729E-01,-3.990909090909091E-01, -1.0
 8.227272727272730E-01,-3.525443740075769E-01,  1.0
 7.827272727272729E-01,-4.027272727272727E-01, -1.0
 7.706859228323371E-01,-3.106953939483072E-01,  1.0
 7.525880981945120E-01,-3.863636363636364E-01, -1.0
 7.827272727272729E-01,-3.281818181818181E-01,  1.0
 7.654349822163371E-01,-2.699999999999999E-01, -1.0
 7.762744213213524E-01,-3.118181818181818E-01,  1.0
 7.763504680325174E-01,-2.536363636363635E-01, -1.0
 7.427272727272729E-01,-2.182620511682464E-01,  1.0
 7.712962461048628E-01,-2.522754184773737E-01, -1.0
 8.197067041092831E-01,-1.590909090909090E-01,  1.0
 7.627272727272729E-01,-2.044704911143394E-01, -1.0
 7.933868649963174E-01,-1.627272727272726E-01,  1.0
 7.627272727272729E-01,-1.409897515509450E-01, -1.0
 8.227272727272730E-01,-1.169973372154970E-01,  1.0
 7.627272727272729E-01,-1.481818181818181E-01, -1.0
 7.827272727272729E-01,-1.099999999999999E-01,  1.0
 7.627272727272729E-01,-5.181818181818172E-02, -1.0
 8.027272727272730E-01,-9.363636363636353E-02,  1.0
 7.627272727272729E-01,-3.545454545454536E-02, -1.0
 8.027272727272730E-01,-3.727272727272717E-02,  1.0
 7.617333657643995E-01,-3.301344420569801E-02, -1.0
 8.027272727272730E-01, 2.726074201120759E-03,  1.0
 7.627272727272729E-01, 1.727272727272738E-02, -1.0
 8.227272727272730E-01, 5.024048146719579E-02,  1.0
 7.827272727272729E-01, 5.363636363636375E-02, -1.0
 7.400243000200014E-01, 1.154802205399469E-01,  1.0
 8.027272727272730E-01, 7.000000000000013E-02, -1.0
 7.427272727272729E-01, 1.481818181818183E-01,  1.0
 7.963856108299435E-01, 1.244034483925594E-01, -1.0
 7.227272727272729E-01, 1.516359571375536E-01,  1.0
 7.815915555658669E-01, 1.427272727272728E-01, -1.0
 7.627272727272729E-01, 2.409090909090911E-01,  1.0
 7.427272727272729E-01, 1.790909090909092E-01, -1.0
 7.627272727272729E-01, 2.372727272727274E-01,  1.0
 8.027272727272730E-01, 2.754545454545456E-01, -1.0
 7.627272727272729E-01, 2.536363636363638E-01,  1.0
 7.638719665184885E-01, 2.918181818181820E-01, -1.0
 7.822306226594355E-01, 3.100000000000002E-01,  1.0
 7.427272727272729E-01, 3.481818181818184E-01, -1.0
 7.827272727272729E-01, 3.063636363636365E-01,  1.0
 8.027272727272730E-01, 3.845454545454547E-01, -1.0
 7.427272727272729E-01, 3.627272727272729E-01,  1.0
 8.027272727272730E-01, 3.809090909090911E-01, -1.0
 7.459176221191391E-01, 3.790909090909093E-01,  1.0
 7.722416427557173E-01, 4.172727272727274E-01, -1.0
 7.227272727272729E-01, 4.771173698809189E-01,  1.0
 7.627272727272729E-01, 4.536363636363638E-01, -1.0
 8.227272727272730E-01, 5.043535677535729E-01,  1.0
 7.740577857601486E-01, 4.900000000000002E-01, -1.0
 7.827272727272729E-01, 5.637589631738145E-01,  1.0
 7.427272727272729E-01, 5.311028528598191E-01, -1.0
 7.827272727272729E-01, 5.625452438498293E-01,  1.0
 7.427272727272729E-01, 5.827272727272729E-01, -1.0
 7.827272727272729E-01, 5.809090909090910E-01,  1.0
 7.500288915172163E-01, 6.190909090909092E-01, -1.0
 7.721363304118165E-01, 5.972727272727274E-01,  1.0
 8.227272727272730E-01, 6.655579617865427E-01, -1.0
 7.627272727272729E-01, 6.136363636363638E-01,  1.0
 7.878228062454901E-01, 6.918181818181820E-01, -1.0
 7.627272727272729E-01, 7.300000000000002E-01,  1.0
 8.027272727272730E-01, 6.881818181818183E-01, -1.0
 7.671796571109193E-01, 7.359782140621817E-01,  1.0
 7.227272727272729E-01, 7.445454545454547E-01, -1.0
 7.427272727272729E-01, 7.627272727272729E-01,  1.0
 8.027272727272730E-01, 8.009090909090911E-01, -1.0
 7.827272727272729E-01, 8.390909090909093E-01,  1.0
 7.437558518565136E-01, 8.172727272727275E-01, -1.0
 7.827272727272729E-01, 8.554545454545457E-01,  1.0
 8.027272727272730E-01, 8.707533322924694E-01, -1.0
 7.674892305550857E-01, 9.318181818181821E-01,  1.0
 7.827272727272729E-01, 8.700000000000002E-01, -1.0
 7.925934143899838E-01,-9.103937475520423E-01, -1.0
 8.209090909090911E-01,-8.518181818181818E-01,  1.0
 7.609090909090911E-01,-8.584531190424454E-01, -1.0
 8.209090909090911E-01,-8.354545454545454E-01,  1.0
 7.609090909090911E-01,-8.772727272727273E-01, -1.0
 7.901584484183078E-01,-8.190909090909091E-01,  1.0
 8.009090909090911E-01,-7.609090909090909E-01, -1.0
 7.809090909090911E-01,-7.827272727272727E-01,  1.0
 8.159978706159684E-01,-7.334364413830192E-01, -1.0
 8.397196384416694E-01,-7.863636363636364E-01,  1.0
 7.858530699887197E-01,-7.281818181818182E-01, -1.0
 8.209090909090911E-01,-6.699999999999999E-01,  1.0
 7.609090909090911E-01,-6.718181818181818E-01, -1.0
 8.209090909090911E-01,-6.630059558537282E-01,  1.0
 7.409090909090911E-01,-6.554545454545454E-01, -1.0
 8.179717749657102E-01,-6.572727272727272E-01,  1.0
 7.669620289423479E-01,-6.390909090909092E-01, -1.0
 8.009090909090911E-01,-6.209090909090910E-01,  1.0
 7.693272442538559E-01,-5.237676625722321E-01, -1.0
 8.009090909090911E-01,-6.045454545454546E-01,  1.0
 7.865708580108287E-01,-5.263636363636364E-01, -1.0
 8.209090909090911E-01,-4.688779548677656E-01,  1.0
 7.809090909090911E-01,-5.403601500878032E-01, -1.0
 8.009090909090911E-01,-4.881272702464299E-01,  1.0
 8.156732497739426E-01,-4.136363636363636E-01, -1.0
 8.209090909090911E-01,-4.554545454545454E-01,  1.0
 7.809090909090911E-01,-4.203144050419246E-01, -1.0
 8.409090909090912E-01,-3.590909090909090E-01,  1.0
 7.992019541051844E-01,-4.009090909090909E-01, -1.0
 8.300435067495318E-01,-3.698185764476230E-01,  1.0
 7.692730484483504E-01,-3.845454545454545E-01, -1.0
 7.609090909090911E-01,-2.946877881540910E-01,  1.0
 8.086765049725585E-01,-2.881818181818181E-01, -1.0
 7.809090909090911E-01,-3.099999999999999E-01,  1.0
 8.051890843147609E-01,-2.718181818181817E-01, -1.0
 7.609090909090911E-01,-3.136363636363636E-01,  1.0
 7.828721739470046E-01,-2.354545454545454E-01, -1.0
 8.344096848203072E-01,-1.792869956545241E-01,  1.0
 7.809090909090911E-01,-2.259708965468262E-01, -1.0
 8.266197847401933E-01,-1.615289263982290E-01,  1.0
 7.609090909090911E-01,-2.027272727272727E-01, -1.0
 8.009090909090911E-01,-1.327236454414205E-01,  1.0
 7.498756274770831E-01,-1.463636363636363E-01, -1.0
 8.209090909090911E-01,-1.267090850738405E-01,  1.0
 7.609090909090911E-01,-9.353545784373406E-02, -1.0
 8.009090909090911E-01,-9.181818181818172E-02,  1.0
 7.609090909090911E-01,-3.527630256866057E-02, -1.0
 8.006308715284138E-01,-1.901061701507257E-02,  1.0
 7.609090909090911E-01,-3.727272727272717E-02, -1.0
 8.083760064179578E-01, 9.090909090910156E-04,  1.0
 8.409090909090912E-01, 5.092144124675424E-03, -1.0
 8.009090909090911E-01, 3.727272727272738E-02,  1.0
 7.809090909090911E-01, 3.545454545454556E-02, -1.0
 7.809090909090911E-01, 9.363636363636374E-02,  1.0
 8.009090909090911E-01, 7.181818181818193E-02, -1.0
 7.809090909090911E-01, 9.154455248066716E-02,  1.0
 7.809090909090911E-01, 1.253436609222922E-01, -1.0
 8.209090909090911E-01, 1.063636363636365E-01,  1.0
 7.809090909090911E-01, 1.281812013368606E-01, -1.0
 7.409090909090911E-01, 1.627272727272729E-01,  1.0
 8.009090909090911E-01, 2.009090909090910E-01, -1.0
 7.609090909090911E-01, 2.390909090909092E-01,  1.0
 8.009090909090911E-01, 2.172727272727274E-01, -1.0
 7.609090909090911E-01, 2.431446063511482E-01,  1.0
 8.209090909090911E-01, 2.801415801743447E-01, -1.0
 7.609090909090911E-01, 2.344427926935955E-01,  1.0
 7.609090909090911E-01, 3.100000000000002E-01, -1.0
 8.009090909090911E-01, 3.281818181818184E-01,  1.0
 8.209090909090911E-01, 3.663636363636366E-01, -1.0
 7.809090909090911E-01, 3.245454545454547E-01,  1.0
 8.065122023875314E-01, 3.827272727272729E-01, -1.0
 7.609090909090911E-01, 3.809090909090911E-01,  1.0
 7.809090909090911E-01, 4.190909090909093E-01, -1.0
 8.209090909090911E-01, 4.572727272727274E-01,  1.0
 7.809090909090911E-01, 4.154545454545456E-01, -1.0
 8.362299445364695E-01, 4.736363636363638E-01,  1.0
 7.752830841566166E-01, 4.718181818181820E-01, -1.0
 8.089501626443321E-01, 5.300000000000002E-01,  1.0
 7.809090909090911E-01, 4.881818181818184E-01, -1.0
 7.903747495658142E-01, 5.578617815760746E-01,  1.0
 7.487724822836205E-01, 5.150247312103327E-01, -1.0
 7.904774595938853E-01, 5.573020834348790E-01,  1.0
 7.609090909090911E-01, 6.009090909090911E-01, -1.0
 7.809090909090911E-01, 5.990909090909092E-01,  1.0
 8.209090909090911E-01, 6.572727272727275E-01, -1.0
 7.718433727422288E-01, 5.954545454545456E-01,  1.0
 8.009090909090911E-01, 6.936363636363638E-01, -1.0
 7.609090909090911E-01, 6.321007631868318E-01,  1.0
 8.124742939068589E-01, 6.783887833973000E-01, -1.0
 7.564110511109584E-01, 7.281818181818184E-01,  1.0
 8.409090909090912E-01, 6.863636363636365E-01, -1.0
 8.209090909090911E-01, 7.445454545454547E-01,  1.0
 8.032603883559433E-01, 7.827272727272729E-01, -1.0
 7.609090909090911E-01, 7.409090909090911E-01,  1.0
 8.209090909090911E-01, 7.990909090909093E-01, -1.0
 7.809090909090911E-01, 8.372727272727275E-01,  1.0
 8.209090909090911E-01, 8.754545454545457E-01, -1.0
 7.809090909090911E-01, 8.536363636363639E-01,  1.0
 8.209090909090911E-01, 8.744814901991779E-01, -1.0
 7.767942046312218E-01, 9.169419532774427E-01,  1.0
 8.542854147170021E-01,-8.900000000000000E-01,  1.0
 7.790909090909093E-01,-9.252531375266129E-01, -1.0
 8.190909090909093E-01,-8.336363636363636E-01,  1.0
 8.386824965781819E-01,-8.554545454545455E-01, -1.0
 8.118295840423675E-01,-8.372727272727273E-01,  1.0
 8.190909090909093E-01,-7.590909090909090E-01, -1.0
 8.079812529514583E-01,-8.209090909090909E-01,  1.0
 7.990909090909093E-01,-7.427272727272727E-01, -1.0
 8.590909090909093E-01,-8.045454545454546E-01,  1.0
 8.190909090909093E-01,-7.463636363636363E-01, -1.0
 8.337550118029956E-01,-7.081818181818181E-01,  1.0
 7.990909090909093E-01,-7.300000000000000E-01, -1.0
 8.190909090909093E-01,-6.518181818181817E-01,  1.0
 8.071303571487473E-01,-7.136363636363636E-01, -1.0
 8.190909090909093E-01,-6.754545454545454E-01,  1.0
 8.406459568489091E-01,-5.972727272727272E-01, -1.0
 8.012490592220307E-01,-6.190909090909091E-01,  1.0
 7.990909090909093E-01,-5.409090909090909E-01, -1.0
 8.190909090909093E-01,-6.027272727272728E-01,  1.0
 7.990909090909093E-01,-5.245454545454545E-01, -1.0
 8.190909090909093E-01,-5.463636363636364E-01,  1.0
 7.790909090909093E-01,-5.281818181818182E-01, -1.0
 8.190909090909093E-01,-4.899999999999999E-01,  1.0
 8.590909090909093E-01,-4.518181818181817E-01, -1.0
 8.156251381193770E-01,-4.604706445747389E-01,  1.0
 7.990909090909093E-01,-4.202082867922454E-01, -1.0
 7.590909090909093E-01,-4.572727272727273E-01,  1.0
 7.990909090909093E-01,-4.021215034393856E-01, -1.0
 8.117549110452222E-01,-3.661810838734340E-01,  1.0
 7.990909090909093E-01,-4.200194308509100E-01, -1.0
 8.590909090909093E-01,-3.540096152228143E-01,  1.0
 7.970920000954863E-01,-3.463636363636363E-01, -1.0
 7.790909090909093E-01,-3.287232830135091E-01,  1.0
 8.190909090909093E-01,-2.899999999999999E-01, -1.0
 8.590295357471724E-01,-2.718181818181817E-01,  1.0
 8.157026704122351E-01,-2.736363636363636E-01, -1.0
 8.390909090909093E-01,-2.508289916443128E-01,  1.0
 7.693202220350255E-01,-2.518616000355482E-01, -1.0
 8.147892808454431E-01,-1.590909090909090E-01,  1.0
 7.790909090909093E-01,-2.209090909090909E-01, -1.0
 8.295476983650361E-01,-1.693227322532380E-01,  1.0
 7.681161434624155E-01,-1.445454545454544E-01, -1.0
 8.190909090909093E-01,-1.136114256960304E-01,  1.0
 7.590909090909093E-01,-1.481818181818181E-01, -1.0
 8.190909090909093E-01,-1.299999999999999E-01,  1.0
 8.190909090909093E-01,-7.181818181818173E-02, -1.0
 8.111179009869347E-01,-3.363636363636354E-02,  1.0
 7.590909090909093E-01,-5.089131822666831E-02, -1.0
 8.190909090909093E-01,-3.563661373255841E-02,  1.0
 8.390909090909093E-01, 1.071179221781156E-02, -1.0
 7.990909090909093E-01, 1.439898500184115E-02,  1.0
 8.390909090909093E-01,-2.727272727272616E-03, -1.0
 7.990909090909093E-01, 3.545454545454556E-02,  1.0
 8.190909090909093E-01, 7.081310127296783E-02, -1.0
 7.990909090909093E-01, 9.181818181818192E-02,  1.0
 8.190909090909093E-01, 9.000000000000012E-02, -1.0
 8.390909090909093E-01, 1.481818181818183E-01,  1.0
 8.003026444905731E-01, 1.063636363636365E-01, -1.0
 8.403803074729033E-01, 1.645454545454547E-01,  1.0
 8.164468643258459E-01, 1.627272727272729E-01, -1.0
 8.466598593902634E-01, 1.666862859910669E-01,  1.0
 8.190909090909093E-01, 1.990909090909092E-01, -1.0
 8.091128124005874E-01, 2.580485318270122E-01,  1.0
 8.190909090909093E-01, 2.154545454545456E-01, -1.0
 7.590909090909093E-01, 2.503857725202828E-01,  1.0
 8.590909090909093E-01, 2.698301012006631E-01, -1.0
 7.990909090909093E-01, 2.900000000000001E-01,  1.0
 8.190909090909093E-01, 3.681818181818184E-01, -1.0
 7.990909090909093E-01, 3.063636363636365E-01,  1.0
 7.990909090909093E-01, 3.645454545454547E-01, -1.0
 7.808947728038467E-01, 3.227272727272729E-01,  1.0
 8.117377552742314E-01, 3.809090909090911E-01, -1.0
 8.190909090909093E-01, 4.483331034393274E-01,  1.0
 7.824868396953250E-01, 4.260985233530709E-01, -1.0
 8.304911393746930E-01, 4.655683208412317E-01,  1.0
 7.790909090909093E-01, 4.536363636363638E-01, -1.0
 8.390909090909093E-01, 5.118181818181819E-01,  1.0
 7.913051126440116E-01, 4.570959022676991E-01, -1.0
 7.990909090909093E-01, 5.481818181818184E-01,  1.0
 8.195972791290758E-01, 5.863636363636366E-01, -1.0
 7.990909090909093E-01, 5.645454545454547E-01,  1.0
 8.190909090909093E-01, 5.227272727272728E-01, -1.0
 7.993749032559896E-01, 5.692344840291464E-01,  1.0
 8.190909090909093E-01, 6.440228049807222E-01, -1.0
 7.824039361045326E-01, 6.046783655854071E-01,  1.0
 8.190909090909093E-01, 6.754545454545456E-01, -1.0
 7.790909090909093E-01, 6.667215451872327E-01,  1.0
 8.159124282444430E-01, 6.718181818181820E-01, -1.0
 7.790909090909093E-01, 7.300000000000002E-01,  1.0
 8.190909090909093E-01, 6.881818181818183E-01, -1.0
 8.190909090909093E-01, 7.438606131145270E-01,  1.0
 7.990909090909093E-01, 7.845454545454548E-01, -1.0
 8.190909090909093E-01, 7.427272727272729E-01,  1.0
 7.990909090909093E-01, 8.009090909090911E-01, -1.0
 7.796437488729628E-01, 8.481774507456994E-01,  1.0
 8.190909090909093E-01, 8.306204189255730E-01, -1.0
 7.894798791362928E-01, 8.479323374580783E-01,  1.0
 8.190909090909093E-01, 8.736363636363639E-01, -1.0
 7.790909090909093E-01, 9.312530071491463E-01,  1.0
 8.190909090909093E-01, 8.900000000000002E-01, -1.0
 7.972727272727275E-01,-9.300000000000000E-01, -1.0
 8.372727272727275E-01,-8.718181818181818E-01,  1.0
 7.772727272727274E-01,-9.136363636363637E-01, -1.0
 8.172727272727275E-01,-8.354545454545454E-01,  1.0
 8.138274888017359E-01,-7.772727272727272E-01, -1.0
 8.172727272727275E-01,-8.190909090909091E-01,  1.0
 8.172727272727275E-01,-7.609090909090909E-01, -1.0
 7.972727272727275E-01,-8.207307055773422E-01,  1.0
 7.979410418497922E-01,-7.252908810355496E-01, -1.0
 8.423092633140015E-01,-6.988208075663306E-01,  1.0
 7.972727272727275E-01,-7.281818181818182E-01, -1.0
 8.372727272727275E-01,-6.899999999999999E-01,  1.0
 7.948832093675416E-01,-7.186090543915370E-01, -1.0
 8.211002682955700E-01,-6.662416496309032E-01,  1.0
 8.572727272727275E-01,-6.154545454545454E-01, -1.0
 8.172727272727275E-01,-6.572727272727272E-01,  1.0
 8.370969230544713E-01,-5.790909090909091E-01, -1.0
 7.826664423858690E-01,-6.009090909090909E-01,  1.0
 8.372727272727275E-01,-5.427272727272727E-01, -1.0
 7.972727272727275E-01,-5.845454545454546E-01,  1.0
 8.572727272727275E-01,-5.410051831158058E-01, -1.0
 8.197989618392427E-01,-4.889670731680665E-01,  1.0
 8.278023741600133E-01,-5.124712251342587E-01, -1.0
 8.012911767268373E-01,-4.751293644597211E-01,  1.0
 8.572727272727275E-01,-4.336363636363636E-01, -1.0
 8.335622378163539E-01,-4.660476222575719E-01,  1.0
 7.972727272727275E-01,-4.123949210452597E-01, -1.0
 8.772727272727275E-01,-3.790909090909090E-01,  1.0
 8.287344081633704E-01,-4.201682044035830E-01, -1.0
 8.772727272727275E-01,-3.627272727272727E-01,  1.0
 8.172727272727275E-01,-3.310522468748340E-01, -1.0
 8.572727272727275E-01,-3.063636363636363E-01,  1.0
 8.230363210628314E-01,-3.213561954713354E-01, -1.0
 8.608989134240568E-01,-2.899999999999999E-01,  1.0
 7.972727272727275E-01,-2.733619548801201E-01, -1.0
 8.772727272727275E-01,-2.869379958258755E-01,  1.0
 8.246117317926576E-01,-2.354545454545454E-01, -1.0
 8.572727272727275E-01,-2.572727272727272E-01,  1.0
 8.372727272727275E-01,-2.190909090909090E-01, -1.0
 8.342145734845440E-01,-1.734648786084742E-01,  1.0
 8.372727272727275E-01,-2.027272727272727E-01, -1.0
 8.172727272727275E-01,-1.610228727684363E-01,  1.0
 8.240989181082583E-01,-8.636363636363628E-02, -1.0
 8.172727272727275E-01,-1.281818181818181E-01,  1.0
 8.372727272727275E-01,-8.999999999999991E-02, -1.0
 8.572727272727275E-01,-1.118181818181817E-01,  1.0
 8.452713174510312E-01,-6.347387980672420E-02, -1.0
 7.972727272727275E-01,-3.545454545454536E-02,  1.0
 8.404917146785134E-01,-4.100407584898713E-03, -1.0
 7.972727272727275E-01, 3.031548451934154E-02,  1.0
 8.511689775219320E-01,-2.359666947158882E-03, -1.0
 7.972727272727275E-01, 1.727272727272738E-02,  1.0
 8.372727272727275E-01, 1.545454545454556E-02, -1.0
 8.172727272727275E-01, 5.363636363636375E-02,  1.0
 8.372727272727275E-01, 5.546192247637918E-02, -1.0
 8.372727272727275E-01, 1.073231347608809E-01,  1.0
 7.972727272727275E-01, 1.076902651113704E-01, -1.0
 8.372727272727275E-01, 1.663636363636365E-01,  1.0
 7.972727272727275E-01, 1.445454545454547E-01, -1.0
 8.372727272727275E-01, 1.827272727272729E-01,  1.0
 8.173468006064019E-01, 2.147858840691105E-01, -1.0
 8.213300970760623E-01, 2.590909090909093E-01,  1.0
 8.169128260690854E-01, 2.172727272727274E-01, -1.0
 8.150171708577401E-01, 2.754545454545456E-01,  1.0
 8.349399126145174E-01, 2.136363636363637E-01, -1.0
 7.972727272727275E-01, 2.731546539286680E-01,  1.0
 8.572727272727275E-01, 3.241546438677609E-01, -1.0
 8.019588311495986E-01, 2.881818181818183E-01,  1.0
 8.664368757607662E-01, 3.204746772712908E-01, -1.0
 8.572727272727275E-01, 3.654355743211053E-01,  1.0
 7.972727272727275E-01, 3.702053280966139E-01, -1.0
 8.372727272727275E-01, 4.209090909090911E-01,  1.0
 8.772727272727275E-01, 4.190909090909093E-01, -1.0
 8.172727272727275E-01, 4.372727272727274E-01,  1.0
 8.772727272727275E-01, 4.354545454545456E-01, -1.0
 8.304097172341411E-01, 4.536363636363638E-01,  1.0
 7.772727272727274E-01, 4.718181818181819E-01, -1.0
 8.391151684156160E-01, 5.100000000000002E-01,  1.0
 7.930757206314498E-01, 4.881818181818184E-01, -1.0
 8.356914247074819E-01, 5.713479945161891E-01,  1.0
 8.062264162127871E-01, 5.045454545454546E-01, -1.0
 8.372727272727275E-01, 5.627272727272729E-01,  1.0
 8.087759966923769E-01, 6.409090909090911E-01, -1.0
 7.972727272727275E-01, 5.590909090909092E-01,  1.0
 8.172727272727275E-01, 6.572727272727275E-01, -1.0
 8.614978613845505E-01, 6.154545454545456E-01,  1.0
 8.043935952105048E-01, 6.736363636363638E-01, -1.0
 8.020563346433002E-01, 6.918181818181820E-01,  1.0
 8.269314747270462E-01, 6.900000000000002E-01, -1.0
 8.253180356551395E-01, 7.481818181818184E-01,  1.0
 8.372727272727275E-01, 7.700682507745354E-01, -1.0
 8.372727272727275E-01, 7.445454545454547E-01,  1.0
 8.172727272727275E-01, 8.027272727272730E-01, -1.0
 8.292399864107471E-01, 7.432065045056808E-01,  1.0
 8.172727272727275E-01, 7.990909090909093E-01, -1.0
 8.572727272727275E-01, 8.572727272727275E-01,  1.0
 8.172727272727275E-01, 8.210329404320716E-01, -1.0
 7.772727272727274E-01, 8.442610756878343E-01,  1.0
 8.172727272727275E-01, 8.777580413446227E-01, -1.0
 8.772727272727275E-01, 9.232417815600483E-01,  1.0
 8.754545454545457E-01,-8.900000000000000E-01,  1.0
 8.731057158632776E-01,-8.518181818181818E-01, -1.0
 8.554545454545457E-01,-8.736363636363637E-01,  1.0
 8.554545454545457E-01,-8.554545454545455E-01, -1.0
 8.154545454545457E-01,-8.205123103411398E-01,  1.0
 8.754545454545457E-01,-8.162290111801775E-01, -1.0
 8.472340485085265E-01,-7.864994031419117E-01,  1.0
 8.354545454545457E-01,-7.427272727272727E-01, -1.0
 8.422811672516268E-01,-8.045454545454546E-01,  1.0
 8.154545454545457E-01,-7.415196802833616E-01, -1.0
 8.328335235841881E-01,-6.908810546149311E-01,  1.0
 8.754545454545457E-01,-7.100000000000000E-01, -1.0
 8.354545454545457E-01,-6.918181818181818E-01,  1.0
 8.954545454545457E-01,-6.536363636363636E-01, -1.0
 8.354545454545457E-01,-6.554545454545454E-01,  1.0
 8.754545454545457E-01,-5.972727272727272E-01, -1.0
 8.354545454545457E-01,-6.309778151058810E-01,  1.0
 8.554545454545457E-01,-5.609090909090909E-01, -1.0
 8.154545454545457E-01,-6.027272727272728E-01,  1.0
 8.449621294726181E-01,-5.419800221552749E-01, -1.0
 8.056003251097674E-01,-4.863636363636363E-01,  1.0
 8.366688779269820E-01,-5.281818181818182E-01, -1.0
 8.154545454545457E-01,-4.899999999999999E-01,  1.0
 8.386101006831155E-01,-5.318181818181817E-01, -1.0
 8.154545454545457E-01,-4.736363636363636E-01,  1.0
 8.406282739110753E-01,-4.490872869585840E-01, -1.0
 8.177767041913060E-01,-4.572727272727273E-01,  1.0
 8.098643793942908E-01,-4.190909090909091E-01, -1.0
 8.754545454545457E-01,-3.809090909090909E-01,  1.0
 8.154545454545457E-01,-3.427272727272727E-01, -1.0
 8.954545454545457E-01,-3.645454545454545E-01,  1.0
 8.354545454545457E-01,-3.299393694770555E-01, -1.0
 8.554545454545457E-01,-2.882366428110700E-01,  1.0
 8.322977772948241E-01,-3.300000000000000E-01, -1.0
 8.754545454545457E-01,-2.718181818181817E-01,  1.0
 8.142959927516240E-01,-2.736363636363636E-01, -1.0
 8.914207016882150E-01,-2.754545454545454E-01,  1.0
 8.354545454545457E-01,-2.201055739716627E-01, -1.0
 8.354545454545457E-01,-1.887063591273086E-01,  1.0
 8.194366432758878E-01,-2.184104929248738E-01, -1.0
 8.344994807164920E-01,-1.427272727272726E-01,  1.0
 8.507243146043443E-01,-1.645454545454545E-01, -1.0
 8.154545454545457E-01,-1.540613009839946E-01,  1.0
 8.354545454545457E-01,-8.818181818181811E-02, -1.0
 8.754545454545457E-01,-1.299999999999999E-01,  1.0
 8.354545454545457E-01,-8.363699609167040E-02, -1.0
 8.155506736009352E-01,-5.363636363636354E-02,  1.0
 8.354545454545457E-01,-5.545454545454536E-02, -1.0
 7.954545454545456E-01, 2.272727272727283E-02,  1.0
 8.359470301695296E-01,-5.780087534741266E-02, -1.0
 8.154545454545457E-01, 3.493195012899624E-02,  1.0
 8.354545454545457E-01, 2.597037722356200E-02, -1.0
 8.954545454545457E-01, 5.545454545454557E-02,  1.0
 8.444690462903310E-01, 3.827319413652568E-02, -1.0
 8.554545454545457E-01, 1.118181818181819E-01,  1.0
 8.354545454545457E-01, 7.000000000000013E-02, -1.0
 8.434175735378316E-01, 1.681818181818183E-01,  1.0
 7.961150511829153E-01, 1.263636363636365E-01, -1.0
 8.404587832463144E-01, 1.645454545454547E-01,  1.0
 7.954545454545456E-01, 1.227272727272728E-01, -1.0
 8.455626023540797E-01, 1.809090909090910E-01,  1.0
 8.354545454545457E-01, 2.120343316564661E-01, -1.0
 8.250138378545687E-01, 2.572727272727274E-01,  1.0
 8.954545454545457E-01, 2.914284628164988E-01, -1.0
 8.354545454545457E-01, 2.736363636363638E-01,  1.0
 8.754545454545457E-01, 2.718181818181820E-01, -1.0
 8.154545454545457E-01, 2.900000000000001E-01,  1.0
 8.754545454545457E-01, 2.936702018406462E-01, -1.0
 8.554545454545457E-01, 3.463636363636365E-01,  1.0
 8.154545454545457E-01, 3.645454545454547E-01, -1.0
 8.754545454545457E-01, 3.576555618665714E-01,  1.0
 8.154545454545457E-01, 3.809090909090911E-01, -1.0
 8.360757686860723E-01, 4.190909090909093E-01,  1.0
 8.681807235848320E-01, 4.084736953001990E-01, -1.0
 8.354545454545457E-01, 4.649406443549484E-01,  1.0
 8.596426003560128E-01, 4.336363636363638E-01, -1.0
 8.354545454545457E-01, 5.014864269935373E-01,  1.0
 8.754545454545457E-01, 5.300000000000002E-01, -1.0
 8.505341538812915E-01, 5.110166684809051E-01,  1.0
 8.954545454545457E-01, 5.297384158136172E-01, -1.0
 8.354545454545457E-01, 5.318105659731880E-01,  1.0
 8.154545454545457E-01, 6.227272727272729E-01, -1.0
 8.554545454545457E-01, 5.809090909090910E-01,  1.0
 8.354545454545457E-01, 6.590909090909093E-01, -1.0
 8.424247130603868E-01, 5.972727272727274E-01,  1.0
 8.246752031990219E-01, 6.801889486620463E-01, -1.0
 8.595770146257676E-01, 6.136363636363638E-01,  1.0
 8.288361143240188E-01, 6.718181818181820E-01, -1.0
 8.626950265271216E-01, 7.300000000000002E-01,  1.0
 8.238913200933405E-01, 6.881818181818183E-01, -1.0
 8.342480694378827E-01, 7.463636363636366E-01,  1.0
 8.354545454545457E-01, 7.845454545454548E-01, -1.0
 8.754545454545457E-01, 7.627272727272729E-01,  1.0
 8.354545454545457E-01, 8.009090909090911E-01, -1.0
 8.554545454545457E-01, 7.590909090909093E-01,  1.0
 8.354545454545457E-01, 8.136569309289785E-01, -1.0
 8.554545454545457E-01, 8.554545454545457E-01,  1.0
 8.354545454545457E-01, 8.336363636363638E-01, -1.0
 8.554545454545457E-01, 8.718181818181820E-01,  1.0
 8.154545454545457E-01, 8.900000000000002E-01, -1.0
 9.136363636363639E-01,-9.500000000000001E-01, -1.0
 8.736363636363639E-01,-8.918181818181818E-01,  1.0
 8.570516759524798E-01,-8.392503889400511E-01, -1.0
 8.936363636363639E-01,-8.374061701707278E-01,  1.0
 8.736363636363639E-01,-8.172727272727273E-01, -1.0
 8.336363636363638E-01,-8.590909090909091E-01,  1.0
 8.736363636363639E-01,-8.009090909090909E-01, -1.0
 8.763662391814995E-01,-7.604881362991088E-01,  1.0
 8.336363636363638E-01,-7.393093224039609E-01, -1.0
 8.791787986943391E-01,-7.663636363636364E-01,  1.0
 8.936363636363639E-01,-6.681818181818181E-01, -1.0
 8.307487228211951E-01,-6.699999999999999E-01,  1.0
 8.936363636363639E-01,-6.402180206941200E-01, -1.0
 8.336363636363638E-01,-6.736363636363636E-01,  1.0
 8.936363636363639E-01,-6.390160257123519E-01, -1.0
 8.336363636363638E-01,-6.572727272727272E-01,  1.0
 8.536363636363639E-01,-5.790909090909091E-01, -1.0
 8.424964077570865E-01,-6.409090909090910E-01,  1.0
 8.736363636363639E-01,-5.611301033535399E-01, -1.0
 8.936363636363639E-01,-5.697480844376005E-01,  1.0
 8.536363636363639E-01,-5.263636363636364E-01, -1.0
 9.029517229893258E-01,-5.081818181818182E-01,  1.0
 8.675982975885821E-01,-4.499999999999999E-01, -1.0
 9.136363636363639E-01,-5.049947281388136E-01,  1.0
 8.536363636363639E-01,-4.536363636363636E-01, -1.0
 8.136363636363638E-01,-4.754545454545455E-01,  1.0
 8.675903644452203E-01,-4.372727272727273E-01, -1.0
 8.936363636363639E-01,-3.790909090909090E-01,  1.0
 8.136363636363638E-01,-4.209090909090909E-01, -1.0
 8.936363636363639E-01,-3.624957027761636E-01,  1.0
 8.336363636363638E-01,-3.445454545454545E-01, -1.0
 8.736363636363639E-01,-2.863636363636363E-01,  1.0
 8.336363636363638E-01,-3.281818181818181E-01, -1.0
 8.936363636363639E-01,-2.899999999999999E-01,  1.0
 8.136363636363638E-01,-2.918181818181818E-01, -1.0
 9.030408910712877E-01,-2.736363636363636E-01,  1.0
 8.336363636363638E-01,-2.354545454545454E-01, -1.0
 9.136363636363639E-01,-2.235224819964387E-01,  1.0
 8.363523157817775E-01,-2.187833007680628E-01, -1.0
 8.936363636363639E-01,-1.609090909090908E-01,  1.0
 8.536363636363639E-01,-1.501824488361579E-01, -1.0
 8.936363636363639E-01,-1.708679590929370E-01,  1.0
 8.358107338327205E-01,-1.653475462519870E-01, -1.0
 8.876351074462251E-01,-1.281818181818181E-01,  1.0
 8.336363636363638E-01,-6.999999999999992E-02, -1.0
 8.736363636363639E-01,-1.118181818181817E-01,  1.0
 8.336363636363638E-01,-7.287538554788692E-02, -1.0
 8.936363636363639E-01,-1.545454545454535E-02,  1.0
 8.536363636363639E-01,-5.363840731105888E-02, -1.0
 8.736363636363639E-01,-1.909090909090898E-02,  1.0
 8.536363636363639E-01, 3.909090909090920E-02, -1.0
 8.936363636363639E-01,-2.727272727272616E-03,  1.0
 8.536363636363639E-01, 1.545454545454556E-02, -1.0
 8.536363636363639E-01, 1.136363636363637E-01,  1.0
 8.536363636363639E-01, 3.181818181818193E-02, -1.0
 8.671524880379542E-01, 1.196008857421784E-01,  1.0
 8.936363636363639E-01, 1.443549642230657E-01, -1.0
 8.536363636363639E-01, 1.701199029507267E-01,  1.0
 8.936363636363639E-01, 1.495044109697451E-01, -1.0
 8.427536410946463E-01, 1.666580141411671E-01,  1.0
 8.336363636363638E-01, 2.009090909090910E-01, -1.0
 8.736363636363639E-01, 2.190909090909092E-01,  1.0
 8.336363636363638E-01, 2.172727272727274E-01, -1.0
 8.336363636363638E-01, 2.754545454545456E-01,  1.0
 8.925981762318802E-01, 2.936363636363638E-01, -1.0
 8.162420089960658E-01, 2.734463591717112E-01,  1.0
 8.736363636363639E-01, 2.900000000000001E-01, -1.0
 8.336363636363638E-01, 2.921261635026867E-01,  1.0
 8.736363636363639E-01, 3.263636363636365E-01, -1.0
 8.641776731718995E-01, 3.645489370351665E-01,  1.0
 8.330973874338268E-01, 3.827272727272729E-01, -1.0
 8.536363636363639E-01, 3.984748994294614E-01,  1.0
 8.339479608017440E-01, 3.905464094703173E-01, -1.0
 8.336363636363638E-01, 4.772727272727275E-01,  1.0
 8.736363636363639E-01, 4.354545454545456E-01, -1.0
 8.436997760458290E-01, 5.042634949153908E-01,  1.0
 8.936363636363639E-01, 4.518181818181820E-01, -1.0
 8.336363636363638E-01, 4.937785633745425E-01,  1.0
 9.008011045222364E-01, 5.281818181818184E-01, -1.0
 8.336363636363638E-01, 5.463636363636366E-01,  1.0
 8.920543082247840E-01, 5.245454545454546E-01, -1.0
 8.536363636363639E-01, 5.630268501061791E-01,  1.0
 9.079994584225933E-01, 6.209090909090911E-01, -1.0
 8.536363636363639E-01, 5.790909090909092E-01,  1.0
 8.180158796418063E-01, 6.747218328271314E-01, -1.0
 8.558374756854245E-01, 5.954545454545456E-01,  1.0
 8.445554384060425E-01, 6.882203999828673E-01, -1.0
 8.647101255973845E-01, 6.318181818181819E-01,  1.0
 8.631933994679341E-01, 6.900000000000002E-01, -1.0
 8.838395931492045E-01, 7.481818181818184E-01,  1.0
 8.936363636363639E-01, 7.063636363636365E-01, -1.0
 8.827824024698042E-01, 7.645454545454548E-01,  1.0
 8.136363636363638E-01, 8.132852273522472E-01, -1.0
 9.136363636363639E-01, 7.809090909090911E-01,  1.0
 8.336363636363638E-01, 8.190909090909093E-01, -1.0
 8.736363636363639E-01, 8.572727272727275E-01,  1.0
 8.936363636363639E-01, 8.354545454545457E-01, -1.0
 8.590459594297833E-01, 8.566963197125845E-01,  1.0
 8.336363636363638E-01, 8.705036353152952E-01, -1.0
 8.936363636363639E-01, 9.200129553036659E-01,  1.0
 8.718181818181820E-01,-8.900000000000000E-01,  1.0
 9.318181818181821E-01,-8.918181818181818E-01, -1.0
 8.663681507457144E-01,-8.936363636363637E-01,  1.0
 8.918181818181821E-01,-8.154545454545454E-01, -1.0
 8.918181818181821E-01,-8.501247114674415E-01,  1.0
 8.918181818181821E-01,-8.190909090909091E-01, -1.0
 8.533423650848309E-01,-8.108781661121934E-01,  1.0
 9.118181818181821E-01,-8.027272727272727E-01, -1.0
 8.809527961825768E-01,-7.599198901763284E-01,  1.0
 9.318181818181821E-01,-7.383189925500472E-01, -1.0
 8.653444359219273E-01,-7.681818181818182E-01,  1.0
 8.918181818181821E-01,-6.499999999999999E-01, -1.0
 8.918181818181821E-01,-7.245451352912181E-01,  1.0
 8.933468622931827E-01,-6.536363636363636E-01, -1.0
 8.318181818181820E-01,-6.754545454545454E-01,  1.0
 8.918181818181821E-01,-6.379518999505714E-01, -1.0
 8.318181818181820E-01,-6.390909090909092E-01,  1.0
 8.604865240374849E-01,-5.609090909090909E-01, -1.0
 9.318181818181821E-01,-5.827272727272728E-01,  1.0
 8.518181818181820E-01,-5.445454545454546E-01, -1.0
 9.318181818181821E-01,-5.621949835204502E-01,  1.0
 8.518181818181820E-01,-5.426203415403702E-01, -1.0
 8.969271895856183E-01,-4.899999999999999E-01,  1.0
 8.602017086089385E-01,-4.518181818181817E-01, -1.0
 9.118181818181821E-01,-4.282018975835234E-01,  1.0
 8.518181818181820E-01,-4.448584424841101E-01, -1.0
 9.249177858100802E-01,-4.371742317213453E-01,  1.0
 8.349122233656346E-01,-4.400986568967964E-01, -1.0
 8.762127951773638E-01,-3.809090909090909E-01,  1.0
 9.180308946419253E-01,-4.027272727272727E-01, -1.0
 9.118181818181821E-01,-3.245454545454545E-01,  1.0
 8.518181818181820E-01,-3.263636363636363E-01, -1.0
 9.118181818181821E-01,-3.352512118091446E-01,  1.0
 8.518181818181820E-01,-3.300000000000000E-01, -1.0
 8.856448378058904E-01,-2.718181818181817E-01,  1.0
 8.718181818181820E-01,-2.336363636363635E-01, -1.0
 8.862585927326243E-01,-2.754545454545454E-01,  1.0
 8.518181818181820E-01,-2.172727272727272E-01, -1.0
 9.118181818181821E-01,-1.963813510333534E-01,  1.0
 8.518181818181820E-01,-2.209090909090909E-01, -1.0
 9.118181818181821E-01,-1.707306936142814E-01,  1.0
 8.518181818181820E-01,-1.645454545454545E-01, -1.0
 8.718181818181820E-01,-1.263636363636363E-01,  1.0
 9.318181818181821E-01,-9.587004527343253E-02, -1.0
 8.718181818181820E-01,-1.099999999999999E-01,  1.0
 9.118181818181821E-01,-9.181818181818172E-02, -1.0
 9.111892477336553E-01,-3.363636363636354E-02,  1.0
 8.518181818181820E-01,-5.545454545454536E-02, -1.0
 8.918181818181821E-01,-5.323008098287486E-04,  1.0
 8.518181818181820E-01, 2.090909090909102E-02, -1.0
 9.118181818181821E-01,-2.090909090909080E-02,  1.0
 8.515332562327901E-01, 2.956088726101119E-02, -1.0
 9.118181818181821E-01, 1.545454545454556E-02,  1.0
 8.755578993271217E-01, 7.917550517432054E-02, -1.0
 8.718181818181820E-01, 1.118181818181819E-01,  1.0
 8.518181818181820E-01, 5.000000000000013E-02, -1.0
 8.718181818181820E-01, 1.281818181818183E-01,  1.0
 9.118181818181821E-01, 1.463636363636365E-01, -1.0
 8.560734284842676E-01, 1.635320879193982E-01,  1.0
 8.518181818181820E-01, 2.160822562791188E-01, -1.0
 8.918181818181821E-01, 2.209090909090911E-01,  1.0
 8.918181818181821E-01, 1.790909090909092E-01, -1.0
 8.989461752393949E-01, 2.172727272727274E-01,  1.0
 8.918181818181821E-01, 2.754545454545456E-01, -1.0
 8.918181818181821E-01, 2.136363636363637E-01,  1.0
 8.918181818181821E-01, 2.918181818181820E-01, -1.0
 9.072871842079062E-01, 3.500000000000002E-01,  1.0
 8.918181818181821E-01, 3.081818181818183E-01, -1.0
 8.718181818181820E-01, 3.663636363636366E-01,  1.0
 8.945897548340320E-01, 3.245454545454547E-01, -1.0
 9.135206423605619E-01, 3.827272727272729E-01,  1.0
 9.012606302218619E-01, 4.409090909090911E-01, -1.0
 8.918181818181821E-01, 3.790909090909093E-01,  1.0
 9.118181818181821E-01, 4.372727272727274E-01, -1.0
 8.454738510380264E-01, 4.528601305467424E-01,  1.0
 9.118181818181821E-01, 4.536363636363638E-01, -1.0
 8.518181818181820E-01, 4.918181818181819E-01,  1.0
 9.071703473564789E-01, 4.500000000000002E-01, -1.0
 8.518181818181820E-01, 5.081818181818184E-01,  1.0
 9.310705463329079E-01, 5.395218106317023E-01, -1.0
 8.518181818181820E-01, 5.645454545454547E-01,  1.0
 8.918181818181821E-01, 5.427272727272728E-01, -1.0
 8.518181818181820E-01, 5.809090909090910E-01,  1.0
 9.087946038009440E-01, 6.390909090909093E-01, -1.0
 8.518181818181820E-01, 6.068616920754396E-01,  1.0
 9.299161746167880E-01, 6.271605947194869E-01, -1.0
 8.604101257562342E-01, 6.136363636363638E-01,  1.0
 9.118181818181821E-01, 7.071456375104868E-01, -1.0
 8.918181818181821E-01, 7.100000000000002E-01,  1.0
 8.591269259693890E-01, 6.929642403986983E-01, -1.0
 8.744590575108248E-01, 7.663636363636366E-01,  1.0
 9.243470238937131E-01, 7.054480681273992E-01, -1.0
 8.833322902599346E-01, 7.627272727272729E-01,  1.0
 9.196239071405947E-01, 7.535095682861813E-01, -1.0
 9.118181818181821E-01, 7.990909090909093E-01,  1.0
 8.918181818181821E-01, 8.372727272727275E-01, -1.0
 8.718181818181820E-01, 8.554545454545457E-01,  1.0
 8.918181818181821E-01, 8.408375365659423E-01, -1.0
 8.800567134422659E-01, 9.274071087597295E-01,  1.0
 8.318181818181820E-01, 8.742865555362398E-01, -1.0
 9.412942232328620E-01,-9.387402989324131E-01, -1.0
 8.645026396790554E-01,-8.824289196585146E-01,  1.0
 9.500000000000003E-01,-8.936363636363637E-01, -1.0
 8.900000000000002E-01,-8.509142854567947E-01,  1.0
 9.500000000000003E-01,-7.972727272727272E-01, -1.0
 8.800689298589388E-01,-8.390909090909091E-01,  1.0
 9.500000000000003E-01,-8.061953411869990E-01, -1.0
 8.781161277622695E-01,-7.521511274710139E-01,  1.0
 9.300000000000003E-01,-7.245454545454545E-01, -1.0
 8.784655866964517E-01,-7.463636363636363E-01,  1.0
 9.204017757714887E-01,-7.326997742732287E-01, -1.0
 8.900000000000002E-01,-7.244407644225415E-01,  1.0
 8.900000000000002E-01,-6.518181818181817E-01, -1.0
 9.271044943443931E-01,-7.136363636363636E-01,  1.0
 8.766649042961321E-01,-6.341086013144198E-01, -1.0
 9.208042717769200E-01,-5.866319203943995E-01,  1.0
 8.900000000000002E-01,-6.390909090909092E-01, -1.0
 9.133532177608530E-01,-6.009090909090909E-01,  1.0
 8.700000000000002E-01,-5.427272727272727E-01, -1.0
 9.500000000000003E-01,-5.445454545454546E-01,  1.0
 8.700000000000002E-01,-5.406487420958791E-01, -1.0
 9.500000000000003E-01,-4.964576040197911E-01,  1.0
 8.573708136064655E-01,-4.551532078956118E-01, -1.0
 9.500000000000003E-01,-5.026156698222092E-01,  1.0
 8.700000000000002E-01,-4.680956321261907E-01, -1.0
 9.100000000000003E-01,-4.192931013284739E-01,  1.0
 8.500000000000002E-01,-4.372727272727273E-01, -1.0
 8.900000000000002E-01,-3.790909090909090E-01,  1.0
 9.258360883531684E-01,-4.009090909090909E-01, -1.0
 9.244414929313186E-01,-3.234852588260377E-01,  1.0
 9.300000000000003E-01,-3.845454545454545E-01, -1.0
 9.100000000000003E-01,-3.263636363636363E-01,  1.0
 8.904465560917947E-01,-3.081818181818181E-01, -1.0
 9.451242274411843E-01,-2.699999999999999E-01,  1.0
 9.027487581975057E-01,-2.945690974159390E-01, -1.0
 9.300000000000003E-01,-2.843123198077211E-01,  1.0
 8.900000000000002E-01,-2.354545454545454E-01, -1.0
 9.264831637535487E-01,-1.972727272727272E-01,  1.0
 8.500000000000002E-01,-2.190909090909090E-01, -1.0
 8.939821234794990E-01,-1.526357115362765E-01,  1.0
 9.500000000000003E-01,-1.676137824754240E-01, -1.0
 9.073061364567496E-01,-1.645454545454545E-01,  1.0
 9.244389521371433E-01,-1.063636363636363E-01, -1.0
 9.100000000000003E-01,-1.681818181818181E-01,  1.0
 9.106149775496778E-01,-8.999999999999991E-02, -1.0
 8.900000000000002E-01,-9.511148355792715E-02,  1.0
 9.274858566406742E-01,-7.363636363636354E-02, -1.0
 9.100000000000003E-01,-1.545454545454535E-02,  1.0
 8.524749666745307E-01,-5.626601642369976E-02, -1.0
 9.006387981683803E-01,-1.909090909090898E-02,  1.0
 9.300000000000003E-01, 4.981876138092309E-02, -1.0
 9.100000000000003E-01,-2.727272727272623E-03,  1.0
 9.100000000000003E-01, 7.545454545454557E-02, -1.0
 9.049651648461381E-01, 1.363636363636375E-02,  1.0
 9.213721906346177E-01, 7.181818181818193E-02, -1.0
 8.700000000000002E-01, 1.100000000000001E-01,  1.0
 9.420858353898790E-01, 9.414169597511644E-02, -1.0
 9.436053544006293E-01, 1.331188693210176E-01,  1.0
 9.197872955993291E-01, 1.411421769700374E-01, -1.0
 8.798234196622959E-01, 2.041655673629716E-01,  1.0
 9.500000000000003E-01, 1.609090909090910E-01, -1.0
 8.900000000000002E-01, 2.190909090909092E-01,  1.0
 9.500000000000003E-01, 1.772727272727274E-01, -1.0
 9.037315698285611E-01, 2.154545454545456E-01,  1.0
 8.835307241314168E-01, 2.936363636363638E-01, -1.0
 9.100000000000003E-01, 2.318181818181819E-01,  1.0
 8.900000000000002E-01, 2.900000000000001E-01, -1.0
 9.231462294506916E-01, 3.481818181818184E-01,  1.0
 8.900000000000002E-01, 3.137702988760823E-01, -1.0
 9.100000000000003E-01, 3.845454545454547E-01,  1.0
 8.790298136946642E-01, 3.234935734241437E-01, -1.0
 9.300000000000003E-01, 3.809090909090911E-01,  1.0
 9.100000000000003E-01, 4.190909090909093E-01, -1.0
 9.252559436935185E-01, 3.772727272727274E-01,  1.0
 9.100000000000003E-01, 4.354545454545456E-01, -1.0
 9.343971703888271E-01, 5.136363636363638E-01,  1.0
 9.100000000000003E-01, 4.518181818181820E-01, -1.0
 8.500000000000002E-01, 5.043459695268089E-01,  1.0
 9.231087740440160E-01, 5.265876801324186E-01, -1.0
 9.039445519486500E-01, 5.863636363636366E-01,  1.0
 9.100000000000003E-01, 5.245454545454546E-01, -1.0
 8.700000000000002E-01, 5.843448626073309E-01,  1.0
 9.253799448994122E-01, 6.209090909090911E-01, -1.0
 8.900000000000002E-01, 5.790909090909092E-01,  1.0
 9.300000000000003E-01, 6.357016838388556E-01, -1.0
 8.700000000000002E-01, 6.406480109613527E-01,  1.0
 9.197207772935528E-01, 6.936363636363638E-01, -1.0
 8.900000000000002E-01, 7.145351928791470E-01,  1.0
 9.300000000000003E-01, 6.900000000000002E-01, -1.0
 8.918714842176705E-01, 6.881818181818183E-01,  1.0
 9.300000000000003E-01, 7.063636363636365E-01, -1.0
 8.900000000000002E-01, 7.645454545454548E-01,  1.0
 9.300000000000003E-01, 7.227272727272729E-01, -1.0
 9.100000000000003E-01, 7.828918262244171E-01,  1.0
 9.100000000000003E-01, 8.190909090909093E-01, -1.0
 9.100000000000003E-01, 7.972727272727275E-01,  1.0
 9.100000000000003E-01, 8.554545454545457E-01, -1.0
 8.979204824379932E-01, 9.136363636363639E-01,  1.0
 9.047224331842200E-01, 8.521465021643032E-01, -1.0
 8.900000000000002E-01, 9.100000000000003E-01,  1.0
